"Downloaded on",10/08/2025,"19:21:56 EDT"
"Search URL",https://www.congress.gov/search?q=%7B%22source%22%3A%22congrecord%22%2C%22search%22%3A%22homeless%22%7D

Title,URL,"Issue Date",Section,Volume,Number,Page
"HOMELESS WOMEN VETERANS AND HOMELESS VETERANS WITH CHILDREN ACT; Congressional Record Vol. 156, No. 94",https://www.congress.gov/congressional-record/volume-156/issue-94/senate-section/article/S5230-1,06/22/2010,,156,94,S5230
"HOMELESS VETERANS",https://www.congress.gov/congressional-record/volume-144/issue-21/house-section/article/H883-3,03/05/1998,,144,21,H883
"BRINGING ATTENTION TO HUNGER AND HOMELESSNESS DURING NATIONAL HUNGER AND HOMELESSNESS WEEK; Congressional Record Vol. 165, No. 186",https://www.congress.gov/congressional-record/volume-165/issue-186/house-section/article/H9068-1,11/20/2019,,165,186,H9068
"PROTECT VOTING RIGHTS FOR THE HOMELESS; THE VOTING RIGHTS OF HOMELESS CITIZENS ACT OF 1997; Congressional Record Vol. 143, No. 1",https://www.congress.gov/congressional-record/volume-143/issue-1/extensions-of-remarks-section/article/E37-3,01/07/1997,,143,1,E37
"INTRODUCTION OF H.R. 293, THE HOMELESS WOMEN VETERAN AND HOMELESS VETERANS WITH CHILDREN REINTEGRATION GRANT PROGRAM ACT OF 2009; Congressional Record Vol. 155, No. 3",https://www.congress.gov/congressional-record/volume-155/issue-3/extensions-of-remarks-section/article/E41-4,01/08/2009,,155,3,E41
"HOMELESS VETERANS; Congressional Record Vol. 152, No. 114",https://www.congress.gov/congressional-record/volume-152/issue-114/extensions-of-remarks-section/article/E1722-5,09/14/2006,,152,114,E1722
"ADDRESSING HOMELESSNESS; Congressional Record Vol. 143, No. 74",https://www.congress.gov/congressional-record/volume-143/issue-74/extensions-of-remarks-section/article/E1098-2,06/03/1997,,143,74,E1098
"END VETERAN HOMELESSNESS; Congressional Record Vol. 157, No. 43",https://www.congress.gov/congressional-record/volume-157/issue-43/extensions-of-remarks-section/article/E543-4,03/29/2011,,157,43,E543
"HOMELESS VETERAN FAMILIES ACT; Congressional Record Vol. 165, No. 162",https://www.congress.gov/congressional-record/volume-165/issue-162/house-section/article/H8135-1,10/15/2019,,165,162,H8135
"HOMELESS VETERANS EXPANSION ACT; Congressional Record Vol. 159, No. 157",https://www.congress.gov/congressional-record/volume-159/issue-157/senate-section/article/S7886-2,11/06/2013,,159,157,S7886
"HELP FOR HOMELESS VETERANS; Congressional Record Vol. 145, No. 57",https://www.congress.gov/congressional-record/volume-145/issue-57/extensions-of-remarks-section/article/E765-4,04/26/1999,,145,57,E765
"HOMELESSNESS AND HOUSING INSECURITY; Congressional Record Vol. 165, No. 29",https://www.congress.gov/congressional-record/volume-165/issue-29/extensions-of-remarks-section/article/E184-5,02/14/2019,,165,29,E184
"HOMELESSNESS; Congressional Record Vol. 163, No. 122",https://www.congress.gov/congressional-record/volume-163/issue-122/house-section/article/H6027-3,07/19/2017,,163,122,H6027
"HOMELESSNESS AND POVERTY; Congressional Record Vol. 153, No. 166",https://www.congress.gov/congressional-record/volume-153/issue-166/house-section/article/H12160-2,10/30/2007,,153,166,H12160
"FIGHTING YOUTH HOMELESSNESS; Congressional Record Vol. 161, No. 13",https://www.congress.gov/congressional-record/volume-161/issue-13/house-section/article/H621-3,01/27/2015,,161,13,H621
"THE HOMELESS MIDDLE CLASS; Congressional Record Vol. 160, No. 33",https://www.congress.gov/congressional-record/volume-160/issue-33/house-section/article/H2007-2,02/27/2014,,160,33,H2007
"HOMELESSNESS AMONG OUR VETERANS; Congressional Record Vol. 157, No. 167",https://www.congress.gov/congressional-record/volume-157/issue-167/house-section/article/H7268-1,11/03/2011,,157,167,H7268
"HOMELESS ASSISTANCE ACT OF 2019; Congressional Record Vol. 166, No. 7",https://www.congress.gov/congressional-record/volume-166/issue-7/house-section/article/H186-1,01/13/2020,,166,7,H186
"NATIONAL HOMELESS YOUTH AWARENESS MONTH; Congressional Record Vol. 153, No. 110",https://www.congress.gov/congressional-record/volume-153/issue-110/house-section/article/H7566-1,07/11/2007,,153,110,H7566
"RUNAWAY AND HOMELESS PROTECTION ACT; Congressional Record Vol. 154, No. 153",https://www.congress.gov/congressional-record/volume-154/issue-153/senate-section/article/S9548-1,09/25/2008,,154,153,S9548
"IMPROVING SERVICES FOR HOMELESS VETERANS; Congressional Record Vol. 152, No. 81",https://www.congress.gov/congressional-record/volume-152/issue-81/senate-section/article/S6275-2,06/21/2006,,152,81,S6275
"HOMELESS VETERANS ASSISTANCE ACT; Congressional Record Vol. 143, No. 80",https://www.congress.gov/congressional-record/volume-143/issue-80/house-section/article/H3583-1,06/10/1997,,143,80,H3583
"HOMES FOR HOMELESS VETERANS; Congressional Record Vol. 169, No. 20",https://www.congress.gov/congressional-record/volume-169/issue-20/house-section/article/H557-2,01/31/2023,,169,20,H557
"SUPPORTING HOMELESS CHILDREN AND YOUTH; Congressional Record Vol. 170, No. 150",https://www.congress.gov/congressional-record/volume-170/issue-150/senate-section/article/S6419-1,09/25/2024,,170,150,S6419
"CLOTHE A HOMELESS HERO ACT; Congressional Record Vol. 158, No. 170",https://www.congress.gov/congressional-record/volume-158/issue-170/house-section/article/H7446-1,12/30/2012,,158,170,H7446
"NATIONAL HOMELESS YOUTH AWARENESS MONTH; Congressional Record Vol. 154, No. 155",https://www.congress.gov/congressional-record/volume-154/issue-155/senate-section/article/S10020-6,09/27/2008,,154,155,S10020
"McKINNEY-VENTO HOMELESS ASSISTANCE ACT; Congressional Record Vol. 146, No. 126",https://www.congress.gov/congressional-record/volume-146/issue-126/house-section/article/H9796-3,10/11/2000,,146,126,H9796
"HOMELESS IN THE HEART; Congressional Record Vol. 143, No. 4",https://www.congress.gov/congressional-record/volume-143/issue-4/extensions-of-remarks-section/article/E111-4,01/21/1997,,143,4,E111
"McKINNEY-VENTO HOMELESS ASSISTANCE ACT; Congressional Record Vol. 163, No. 123",https://www.congress.gov/congressional-record/volume-163/issue-123/senate-section/article/S4108-3,07/20/2017,,163,123,S4108
"HELP FOR HOMELESS YOUTH; Congressional Record Vol. 170, No. 37",https://www.congress.gov/congressional-record/volume-170/issue-37/house-section/article/H755-3,02/29/2024,,170,37,H755
"SUPPORTING NATIONAL HOMELESS PERSONS' MEMORIAL DAY; Congressional Record Vol. 156, No. 154",https://www.congress.gov/congressional-record/volume-156/issue-154/house-section/article/H7728-1,11/30/2010,,156,154,H7728
"HOMELESS ASSISTANCE ACT OF 2019; Congressional Record Vol. 166, No. 8",https://www.congress.gov/congressional-record/volume-166/issue-8/extensions-of-remarks-section/article/E37-2,01/14/2020,,166,8,E37
"CLOTHE A HOMELESS HERO ACT; Congressional Record Vol. 158, No. 149",https://www.congress.gov/congressional-record/volume-158/issue-149/house-section/article/H6440-1,11/27/2012,,158,149,H6440
"NATIONAL HOMELESS YOUTH AWARENESS MONTH; Congressional Record Vol. 153, No. 114",https://www.congress.gov/congressional-record/volume-153/issue-114/extensions-of-remarks-section/article/E1537-2,07/17/2007,,153,114,E1537
"LEGAL SERVICES FOR HOMELESS VETERANS ACT; Congressional Record Vol. 166, No. 37",https://www.congress.gov/congressional-record/volume-166/issue-37/house-section/article/H1176-1,02/25/2020,,166,37,H1176
"CLOTHE A HOMELESS HERO ACT; Congressional Record Vol. 158, No. 151",https://www.congress.gov/congressional-record/volume-158/issue-151/extensions-of-remarks-section/article/E1834-1,11/29/2012,,158,151,E1834
"MAKING HOMELESSNESS A NATIONAL PRIORITY; Congressional Record Vol. 171, No. 153",https://www.congress.gov/congressional-record/volume-171/issue-153/house-section/article/H4423-4,09/18/2025,,171,153,H4423
"HOMELESS VETERANS WITH CHILDREN REINTEGRATION ACT; Congressional Record Vol. 167, No. 85",https://www.congress.gov/congressional-record/volume-167/issue-85/house-section/article/H2364-1,05/17/2021,,167,85,H2364
"HOMELESS VETERANS ASSISTANCE ACT OF 2004; Congressional Record Vol. 150, No. 125",https://www.congress.gov/congressional-record/volume-150/issue-125/house-section/article/H8382-1,10/06/2004,,150,125,H8382
"RECONNECTING HOMELESS YOUTH ACT OF 2008; Congressional Record Vol. 154, No. 94",https://www.congress.gov/congressional-record/volume-154/issue-94/house-section/article/H5069-1,06/09/2008,,154,94,H5069
"THE STATE OF HOMELESSNESS IN AMERICA; Congressional Record Vol. 162, No. 79",https://www.congress.gov/congressional-record/volume-162/issue-79/house-section/article/H2707-1,05/18/2016,,162,79,H2707
"ZERO TOLERANCE FOR VETERANS HOMELESSNESS ACT; Congressional Record Vol. 155, No. 118",https://www.congress.gov/congressional-record/volume-155/issue-118/senate-section/article/S8628-2,07/31/2009,,155,118,S8628
"HOMELESS VETERANS ASSISTANCE ACT OF 2001; Congressional Record Vol. 147, No. 112",https://www.congress.gov/congressional-record/volume-147/issue-112/extensions-of-remarks-section/article/E1519-1,08/03/2001,,147,112,E1519
"END VETERAN HOMELESSNESS ACT OF 2010; Congressional Record Vol. 156, No. 44",https://www.congress.gov/congressional-record/volume-156/issue-44/house-section/article/H2178-3,03/22/2010,,156,44,H2178
"TRIBAL ACCESS TO HOMELESS ASSISTANCE ACT; Congressional Record Vol. 165, No. 184",https://www.congress.gov/congressional-record/volume-165/issue-184/house-section/article/H8926-1,11/18/2019,,165,184,H8926
"END VETERAN HOMELESSNESS ACT OF 2010; Congressional Record Vol. 156, No. 45",https://www.congress.gov/congressional-record/volume-156/issue-45/extensions-of-remarks-section/article/E452-2,03/23/2010,,156,45,E452
"STEWART B. McKINNEY HOMELESS ASSISTANCE ACT; Congressional Record Vol. 146, No. 128",https://www.congress.gov/congressional-record/volume-146/issue-128/senate-section/article/S10545-1,10/13/2000,,146,128,S10545
"RECONNECTING HOMELESS YOUTH ACT OF 2008; Congressional Record Vol. 154, No. 154",https://www.congress.gov/congressional-record/volume-154/issue-154/house-section/article/H10113-1,09/26/2008,,154,154,H10113
"HOMELESS ASSISTANCE CONSOLIDATION ACT OF 2006; Congressional Record Vol. 152, No. 37",https://www.congress.gov/congressional-record/volume-152/issue-37/extensions-of-remarks-section/article/E458-1,03/29/2006,,152,37,E458
"THE STATE OF HOMELESSNESS IN AMERICA; Congressional Record Vol. 162, No. 91",https://www.congress.gov/congressional-record/volume-162/issue-91/house-section/article/H3572-1,06/09/2016,,162,91,H3572
"RECOGNIZING NATIONAL HOMELESS PERSONS' MEMORIAL DAY; Congressional Record Vol. 157, No. 196",https://www.congress.gov/congressional-record/volume-157/issue-196/extensions-of-remarks-section/article/E2316-3,12/19/2011,,157,196,E2316
"HEATHER FRENCH HENRY HOMELESS VETERANS ASSISTANCE ACT; Congressional Record Vol. 147, No. 158",https://www.congress.gov/congressional-record/volume-147/issue-158/senate-section/article/S11917-1,11/15/2001,,147,158,S11917
"TRANSITIONAL HOUSING PROGRAM FOR HOMELESS VETERANS; Congressional Record Vol. 149, No. 32",https://www.congress.gov/congressional-record/volume-149/issue-32/extensions-of-remarks-section/article/E314-5,02/27/2003,,149,32,E314
"SHELTER HOUSING FOR THE HOMELESS; Congressional Record Vol. 159, No. 113",https://www.congress.gov/congressional-record/volume-159/issue-113/house-section/article/H5274-4,08/01/2013,,159,113,H5274
"HOMELESS VETERANS COMPREHENSIVE ASSISTANCE ACT OF 2001; Congressional Record Vol. 147, No. 171",https://www.congress.gov/congressional-record/volume-147/issue-171/house-section/article/H9112-1,12/11/2001,,147,171,H9112
"HOMELESS HOUSING PROGRAMS CONSOLIDATION AND FLEXIBILITY ACT; Congressional Record Vol. 144, No. 19",https://www.congress.gov/congressional-record/volume-144/issue-19/house-section/article/H703-5,03/03/1998,,144,19,H703
"NATIONAL HOMELESSNESS AND HUNGER AWARENESS WEEK; Congressional Record Vol. 159, No. 167",https://www.congress.gov/congressional-record/volume-159/issue-167/senate-section/article/S8448-2,11/21/2013,,159,167,S8448
"McKINNEY EDUCATION FOR HOMELESS CHILDREN AND YOUTH; Congressional Record Vol. 141, No. 82",https://www.congress.gov/congressional-record/volume-141/issue-82/extensions-of-remarks-section/article/E1066-1,05/17/1995,,141,82,E1066
"ROBERT STODOLA HOMELESS ASSISTANCE ACT; Congressional Record Vol. 143, No. 128",https://www.congress.gov/congressional-record/volume-143/issue-128/house-section/article/H7613-6,09/23/1997,,143,128,H7613
"RUNAWAY, HOMELESS, AND MISSING CHILDREN PROTECTION ACT; Congressional Record Vol. 149, No. 134",https://www.congress.gov/congressional-record/volume-149/issue-134/senate-section/article/S12099-1,09/26/2003,,149,134,S12099
"RUNAWAY, HOMELESS, AND MISSING CHILDREN PROTECTION ACT; Congressional Record Vol. 149, No. 75",https://www.congress.gov/congressional-record/volume-149/issue-75/house-section/article/H4266-1,05/20/2003,,149,75,H4266
"HOMELESS VETERANS COMPREHENSIVE ASSISTANCE ACT OF 2001; Congressional Record Vol. 147, No. 168",https://www.congress.gov/congressional-record/volume-147/issue-168/senate-section/article/S12578-2,12/06/2001,,147,168,S12578
"RECONNECTING HOMELESS YOUTH ACT OF 2008; Congressional Record Vol. 154, No. 43",https://www.congress.gov/congressional-record/volume-154/issue-43/extensions-of-remarks-section/article/E384-1,03/13/2008,,154,43,E384
"HOMELESS VETERANS SERVICES PROTECTION ACT OF 2015; Congressional Record Vol. 161, No. 160",https://www.congress.gov/congressional-record/volume-161/issue-160/senate-section/article/S7621-1,10/29/2015,,161,160,S7621
"NATIONAL COALITION FOR THE HOMELESS 30TH ANNIVERSARY; Congressional Record Vol. 159, No. 52",https://www.congress.gov/congressional-record/volume-159/issue-52/senate-section/article/S2745-1,04/17/2013,,159,52,S2745
"CLEVELAND HOMELESS PROJECT LOSES FUNDS FROM HUD; Congressional Record Vol. 145, No. 24",https://www.congress.gov/congressional-record/volume-145/issue-24/extensions-of-remarks-section/article/E197-3,02/10/1999,,145,24,E197
"NATIONAL HUNGER AND HOMELESS AWARENESS WEEK; Congressional Record Vol. 150, No. 133",https://www.congress.gov/congressional-record/volume-150/issue-133/extensions-of-remarks-section/article/E2038-2,11/18/2004,,150,133,E2038
"SERVICES FOR ENDING LONG-TERM HOMELESSNESS ACT; Congressional Record Vol. 151, No. 39",https://www.congress.gov/congressional-record/volume-151/issue-39/extensions-of-remarks-section/article/E583-2,04/07/2005,,151,39,E583
"EFFORTS TO ASSIST THE HOMELESS AND HUNGRY; Congressional Record Vol. 147, No. 97",https://www.congress.gov/congressional-record/volume-147/issue-97/extensions-of-remarks-section/article/E1326-3,07/12/2001,,147,97,E1326
"SERVICES FOR ENDING LONG-TERM HOMELESSNESS ACT; Congressional Record Vol. 155, No. 135",https://www.congress.gov/congressional-record/volume-155/issue-135/extensions-of-remarks-section/article/E2338-3,09/23/2009,,155,135,E2338
"VETERAN HOMELESSNESS IS UNACCEPTABLE; Congressional Record Vol. 170, No. 171",https://www.congress.gov/congressional-record/volume-170/issue-171/house-section/article/H6098-5,11/19/2024,,170,171,H6098
"HOMELESS DUE TO MEDICAL BILLS; Congressional Record Vol. 157, No. 7",https://www.congress.gov/congressional-record/volume-157/issue-7/house-section/article/H323-5,01/19/2011,,157,7,H323
"PERMANENT HOUSING HOMELESS PREVENTION GRANT RENEWAL ACT; Congressional Record Vol. 147, No. 28",https://www.congress.gov/congressional-record/volume-147/issue-28/extensions-of-remarks-section/article/E291-2,03/06/2001,,147,28,E291
"END VETERAN HOMELESSNESS ACT OF 2010; Congressional Record Vol. 156, No. 45",https://www.congress.gov/congressional-record/volume-156/issue-45/extensions-of-remarks-section/article/E456-1,03/23/2010,,156,45,E456
"EXPAND THE DEFINITION OF HOMELESS FOR VETERANS; Congressional Record Vol. 161, No. 16",https://www.congress.gov/congressional-record/volume-161/issue-16/extensions-of-remarks-section/article/E139-4,01/30/2015,,161,16,E139
"HOMELESS VETERANS ASSISTANCE REAUTHORIZATION ACT OF 2004; Congressional Record Vol. 150, No. 57",https://www.congress.gov/congressional-record/volume-150/issue-57/extensions-of-remarks-section/article/E706-2,04/29/2004,,150,57,E706
"HOMELESS VETERANS REINTEGRATION PROGRAM REAUTHORIZATION ACT OF 2009; Congressional Record Vol. 155, No. 53",https://www.congress.gov/congressional-record/volume-155/issue-53/house-section/article/H4067-7,03/30/2009,,155,53,H4067
"HOMELESS VETERANS' REINTEGRATION PROGRAMS REAUTHORIZATION ACT OF 2018; Congressional Record Vol. 164, No. 83",https://www.congress.gov/congressional-record/volume-164/issue-83/house-section/article/H4263-2,05/21/2018,,164,83,H4263
"HOMELESS VETERANS COMPREHENSIVE ASSISTANCE ACT OF 2001; Congressional Record Vol. 147, No. 173",https://www.congress.gov/congressional-record/volume-147/issue-173/extensions-of-remarks-section/article/E2283-2,12/13/2001,,147,173,E2283
"HOUSING FOR HOMELESS STUDENTS ACT; Congressional Record Vol. 162, No. 80",https://www.congress.gov/congressional-record/volume-162/issue-80/extensions-of-remarks-section/article/E747-3,05/19/2016,,162,80,E747
"SERVICES FOR ENDING LONG-TERM HOMELESSNESS ACT; Congressional Record Vol. 152, No. 103",https://www.congress.gov/congressional-record/volume-152/issue-103/senate-section/article/S8445-1,07/31/2006,,152,103,S8445
"HOMELESS VETERANS REINTEGRATION PROGRAM REAUTHORIZATION ACT OF 2009; Congressional Record Vol. 155, No. 54",https://www.congress.gov/congressional-record/volume-155/issue-54/extensions-of-remarks-section/article/E829-3,03/31/2009,,155,54,E829
"RUNAWAY AND HOMELESS YOUTH AND TRAFFICKING PREVENTION ACT; Congressional Record Vol. 164, No. 48",https://www.congress.gov/congressional-record/volume-164/issue-48/senate-section/article/S1834-3,03/20/2018,,164,48,S1834
"RUNAWAY, HOMELESS, AND MISSING CHILDREN PROTECTION ACT; Congressional Record Vol. 149, No. 136",https://www.congress.gov/congressional-record/volume-149/issue-136/senate-section/article/S12206-1,09/30/2003,,149,136,S12206
"THE PRESIDENT'S VOW: ENDING VETERANS HOMELESSNESS BY 2015; Congressional Record Vol. 161, No. 171",https://www.congress.gov/congressional-record/volume-161/issue-171/extensions-of-remarks-section/article/E1665-1,11/19/2015,,161,171,E1665
"TO EXPAND THE DEFINITION OF HOMELESS FOR VETERANS; Congressional Record Vol. 158, No. 51",https://www.congress.gov/congressional-record/volume-158/issue-51/extensions-of-remarks-section/article/E478-5,03/28/2012,,158,51,E478
"NEW HAMPSHIRE DAY TO END CHILDHOOD HOMELESSNESS; Congressional Record Vol. 160, No. 122",https://www.congress.gov/congressional-record/volume-160/issue-122/senate-section/article/S5309-3,07/31/2014,,160,122,S5309
"INTRODUCTION OF THE HOMELESSNESS ASSISTANCE FUNDING FAIRNESS ACT; Congressional Record Vol. 145, No. 60",https://www.congress.gov/congressional-record/volume-145/issue-60/extensions-of-remarks-section/article/E820-4,04/29/1999,,145,60,E820
"HOMELESS VETERANS' REINTEGRATION PROGRAMS REAUTHORIZATION ACT OF 2015; Congressional Record Vol. 161, No. 76",https://www.congress.gov/congressional-record/volume-161/issue-76/house-section/article/H3258-8,05/18/2015,,161,76,H3258
"HONORING EFFORTS TO END HOMELESSNESS IN HUDSON COUNTY; Congressional Record Vol. 155, No. 93",https://www.congress.gov/congressional-record/volume-155/issue-93/extensions-of-remarks-section/article/E1505-4,06/19/2009,,155,93,E1505
"RUNAWAY AND HOMELESS YOUTH AND TRAFFICKING PREVENTION ACT; Congressional Record Vol. 160, No. 138",https://www.congress.gov/congressional-record/volume-160/issue-138/senate-section/article/S5981-2,11/13/2014,,160,138,S5981
"A TRIBUTE TO THE CATHEDRAL SQUARE HOMELESS PROGRAM; Congressional Record Vol. 153, No. 184",https://www.congress.gov/congressional-record/volume-153/issue-184/extensions-of-remarks-section/article/E2465-1,12/04/2007,,153,184,E2465
"CELEBRATING THE 30TH ANNIVERSARY OF HOMELESS SOLUTIONS, INC.; Congressional Record Vol. 160, No. 49",https://www.congress.gov/congressional-record/volume-160/issue-49/extensions-of-remarks-section/article/E458-1,03/27/2014,,160,49,E458
"INTRODUCTION OF THE HOMELESS VETERANS ASSISTANCE ACT OF 2006; Congressional Record Vol. 152, No. 102",https://www.congress.gov/congressional-record/volume-152/issue-102/extensions-of-remarks-section/article/E1606-3,07/28/2006,,152,102,E1606
"THE HOMELESS AND COMMUNITY COOPERATION ACT OF 1995; Congressional Record Vol. 141, No. 88",https://www.congress.gov/congressional-record/volume-141/issue-88/extensions-of-remarks-section/article/E1130-2,05/25/1995,,141,88,E1130
"RECOGNIZING TINY HOUSE PROJECT FOR HOMELESS VETERANS; Congressional Record Vol. 166, No. 4",https://www.congress.gov/congressional-record/volume-166/issue-4/house-section/article/H52-4,01/08/2020,,166,4,H52
"HOMELESS EMERGENCY ASSISTANCE AND RAPID TRANSITION TO HOUSING ACT; Congressional Record Vol. 155, No. 57",https://www.congress.gov/congressional-record/volume-155/issue-57/senate-section/article/S4437-3,04/20/2009,,155,57,S4437
"NATIONAL HOMELESS YOUTH AWARENESS MONTH; Congressional Record Vol. 153, No. 110",https://www.congress.gov/congressional-record/volume-153/issue-110/senate-section/article/S9057-2,07/11/2007,,153,110,S9057
"STUART COLLICK--HEATHER FRENCH HENRY HOMELESS VETERANS ASSISTANCE ACT; Congressional Record Vol. 147, No. 139",https://www.congress.gov/congressional-record/volume-147/issue-139/house-section/article/H6814-1,10/16/2001,,147,139,H6814
"RENEWAL FUNDING FOR HOMELESS RENTAL ASSISTANCE GRANTS; Congressional Record Vol. 146, No. 94",https://www.congress.gov/congressional-record/volume-146/issue-94/extensions-of-remarks-section/article/E1281-1,07/19/2000,,146,94,E1281
"RECOGNIZING ``NATIONAL HOMELESS YOUTH AWARENESS MONTH''; Congressional Record Vol. 153, No. 107",https://www.congress.gov/congressional-record/volume-153/issue-107/extensions-of-remarks-section/article/E1464-3,06/29/2007,,153,107,E1464
"RUNAWAY AND HOMELESS YOUTH REAUTHORIZATION ACT; Congressional Record Vol. 142, No. 28",https://www.congress.gov/congressional-record/volume-142/issue-28/senate-section/article/S1531-3,03/05/1996,,142,28,S1531
"RECOGNIZING HENNEPIN COUNTY EFFECTIVELY ENDING VETERAN HOMELESSNESS; Congressional Record Vol. 171, No. 12",https://www.congress.gov/congressional-record/volume-171/issue-12/extensions-of-remarks-section/article/E54-4,01/21/2025,,171,12,E54
"REINTRODUCING THE SERVICES FOR ENDING LONG-TERM HOMELESSNESS ACT; Congressional Record Vol. 161, No. 37",https://www.congress.gov/congressional-record/volume-161/issue-37/extensions-of-remarks-section/article/E307-1,03/04/2015,,161,37,E307
"REINTRODUCING THE SERVICES FOR ENDING LONG-TERM HOMELESSNESS ACT; Congressional Record Vol. 165, No. 99",https://www.congress.gov/congressional-record/volume-165/issue-99/extensions-of-remarks-section/article/E770-2,06/13/2019,,165,99,E770
"SERVICES FOR ENDING LONG-TERM HOMELESSNESS ACT OF 2009; Congressional Record Vol. 155, No. 136",https://www.congress.gov/congressional-record/volume-155/issue-136/extensions-of-remarks-section/article/E2364-3,09/24/2009,,155,136,E2364
"SUPPORT THE HOMELESS EDUCATION IMPROVEMENT ACT OF 2007; Congressional Record Vol. 153, No. 132",https://www.congress.gov/congressional-record/volume-153/issue-132/house-section/article/H10248-4,09/07/2007,,153,132,H10248
"30TH ANNIVERSARY OF THE NATIONAL COALITION FOR THE HOMELESS; Congressional Record Vol. 159, No. 53",https://www.congress.gov/congressional-record/volume-159/issue-53/extensions-of-remarks-section/article/E492-1,04/18/2013,,159,53,E492
"STEWART B. MCKINNEY HOMELESS EDUCATION ASSISTANCE IMPROVEMENTS ACT OF 1999; Congressional Record Vol. 145, No. 123",https://www.congress.gov/congressional-record/volume-145/issue-123/house-section/article/H8442-2,09/21/1999,,145,123,H8442
"RECOGNIZING JEREMY HISSONG'S EFFORTS TO SUPPORT HOMELESS STUDENTS; Congressional Record Vol. 159, No. 152",https://www.congress.gov/congressional-record/volume-159/issue-152/extensions-of-remarks-section/article/E1589-2,10/29/2013,,159,152,E1589
"INTRODUCTION OF THE McKINNEY-VENTO HOMELESS EDUCATION ACT OF 2001; Congressional Record Vol. 147, No. 21",https://www.congress.gov/congressional-record/volume-147/issue-21/extensions-of-remarks-section/article/E191-2,02/14/2001,,147,21,E191
"THE HOMELESS HOUSING PROGRAMS CONSOLIDATION AND FLEXIBILITY ACT OF 1997; Congressional Record Vol. 143, No. 1",https://www.congress.gov/congressional-record/volume-143/issue-1/extensions-of-remarks-section/article/E50-2,01/07/1997,,143,1,E50
"INTRODUCTION OF RUNAWAY AND HOMELESS YOUTH AMENDMENTS OF 1996; Congressional Record Vol. 142, No. 103",https://www.congress.gov/congressional-record/volume-142/issue-103/extensions-of-remarks-section/article/E1275-2,07/12/1996,,142,103,E1275
"THE RUNAWAY AND HOMELESS YOUTH AND TRAFFICKING PREVENTION ACT; Congressional Record Vol. 161, No. 64",https://www.congress.gov/congressional-record/volume-161/issue-64/senate-section/article/S2560-1,04/30/2015,,161,64,S2560
"THE HOMELESS VETERANS REINTEGRATION PROGRAM REAUTHORIZATION ACT OF 2005; Congressional Record Vol. 151, No. 96",https://www.congress.gov/congressional-record/volume-151/issue-96/extensions-of-remarks-section/article/E1498-1,07/15/2005,,151,96,E1498
"HOMELESS VETERANS HOUSING AT SEPULVEDA AMBULATORY CARE CENTER PROMOTION ACT; Congressional Record Vol. 153, No. 74",https://www.congress.gov/congressional-record/volume-153/issue-74/house-section/article/H4516-1,05/07/2007,,153,74,H4516
"HOUSING ACT AMENDMENT JEOPARDIZES HOMELESS ASSISTANCE USE OF FEDERAL PROPERTY; Congressional Record Vol. 142, No. 77",https://www.congress.gov/congressional-record/volume-142/issue-77/extensions-of-remarks-section/article/E970-2,05/30/1996,,142,77,E970
"RECOGNIZING THE 20TH ANNIVERSARY OF THE McKINNEY-VENTO HOMELESS ASSISTANCE ACT; Congressional Record Vol. 153, No. 118",https://www.congress.gov/congressional-record/volume-153/issue-118/house-section/article/H8217-1,07/23/2007,,153,118,H8217
"HOMELESS EMERGENCY ASSISTANCE AND RAPID TRANSITION TO HOUSING ACT OF 2008; Congressional Record Vol. 154, No. 160",https://www.congress.gov/congressional-record/volume-154/issue-160/house-section/article/H10654-1,10/02/2008,,154,160,H10654
"EXPANDING THE DEPARTMENT OF VETERANS AFFAIRS DEFINITION OF ""HOMELESS VETERAN""; Congressional Record Vol. 159, No. 29",https://www.congress.gov/congressional-record/volume-159/issue-29/extensions-of-remarks-section/article/E227-4,02/28/2013,,159,29,E227
"INTRODUCTION OF ``HEATHER FRENCH HENRY HOMELESS VETERANS ASSISTANCE ACT'', H.R. 936; Congressional Record Vol. 147, No. 30",https://www.congress.gov/congressional-record/volume-147/issue-30/extensions-of-remarks-section/article/E314-1,03/08/2001,,147,30,E314
"TWENTY-FIFTH ANNIVERSARY OF THE RUNAWAY AND HOMELESS YOUTH ACT; Congressional Record Vol. 145, No. 100",https://www.congress.gov/congressional-record/volume-145/issue-100/senate-section/article/S8627-2,07/15/1999,,145,100,S8627
"MENTAL ILLNESS AND THE HOMELESS; Congressional Record Vol. 161, No. 7",https://www.congress.gov/congressional-record/volume-161/issue-7/house-section/article/H362-5,01/14/2015,,161,7,H362
"RUNAWAY, HOMELESS, AND MISSING CHILDREN PROTECTION ACT; Congressional Record Vol. 149, No. 76",https://www.congress.gov/congressional-record/volume-149/issue-76/extensions-of-remarks-section/article/E1042-3,05/21/2003,,149,76,E1042
"HONORING CHRIS NEWTON AND THE PAPPAS SCHOOL FOR HOMELESS CHILDREN; Congressional Record Vol. 149, No. 73",https://www.congress.gov/congressional-record/volume-149/issue-73/house-section/article/H4172-3,05/15/2003,,149,73,H4172
"HOMELESS VETERAN FAMILIES ACT; Congressional Record Vol. 165, No. 162",https://www.congress.gov/congressional-record/volume-165/issue-162/house-section/article/H8138-2,10/15/2019,,165,162,H8138
"HOMELESS VETERANS CREDIT REPAIR, ENHANCEMENT, AND DEBT IMPROVEMENT FOR TOMORROW ACT; Congressional Record Vol. 167, No. 104",https://www.congress.gov/congressional-record/volume-167/issue-104/house-section/article/H2775-1,06/15/2021,,167,104,H2775
"National Homeless Children and Youth Awareness Month (Executive Calendar); Congressional Record Vol. 165, No. 181",https://www.congress.gov/congressional-record/volume-165/issue-181/senate-section/article/S6536-2,11/13/2019,,165,181,S6536
"CLOTHE A HOMELESS HERO ACT; Congressional Record Vol. 158, No. 159",https://www.congress.gov/congressional-record/volume-158/issue-159/senate-section/article/S7752-2,12/11/2012,,158,159,S7752
"IN HONOR OF SOUTH BAY STAND DOWN FOR HOMELESS VETERANS; Congressional Record Vol. 153, No. 132",https://www.congress.gov/congressional-record/volume-153/issue-132/extensions-of-remarks-section/article/E1835-2,09/07/2007,,153,132,E1835
"RECOGNIZING THE 20TH ANNIVERSARY OF THE McKINNEY-VENTO HOMELESS ASSISTANCE ACT; Congressional Record Vol. 153, No. 122",https://www.congress.gov/congressional-record/volume-153/issue-122/extensions-of-remarks-section/article/E1637-2,07/27/2007,,153,122,E1637
"INTRODUCTION OF THE RUNAWAY, HOMELESS, AND MISSING CHILDREN PROTECTION ACT; Congressional Record Vol. 149, No. 64",https://www.congress.gov/congressional-record/volume-149/issue-64/extensions-of-remarks-section/article/E849-4,05/01/2003,,149,64,E849
"DEPARTMENT OF HOUSING AND URBAN DEVELOPMENT'S STRATEGY TO END HOMELESSNESS; Congressional Record Vol. 162, No. 43",https://www.congress.gov/congressional-record/volume-162/issue-43/house-section/article/H1451-3,03/17/2016,,162,43,H1451
"INTRODUCTION OF HEATHER FRENCH HOMELESS VETERANS ASSISTANCE ACT OF 2000, H.R. 5311; Congressional Record Vol. 146, No. 117",https://www.congress.gov/congressional-record/volume-146/issue-117/extensions-of-remarks-section/article/E1611-1,09/27/2000,,146,117,E1611
"THE VOTING RIGHTS OF HOMELESS CITIZENS ACT OF 1995; Congressional Record Vol. 141, No. 2",https://www.congress.gov/congressional-record/volume-141/issue-2/extensions-of-remarks-section/article/E45-2,01/05/1995,,141,2,E45
"SUPPORTING NATIONAL HOMELESS PERSONS' MEMORIAL DAY; Congressional Record Vol. 156, No. 156",https://www.congress.gov/congressional-record/volume-156/issue-156/house-section/article/H7899-6,12/02/2010,,156,156,H7899
"RECOGNIZING THE 20TH ANNIVERSARY OF THE McKINNEY-VENTO HOMELESS ASSISTANCE ACT; Congressional Record Vol. 153, No. 120",https://www.congress.gov/congressional-record/volume-153/issue-120/extensions-of-remarks-section/article/E1616-3,07/25/2007,,153,120,E1616
"RECOGNIZING COLLIN COUNTY ORGANIZATIONS WORKING TO END HUNGER AND HOMELESSNESS; Congressional Record Vol. 165, No. 186",https://www.congress.gov/congressional-record/volume-165/issue-186/extensions-of-remarks-section/article/E1475-4,11/20/2019,,165,186,E1475
"COMMEMORATING THE 20TH ANNIVERSARY OF McKINNEY-VENTO HOMELESS ASSISTANCE ACT; Congressional Record Vol. 153, No. 117",https://www.congress.gov/congressional-record/volume-153/issue-117/extensions-of-remarks-section/article/E1575-3,07/20/2007,,153,117,E1575
"RECOGNIZING MR. JACK SCAROLA ON HIS DEDICATION TO HELPING END HOMELESSNESS; Congressional Record Vol. 158, No. 16",https://www.congress.gov/congressional-record/volume-158/issue-16/extensions-of-remarks-section/article/E105-4,02/01/2012,,158,16,E105
"COMMUNITY, MIGRANT AND HOMELESS HEALTH CENTERS; Congressional Record Vol. 147, No. 43",https://www.congress.gov/congressional-record/volume-147/issue-43/house-section/article/H1273-2,03/28/2001,,147,43,H1273
"COMMEMORATING THE 30TH ANNIVERSARY OF THE OPPORTUNITY CENTER FOR THE HOMELESS; Congressional Record Vol. 170, No. 69",https://www.congress.gov/congressional-record/volume-170/issue-69/extensions-of-remarks-section/article/E374-2,04/19/2024,,170,69,E374
"``SHOE BOB'' AND INTERFAITH OUTREACH TEAM UP TO HELP HOMELESS IN MINNESOTA; Congressional Record Vol. 148, No. 48",https://www.congress.gov/congressional-record/volume-148/issue-48/house-section/article/H1668-1,04/25/2002,,148,48,H1668
"NATIONAL HOMELESS CHILDREN AND YOUTH AWARENESS MONTH; Congressional Record Vol. 167, No. 199",https://www.congress.gov/congressional-record/volume-167/issue-199/senate-section/article/S8317-1,11/16/2021,,167,199,S8317
"NATIONAL HOMELESS CHILDREN AND YOUTH AWARENESS MONTH; Congressional Record Vol. 170, No. 178",https://www.congress.gov/congressional-record/volume-170/issue-178/senate-section/article/S6789-2,12/03/2024,,170,178,S6789
"NATIONAL HOMELESS CHILDREN AND YOUTH AWARENESS MONTH; Congressional Record Vol. 169, No. 196",https://www.congress.gov/congressional-record/volume-169/issue-196/senate-section/article/S5677-3,11/29/2023,,169,196,S5677
"NATIONAL HOMELESS CHILDREN AND YOUTH AWARENESS MONTH; Congressional Record Vol. 168, No. 184",https://www.congress.gov/congressional-record/volume-168/issue-184/senate-section/article/S6911-2,11/30/2022,,168,184,S6911
"ENHANCING SERVICES FOR RUNAWAY AND HOMELESS VICTIMS OF YOUTH TRAFFICKING ACT OF 2014; Congressional Record Vol. 160, No. 116",https://www.congress.gov/congressional-record/volume-160/issue-116/house-section/article/H6703-1,07/23/2014,,160,116,H6703
"ENHANCING SERVICES FOR RUNAWAY AND HOMELESS VICTIMS OF YOUTH TRAFFICKING ACT OF 2015; Congressional Record Vol. 161, No. 12",https://www.congress.gov/congressional-record/volume-161/issue-12/house-section/article/H548-1,01/26/2015,,161,12,H548
"HONORING THE WORK OF ADOBE SERVICES DURING NATIONAL HUNGER AND HOMELESSNESS AWARENESS WEEK; Congressional Record Vol. 160, No. 143",https://www.congress.gov/congressional-record/volume-160/issue-143/extensions-of-remarks-section/article/E1658-3,11/20/2014,,160,143,E1658
"REVISING CERTAIN GRANTS FOR CONTINUUM OF CARE ASSISTANCE FOR HOMELESS INDIVIDUALS AND FAMILIES; Congressional Record Vol. 148, No. 12",https://www.congress.gov/congressional-record/volume-148/issue-12/house-section/article/H253-1,02/12/2002,,148,12,H253
"SENATE RESOLUTION 423--RECOGNIZING NOVEMBER 2019 AS ``NATIONAL HOMELESS CHILDREN AND YOUTH AWARENESS MONTH''; Congressional Record Vol. 165, No. 182",https://www.congress.gov/congressional-record/volume-165/issue-182/senate-section/article/S6611-2,11/14/2019,,165,182,S6611
"SENATE RESOLUTION 853--RECOGNIZING NOVEMBER 2022, AS ``NATIONAL HOMELESS CHILDREN AND YOUTH AWARENESS MONTH''; Congressional Record Vol. 168, No. 184",https://www.congress.gov/congressional-record/volume-168/issue-184/senate-section/article/S6910-2,11/30/2022,,168,184,S6910
"SENATE RESOLUTION 452--RECOGNIZING NOVEMBER 2021 AS ``NATIONAL HOMELESS CHILDREN AND YOUTH AWARENESS MONTH''; Congressional Record Vol. 167, No. 199",https://www.congress.gov/congressional-record/volume-167/issue-199/senate-section/article/S8243-2,11/16/2021,,167,199,S8243
"SENATE RESOLUTION 920--DESIGNATING NOVEMBER 2024 AS ""NATIONAL HOMELESS CHILDREN AND YOUTH AWARENESS MONTH""; Congressional Record Vol. 170, No. 178",https://www.congress.gov/congressional-record/volume-170/issue-178/senate-section/article/S6782-2,12/03/2024,,170,178,S6782
"INTRODUCTION OF LEGISLATION TO RENAME THE McKINNEY ACT, THE McKINNEY- VENTO HOMELESS ASSISTANCE ACT; Congressional Record Vol. 146, No. 124",https://www.congress.gov/congressional-record/volume-146/issue-124/extensions-of-remarks-section/article/E1712-1,10/06/2000,,146,124,E1712
"ANNOUNCEMENTS OF HOMELESS VETERANS OUTREACH CAMPAIGN KICK-OFF BY THE DEPARTMENT OF VETERANS AFFAIRS; Congressional Record Vol. 157, No. 153",https://www.congress.gov/congressional-record/volume-157/issue-153/extensions-of-remarks-section/article/E1860-4,10/13/2011,,157,153,E1860
"HONORING THE LIFE OF CAROL WALTER, EXECUTIVE DIRECTOR OF CONNECTICUT COALITION TO END HOMELESSNESS; Congressional Record Vol. 159, No. 2",https://www.congress.gov/congressional-record/volume-159/issue-2/extensions-of-remarks-section/article/E16-5,01/04/2013,,159,2,E16
"SENATE RESOLUTION 226--RECOGNIZING THE MONTH OF NOVEMBER AS ``NATIONAL HOMELESS YOUTH AWARENESS MONTH''; Congressional Record Vol. 153, No. 91",https://www.congress.gov/congressional-record/volume-153/issue-91/senate-section/article/S7388-1,06/07/2007,,153,91,S7388
"RUNAWAY, HOMELESS, AND MISSING CHILDREN PROTECTION ACT; Congressional Record Vol. 149, No. 75",https://www.congress.gov/congressional-record/volume-149/issue-75/house-section/article/H4286-3,05/20/2003,,149,75,H4286
"CONTINUUM OF CARE ASSISTANCE FOR HOMELESS INDIVIDUAL AND FAMILIES; Congressional Record Vol. 148, No. 16",https://www.congress.gov/congressional-record/volume-148/issue-16/senate-section/article/S986-1,02/25/2002,,148,16,S986
"IN HONOR AND RECOGNITION OF BRIAN DAVIS, EXECUTIVE DIRECTOR NORTHEAST OHIO COALITION FOR THE HOMELESS; Congressional Record Vol. 151, No. 64",https://www.congress.gov/congressional-record/volume-151/issue-64/extensions-of-remarks-section/article/E984-2,05/16/2005,,151,64,E984
"SENATE RESOLUTION 693--RECOGNIZING THE MONTH OF NOVEMBER 2008 AS ""NATIONAL HOMELESS YOUTH AWARENESS MONTH""; Congressional Record Vol. 154, No. 155",https://www.congress.gov/congressional-record/volume-154/issue-155/senate-section/article/S10010-3,09/27/2008,,154,155,S10010
"HOMELESS VETERANS' REINTEGRATION PROGRAMS REAUTHORIZATION ACT OF 2018; Congressional Record Vol. 164, No. 83",https://www.congress.gov/congressional-record/volume-164/issue-83/house-section/article/H4268-1,05/21/2018,,164,83,H4268
"CLOTHE A HOMELESS HERO ACT; Congressional Record Vol. 158, No. 172",https://www.congress.gov/congressional-record/volume-158/issue-172/house-section/article/H7559-3,01/01/2013,,158,172,H7559
"INTRODUCING A HOUSE CONCURRENT RESOLUTION SUPPORTING THE GOALS AND IDEALS OF NATIONAL HOMELESS PERSONS' MEMORIAL DAY; Congressional Record Vol. 156, No. 133",https://www.congress.gov/congressional-record/volume-156/issue-133/extensions-of-remarks-section/article/E1800-1,09/29/2010,,156,133,E1800
"PRESIDENT VISITS YOUNG RESIDENTS OF HOMELESS SHELTER IN MOSCOW; Congressional Record Vol. 142, No. 92",https://www.congress.gov/congressional-record/volume-142/issue-92/extensions-of-remarks-section/article/E1119-1,06/20/1996,,142,92,E1119
"SUPPLEMENTAL REPORT ON H.R. 217, HOMELESS HOUSING PROGRAMS CONSOLIDATION AND FLEXIBILITY ACT; Congressional Record Vol. 144, No. 19",https://www.congress.gov/congressional-record/volume-144/issue-19/house-section/article/H703-4,03/03/1998,,144,19,H703
"RECOGNIZING LANCE CORPORAL BRANDON RUMBAUGH FOR RAISING AWARENESS FOR OUR NATION'S HOMELESS VETERANS; Congressional Record Vol. 161, No. 164",https://www.congress.gov/congressional-record/volume-161/issue-164/extensions-of-remarks-section/article/E1588-1,11/04/2015,,161,164,E1588
"SUPPORT OF THE INTERFAITH ASSEMBLY ON HOMELESSNESS AND HOUSING ON OCCASION OF ITS 10TH ANNIVERSARY; Congressional Record Vol. 143, No. 132",https://www.congress.gov/congressional-record/volume-143/issue-132/extensions-of-remarks-section/article/E1884-1,09/29/1997,,143,132,E1884
"TRIBUTE TO MR. JOHN DONOVAN, EXECUTIVE DIRECTOR CHICAGO COALITION FOR THE HOMELESS; Congressional Record Vol. 149, No. 170",https://www.congress.gov/congressional-record/volume-149/issue-170/extensions-of-remarks-section/article/E2366-3,11/21/2003,,149,170,E2366
"HONORING LONG ISLAND COALITION FOR THE HOMELESS FOR THEIR EXTRAORDINARY WORK IN THE COMMUNITY; Congressional Record Vol. 156, No. 60",https://www.congress.gov/congressional-record/volume-156/issue-60/extensions-of-remarks-section/article/E679-5,04/27/2010,,156,60,E679
"ST. CLARE'S HOME: SERVING HOMELESS WOMEN AND CHILDREN IN NORTH SAN DIEGO COUNTY; Congressional Record Vol. 143, No. 12",https://www.congress.gov/congressional-record/volume-143/issue-12/extensions-of-remarks-section/article/E152-1,02/04/1997,,143,12,E152
"RECOGNIZING THE CONTRIBUTIONS OF DR. JAMES WITHERS IN ADDRESSING THE HEALTH CARE NEEDS OF PITTSBURGH'S HOMELESS POPULATION; Congressional Record Vol. 148, No. 123",https://www.congress.gov/congressional-record/volume-148/issue-123/extensions-of-remarks-section/article/E1644-1,09/25/2002,,148,123,E1644
"BASE CLOSURE COMMUNITY REDEVELOPMENT AND HOMELESS ASSISTANCE ACT; Congressional Record Vol. 141, No. 130",https://www.congress.gov/congressional-record/volume-141/issue-130/senate-section/article/S11602-3,08/05/1995,,141,130,S11602
"SOUTH FLORIDA FOOD RECOVERY; FEEDING THE POOR, NEEDY AND HOMELESS; Congressional Record Vol. 146, No. 5",https://www.congress.gov/congressional-record/volume-146/issue-5/extensions-of-remarks-section/article/E34-3,01/31/2000,,146,5,E34
"RECOGNIZING THE WORK OF MAYOR LARRY MORRISSEY AND THE COMMUNITY OF ROCKFORD TOWARD ENDING VETERAN HOMELESSNESS; Congressional Record Vol. 162, No. 162",https://www.congress.gov/congressional-record/volume-162/issue-162/extensions-of-remarks-section/article/E1453-1,11/14/2016,,162,162,E1453
"IN HONOR OF FAMILIES IN TRANSITIONS ``I AM ONE: NEW HAMPSHIRE DAY TO END CHILDHOOD HOMELESSNESS''; Congressional Record Vol. 160, No. 135",https://www.congress.gov/congressional-record/volume-160/issue-135/extensions-of-remarks-section/article/E1505-2,09/19/2014,,160,135,E1505
"ON RECEIVING THE NORTHEAST OHIO COALITION FOR THE HOMELESS LIFETIME COMMITMENT TO SOCIAL JUSTICE AWARD; Congressional Record Vol. 151, No. 64",https://www.congress.gov/congressional-record/volume-151/issue-64/extensions-of-remarks-section/article/E986-2,05/16/2005,,151,64,E986
"END VETERAN HOMELESSNESS ACT OF 2010; Congressional Record Vol. 156, No. 44",https://www.congress.gov/congressional-record/volume-156/issue-44/house-section/article/H2189-1,03/22/2010,,156,44,H2189
"HONORING IRENE SAUCEDA FOR HER TIRELESS EFFORTS ADVOCATING FOR HOMELESS CHILDREN IN AMERICA; Congressional Record Vol. 158, No. 129",https://www.congress.gov/congressional-record/volume-158/issue-129/extensions-of-remarks-section/article/E1610-3,09/21/2012,,158,129,E1610
"ENHANCING SERVICES FOR RUNAWAY AND HOMELESS VICTIMS OF YOUTH TRAFFICKING ACT OF 2015; Congressional Record Vol. 161, No. 13",https://www.congress.gov/congressional-record/volume-161/issue-13/extensions-of-remarks-section/article/E121-3,01/27/2015,,161,13,E121
"HOMELESS HOUSING PROGRAMS CONSOLIDATION AND FLEXIBILITY ACT; Congressional Record Vol. 144, No. 19",https://www.congress.gov/congressional-record/volume-144/issue-19/house-section/article/H730-4,03/03/1998,,144,19,H730
"STUART COLLICK-HEATHER FRENCH HENRY HOMELESS VETERANS ASSISTANCE ACT; Congressional Record Vol. 147, No. 139",https://www.congress.gov/congressional-record/volume-147/issue-139/house-section/article/H6874-2,10/16/2001,,147,139,H6874
"TO AMEND THE INTERNAL REVENUE CODE TO QUALIFY HOMELESS YOUTH WHO ARE STUDENTS FOR PURPOSES OF THE LOW INCOME HOUSING TAX CREDIT; Congressional Record Vol. 157, No. 146",https://www.congress.gov/congressional-record/volume-157/issue-146/extensions-of-remarks-section/article/E1745-2,10/03/2011,,157,146,E1745
"TO AMEND THE INTERNAL REVENUE CODE TO QUALIFY HOMELESS YOUTH AND VETERANS FOR THE PURPOSES OF THE LOW INCOME HOUSING TAX CREDIT; Congressional Record Vol. 159, No. 124",https://www.congress.gov/congressional-record/volume-159/issue-124/extensions-of-remarks-section/article/E1349-1,09/19/2013,,159,124,E1349
"HOMELESS EMERGENCY ASSISTANCE AND RAPID TRANSITION TO HOUSING ACT OF 2008; Congressional Record Vol. 154, No. 160",https://www.congress.gov/congressional-record/volume-154/issue-160/house-section/article/H10672-2,10/02/2008,,154,160,H10672
"REVISING CERTAIN GRANTS FOR CONTINUUM OF CARE ASSISTANCE FOR HOMELESS INDIVIDUALS AND FAMILIES; Congressional Record Vol. 148, No. 12",https://www.congress.gov/congressional-record/volume-148/issue-12/house-section/article/H265-2,02/12/2002,,148,12,H265
"A TRIBUTE TO SISTER JULIA MARY FARLEY, C.S.J. ON THE OCCASION OF THE 25TH ANNIVERSARY OF HER WORK AS FOUNDING DIRECTOR OF GOOD SHEPHERD CENTER FOR HOMELESS WOMEN & CHILDREN IN LOS ANGELES; Congressional Record Vol. 155, No. 70",https://www.congress.gov/congressional-record/volume-155/issue-70/extensions-of-remarks-section/article/E1095-3,05/07/2009,,155,70,E1095
"RECOGNIZING PLACE OF HOPE AND ITS FOUNDER AND CEO, CHARLES BENDER FOR 20 YEARS OF SUPPORTING SURVIVORS OF ABUSE, NEGLECT, HOMELESSNESS, AND HUMAN TRAFFICKING; Congressional Record Vol. 167, No. 57",https://www.congress.gov/congressional-record/volume-167/issue-57/extensions-of-remarks-section/article/E299-5,03/26/2021,,167,57,E299
"Introductory Statement on S. 808; Congressional Record Vol. 155, No. 56",https://www.congress.gov/congressional-record/volume-155/issue-56/senate-section/article/S4357-1,04/02/2009,,155,56,S4357
"Text of Senate Amendment 1040; Congressional Record Vol. 155, No. 66",https://www.congress.gov/congressional-record/volume-155/issue-66/senate-section/article/S5030-3,05/01/2009,,155,66,S5030
"Introductory Statement on S. 571; Congressional Record Vol. 157, No. 38",https://www.congress.gov/congressional-record/volume-157/issue-38/senate-section/article/S1606-1,03/14/2011,,157,38,S1606
"Introductory Statement on S. 913; Congressional Record Vol. 145, No. 60",https://www.congress.gov/congressional-record/volume-145/issue-60/senate-section/article/S4442-1,04/29/1999,,145,60,S4442
"Introductory Statement on S. 825; Congressional Record Vol. 159, No. 58",https://www.congress.gov/congressional-record/volume-159/issue-58/senate-section/article/S3036-1,04/25/2013,,159,58,S3036
"STATEMENTS ON INTRODUCED BILLS AND JOINT RESOLUTIONS; Congressional Record Vol. 165, No. 177",https://www.congress.gov/congressional-record/volume-165/issue-177/senate-section/article/S6450-1,11/06/2019,,165,177,S6450
"Introductory Statement on S. 1547; Congressional Record Vol. 155, No. 117",https://www.congress.gov/congressional-record/volume-155/issue-117/senate-section/article/S8562-1,07/30/2009,,155,117,S8562
"DEPARTMENTS OF VETERANS AFFAIRS AND HOUSING AND URBAN DEVELOPMENT, AND INDEPENDENT AGENCIES APPROPRIATIONS ACT, 1966; Congressional Record Vol. 141, No. 151",https://www.congress.gov/congressional-record/volume-141/issue-151/senate-section/article/S14272-1,09/26/1995,,141,151,S14272
"Introductory Statement on S. 3309; Congressional Record Vol. 158, No. 92",https://www.congress.gov/congressional-record/volume-158/issue-92/senate-section/article/S4241-1,06/18/2012,,158,92,S4241
"Introductory Statement on S. 2829; Congressional Record Vol. 150, No. 115",https://www.congress.gov/congressional-record/volume-150/issue-115/senate-section/article/S9530-1,09/22/2004,,150,115,S9530
"TEXT OF AMENDMENTS; Congressional Record Vol. 155, No. 66",https://www.congress.gov/congressional-record/volume-155/issue-66/senate-section/article/S5027-3,05/01/2009,,155,66,S5027
"Introductory Statement on S. 965; Congressional Record Vol. 171, No. 45",https://www.congress.gov/congressional-record/volume-171/issue-45/senate-section/article/S1666-3,03/11/2025,,171,45,S1666
"Introductory Statement on S. 2916; Congressional Record Vol. 165, No. 186",https://www.congress.gov/congressional-record/volume-165/issue-186/senate-section/article/S6720-3,11/20/2019,,165,186,S6720
"Introductory Statement on S. 2982; Congressional Record Vol. 154, No. 74",https://www.congress.gov/congressional-record/volume-154/issue-74/senate-section/article/S3795-1,05/06/2008,,154,74,S3795
"Introductory Statement on S. 735; Congressional Record Vol. 169, No. 45",https://www.congress.gov/congressional-record/volume-169/issue-45/senate-section/article/S746-1,03/09/2023,,169,45,S746
"Introductory Statement on S. 3125; Congressional Record Vol. 169, No. 176",https://www.congress.gov/congressional-record/volume-169/issue-176/senate-section/article/S5184-2,10/25/2023,,169,176,S5184
"Introductory Statement on S. 2012; Congressional Record Vol. 171, No. 99",https://www.congress.gov/congressional-record/volume-171/issue-99/senate-section/article/S3318-1,06/10/2025,,171,99,S3318
"Introductory Statement on S. 4916; Congressional Record Vol. 168, No. 152",https://www.congress.gov/congressional-record/volume-168/issue-152/senate-section/article/S4914-2,09/21/2022,,168,152,S4914
"STATEMENTS ON INTRODUCED BILLS AND JOINT RESOLUTIONS; Congressional Record Vol. 168, No. 152",https://www.congress.gov/congressional-record/volume-168/issue-152/senate-section/article/S4914-1,09/21/2022,,168,152,S4914
"MISSING, EXPLOITED, AND RUNAWAY CHILDREN PROTECTION ACT; Congressional Record Vol. 145, No. 53",https://www.congress.gov/congressional-record/volume-145/issue-53/senate-section/article/S3867-3,04/19/1999,,145,53,S3867
"Introductory Statement on S. 1469; Congressional Record Vol. 167, No. 74",https://www.congress.gov/congressional-record/volume-167/issue-74/senate-section/article/S2360-1,04/29/2021,,167,74,S2360
"EMERGENCY HOUSING PROTECTIONS AND RELIEF ACT OF 2020; Congressional Record Vol. 166, No. 121",https://www.congress.gov/congressional-record/volume-166/issue-121/extensions-of-remarks-section/article/E600-4,07/01/2020,,166,121,E600
"Introductory Statement on S. 2653; Congressional Record Vol. 160, No. 117",https://www.congress.gov/congressional-record/volume-160/issue-117/senate-section/article/S4905-2,07/24/2014,,160,117,S4905
"HELPING FAMILIES SAVE THEIR HOMES ACT OF 2009--Continued; Congressional Record Vol. 155, No. 69",https://www.congress.gov/congressional-record/volume-155/issue-69/senate-section/article/S5179-2,05/06/2009,,155,69,S5179
"Introductory Statement on S. 256; Congressional Record Vol. 161, No. 13",https://www.congress.gov/congressional-record/volume-161/issue-13/senate-section/article/S543-2,01/27/2015,,161,13,S543
"HOMES FOR HEROES ACT OF 2015; Congressional Record Vol. 161, No. 109",https://www.congress.gov/congressional-record/volume-161/issue-109/house-section/article/H5130-1,07/14/2015,,161,109,H5130
"SUBMITTED RESOLUTIONS; Congressional Record Vol. 169, No. 196",https://www.congress.gov/congressional-record/volume-169/issue-196/senate-section/article/S5676-3,11/29/2023,,169,196,S5676
"Introductory Statement on S. 1731; Congressional Record Vol. 161, No. 106",https://www.congress.gov/congressional-record/volume-161/issue-106/senate-section/article/S4956-3,07/09/2015,,161,106,S4956
"HELPING FAMILIES SAVE THEIR HOMES ACT; Congressional Record Vol. 155, No. 78",https://www.congress.gov/congressional-record/volume-155/issue-78/senate-section/article/S5744-5,05/20/2009,,155,78,S5744
"HOUSING ASSISTANCE EFFICIENCY ACT; Congressional Record Vol. 161, No. 109",https://www.congress.gov/congressional-record/volume-161/issue-109/house-section/article/H5132-1,07/14/2015,,161,109,H5132
"IN HONOR OF PAUL BODEN; Congressional Record Vol. 151, No. 8",https://www.congress.gov/congressional-record/volume-151/issue-8/extensions-of-remarks-section/article/E120-2,02/01/2005,,151,8,E120
"VETERAN HOUSING STABILITY ACT OF 2015; Congressional Record Vol. 161, No. 122",https://www.congress.gov/congressional-record/volume-161/issue-122/senate-section/article/S6182-2,07/30/2015,,161,122,S6182
"Introductory Statement on S. 2602; Congressional Record Vol. 146, No. 65",https://www.congress.gov/congressional-record/volume-146/issue-65/senate-section/article/S4297-3,05/23/2000,,146,65,S4297
"STATEMENTS ON INTRODUCED BILLS AND JOINT RESOLUTIONS; Congressional Record Vol. 163, No. 54",https://www.congress.gov/congressional-record/volume-163/issue-54/senate-section/article/S2049-1,03/28/2017,,163,54,S2049
"Introductory Statement on S. 2357; Congressional Record Vol. 167, No. 124",https://www.congress.gov/congressional-record/volume-167/issue-124/senate-section/article/S4928-1,07/15/2021,,167,124,S4928
"STATEMENTS ON INTRODUCED BILLS AND JOINT RESOLUTIONS; Congressional Record Vol. 158, No. 92",https://www.congress.gov/congressional-record/volume-158/issue-92/senate-section/article/S4240-1,06/18/2012,,158,92,S4240
"VETERANS TRANSITIONAL HOUSING OPPORTUNITIES ACT OF 1998; Congressional Record Vol. 144, No. 64",https://www.congress.gov/congressional-record/volume-144/issue-64/house-section/article/H3392-1,05/19/1998,,144,64,H3392
"STATEMENTS ON INTRODUCED BILLS AND JOINT RESOLUTIONS; Congressional Record Vol. 161, No. 13",https://www.congress.gov/congressional-record/volume-161/issue-13/senate-section/article/S543-1,01/27/2015,,161,13,S543
"HOUSING OUR MILITARY VETERANS EFFECTIVELY ACT OF 2023; Congressional Record Vol. 169, No. 199",https://www.congress.gov/congressional-record/volume-169/issue-199/house-section/article/H6094-1,12/04/2023,,169,199,H6094
"HELPING FAMILIES SAVE THEIR HOMES ACT OF 2009; Congressional Record Vol. 155, No. 77",https://www.congress.gov/congressional-record/volume-155/issue-77/house-section/article/H5740-1,05/19/2009,,155,77,H5740
"STATEMENTS ON INTRODUCED BILLS AND JOINT RESOLUTIONS; Congressional Record Vol. 171, No. 45",https://www.congress.gov/congressional-record/volume-171/issue-45/senate-section/article/S1666-1,03/11/2025,,171,45,S1666
"A PLACE TO STAY; Congressional Record Vol. 142, No. 138",https://www.congress.gov/congressional-record/volume-142/issue-138/senate-section/article/S12010-1,09/30/1996,,142,138,S12010
"Introductory Statement on S. 24; Congressional Record Vol. 169, No. 14",https://www.congress.gov/congressional-record/volume-169/issue-14/senate-section/article/S56-2,01/23/2023,,169,14,S56
"SUBMITTED RESOLUTIONS; Congressional Record Vol. 167, No. 206",https://www.congress.gov/congressional-record/volume-167/issue-206/senate-section/article/S8832-1,11/30/2021,,167,206,S8832
"RECOGNIZING MAINE'S CONTINUUM OF CARE; Congressional Record Vol. 163, No. 186",https://www.congress.gov/congressional-record/volume-163/issue-186/senate-section/article/S7211-1,11/14/2017,,163,186,S7211
"VETERAN HOUSING OPPORTUNITIES AND UNEMPLOYMENT SUPPORT EXTENSION ACT OF 2020; Congressional Record Vol. 166, No. 7",https://www.congress.gov/congressional-record/volume-166/issue-7/house-section/article/H194-1,01/13/2020,,166,7,H194
"Text of Senate Amendment 5652; Congressional Record Vol. 154, No. 153",https://www.congress.gov/congressional-record/volume-154/issue-153/senate-section/article/S9541-2,09/25/2008,,154,153,S9541
"Introductory Statement on S. 312; Congressional Record Vol. 145, No. 14",https://www.congress.gov/congressional-record/volume-145/issue-14/senate-section/article/S1012-2,01/26/1999,,145,14,S1012
"Introductory Statement on S. 923; Congressional Record Vol. 165, No. 54",https://www.congress.gov/congressional-record/volume-165/issue-54/senate-section/article/S2091-1,03/28/2019,,165,54,S2091
"MISSING, EXPLOITED, AND RUNAWAY CHILDREN PROTECTION ACT; Congressional Record Vol. 145, No. 128",https://www.congress.gov/congressional-record/volume-145/issue-128/senate-section/article/S11580-1,09/28/1999,,145,128,S11580
"RESCUE MISSIONS DESERVE OUR ATTENTION; Congressional Record Vol. 143, No. 140",https://www.congress.gov/congressional-record/volume-143/issue-140/extensions-of-remarks-section/article/E1989-2,10/09/1997,,143,140,E1989
,https://www.congress.gov/bound-congressional-record/1987/03/23/133/senate-section/article/6523-6589,03/23/1987,,133,,6523-6589
"Text of Senate Amendment 2821; Congressional Record Vol. 158, No. 123",https://www.congress.gov/congressional-record/volume-158/issue-123/senate-section/article/S6347-2,09/13/2012,,158,123,S6347
"STATEMENTS ON INTRODUCED BILLS AND JOINT RESOLUTIONS; Congressional Record Vol. 155, No. 145",https://www.congress.gov/congressional-record/volume-155/issue-145/senate-section/article/S10320-1,10/08/2009,,155,145,S10320
"SENATE CONCURRENT RESOLUTION 28--RELATIVE TO THE D.C. STANDDOWN 1995; Congressional Record Vol. 141, No. 154",https://www.congress.gov/congressional-record/volume-141/issue-154/senate-section/article/S14752-1,09/29/1995,,141,154,S14752
"Introductory Statement on S. 3349; Congressional Record Vol. 158, No. 98",https://www.congress.gov/congressional-record/volume-158/issue-98/senate-section/article/S4682-2,06/27/2012,,158,98,S4682
"VETERANS HEALTH PROGRAMS IMPROVEMENT ACT OF 1997; Congressional Record Vol. 143, No. 137",https://www.congress.gov/congressional-record/volume-143/issue-137/house-section/article/H8362-6,10/06/1997,,143,137,H8362
"Introductory Statement on S. 1257; Congressional Record Vol. 141, No. 145",https://www.congress.gov/congressional-record/volume-141/issue-145/senate-section/article/S13742-1,09/18/1995,,141,145,S13742
"STATEMENTS ON INTRODUCED BILLS AND JOINT RESOLUTIONS; Congressional Record Vol. 160, No. 116",https://www.congress.gov/congressional-record/volume-160/issue-116/senate-section/article/S4764-1,07/23/2014,,160,116,S4764
"HOUSING ASSISTANCE EFFICIENCY ACT; Congressional Record Vol. 160, No. 145",https://www.congress.gov/congressional-record/volume-160/issue-145/house-section/article/H8254-1,12/02/2014,,160,145,H8254
"CELEBRATING 30TH ANNIVERSARY OF SEATTLE'S DOWNTOWN EMERGENCY SERVICE CENTER; Congressional Record Vol. 155, No. 172",https://www.congress.gov/congressional-record/volume-155/issue-172/extensions-of-remarks-section/article/E2822-1,11/19/2009,,155,172,E2822
"Introductory Statement on S. 1944; Congressional Record Vol. 145, No. 163",https://www.congress.gov/congressional-record/volume-145/issue-163/senate-section/article/S14708-1,11/17/1999,,145,163,S14708
"HOMES FOR HEROES ACT OF 2009; Congressional Record Vol. 155, No. 90",https://www.congress.gov/congressional-record/volume-155/issue-90/house-section/article/H6833-1,06/16/2009,,155,90,H6833
"Introductory Statement on S. 262; Congressional Record Vol. 161, No. 13",https://www.congress.gov/congressional-record/volume-161/issue-13/senate-section/article/S544-2,01/27/2015,,161,13,S544
"DEPENDABLE EMPLOYMENT AND LIVING IMPROVEMENTS FOR VETERANS ECONOMIC RECOVERY ACT; Congressional Record Vol. 166, No. 165",https://www.congress.gov/congressional-record/volume-166/issue-165/house-section/article/H4754-1,09/23/2020,,166,165,H4754
"STATEMENTS ON INTRODUCED BILLS AND JOINT RESOLUTIONS; Congressional Record Vol. 165, No. 186",https://www.congress.gov/congressional-record/volume-165/issue-186/senate-section/article/S6720-1,11/20/2019,,165,186,S6720
"Introductory Statement on S. 3165; Congressional Record Vol. 169, No. 178",https://www.congress.gov/congressional-record/volume-169/issue-178/senate-section/article/S5231-2,10/30/2023,,169,178,S5231
"STATEMENTS ON INTRODUCED BILLS AND JOINT RESOLUTIONS; Congressional Record Vol. 169, No. 178",https://www.congress.gov/congressional-record/volume-169/issue-178/senate-section/article/S5231-1,10/30/2023,,169,178,S5231
"Introductory Statement on S. 1523; Congressional Record Vol. 155, No. 115",https://www.congress.gov/congressional-record/volume-155/issue-115/senate-section/article/S8198-2,07/28/2009,,155,115,S8198
,https://www.congress.gov/bound-congressional-record/1987/03/05/133/house-section/article/4810-4920,03/05/1987,,133,,4810-4920
"HUMAN TRAFFICKING LEGISLATION; Congressional Record Vol. 161, No. 42",https://www.congress.gov/congressional-record/volume-161/issue-42/senate-section/article/S1476-2,03/12/2015,,161,42,S1476
"Introductory Statement on S. 1516; Congressional Record Vol. 145, No. 114",https://www.congress.gov/congressional-record/volume-145/issue-114/senate-section/article/S10419-1,08/05/1999,,145,114,S10419
"INTRODUCTION OF H.R. 1906, THE SERVICEMEMBERS' TRANSITION ASSISTANCE PROGRAM AND SERVICES ENHANCEMENT ACT OF 2003; Congressional Record Vol. 149, No. 64",https://www.congress.gov/congressional-record/volume-149/issue-64/extensions-of-remarks-section/article/E835-2,05/01/2003,,149,64,E835
"SUPPORTING EFFORTS PROMOTING GREATER PUBLIC AWARENESS OF EFFECTIVE RUNAWAY YOUTH PREVENTION PROGRAMS; Congressional Record Vol. 152, No. 123",https://www.congress.gov/congressional-record/volume-152/issue-123/house-section/article/H7617-1,09/27/2006,,152,123,H7617
"TRANSPORTATION, HOUSING AND URBAN DEVELOPMENT, AND RELATED AGENCIES APPROPRIATIONS ACT, 2023; Congressional Record Vol. 168, No. 121",https://www.congress.gov/congressional-record/volume-168/issue-121/extensions-of-remarks-section/article/E769-4,07/21/2022,,168,121,E769
"HOMES FOR HEROES ACT OF 2011; Congressional Record Vol. 158, No. 49",https://www.congress.gov/congressional-record/volume-158/issue-49/house-section/article/H1553-1,03/26/2012,,158,49,H1553
"AN EIGHTH-GRADE PERSPECTIVE ON PRESIDENTIAL PROBLEM SOLVING; Congressional Record Vol. 141, No. 107",https://www.congress.gov/congressional-record/volume-141/issue-107/extensions-of-remarks-section/article/E1355-1,06/28/1995,,141,107,E1355
"STATEMENTS ON INTRODUCED BILLS AND JOINT RESOLUTIONS; Congressional Record Vol. 171, No. 99",https://www.congress.gov/congressional-record/volume-171/issue-99/senate-section/article/S3317-1,06/10/2025,,171,99,S3317
"DEPARTMENT OF VETERANS AFFAIRS EXPIRING AUTHORITIES ACT OF 2019; Congressional Record Vol. 165, No. 149",https://www.congress.gov/congressional-record/volume-165/issue-149/house-section/article/H7729-1,09/17/2019,,165,149,H7729
"INTRODUCTORY STATEMENT FOR H.R. 2518, THE VETERANS AFFAIRS REORGANIZAATION ACT OF 2003; Congressional Record Vol. 149, No. 92",https://www.congress.gov/congressional-record/volume-149/issue-92/extensions-of-remarks-section/article/E1318-1,06/20/2003,,149,92,E1318
"UNANIMOUS-CONSENT REQUEST--S. 1237; Congressional Record Vol. 156, No. 99",https://www.congress.gov/congressional-record/volume-156/issue-99/senate-section/article/S5504-1,06/29/2010,,156,99,S5504
"SUPPORTING EFFORTS TO PROMOTE GREATER AWARENESS OF EFFECTIVE RUNAWAY YOUTH PREVENTION PROGRAMS; Congressional Record Vol. 151, No. 137",https://www.congress.gov/congressional-record/volume-151/issue-137/house-section/article/H9063-2,10/25/2005,,151,137,H9063
"EDUCATION AND WOMEN'S HISTORY MONTH; Congressional Record Vol. 147, No. 29",https://www.congress.gov/congressional-record/volume-147/issue-29/house-section/article/H710-1,03/07/2001,,147,29,H710
"SENATE RESOLUTION 442--DESIGNATING NOVEMBER 2019 AS ""NATIONAL RUNAWAY PREVENTION MONTH""; Congressional Record Vol. 165, No. 187",https://www.congress.gov/congressional-record/volume-165/issue-187/senate-section/article/S6761-2,11/21/2019,,165,187,S6761
"HONORING THE SERVICE OF JOHN PARVENSKY; Congressional Record Vol. 169, No. 10",https://www.congress.gov/congressional-record/volume-169/issue-10/extensions-of-remarks-section/article/E23-3,01/12/2023,,169,10,E23
"RECOGNIZING THE COMPASSION AND CONTRIBUTIONS OF MS. DIANA STANLEY; Congressional Record Vol. 155, No. 186",https://www.congress.gov/congressional-record/volume-155/issue-186/extensions-of-remarks-section/article/E2981-1,12/11/2009,,155,186,E2981
"WILLIAM ``LES'' BROWN: A LEGACY OF INSPIRATION AND ACTIVISM; Congressional Record Vol. 151, No. 61",https://www.congress.gov/congressional-record/volume-151/issue-61/extensions-of-remarks-section/article/E943-2,05/11/2005,,151,61,E943
"EMERGENCY FOOD AND SHELTER ACT OF 2004; Congressional Record Vol. 150, No. 102",https://www.congress.gov/congressional-record/volume-150/issue-102/senate-section/article/S8569-3,07/21/2004,,150,102,S8569
"FEDERAL EMERGENCY MANAGEMENT FOOD AND SHELTER PROGRAMS REAUTHORIZATION; Congressional Record Vol. 147, No. 112",https://www.congress.gov/congressional-record/volume-147/issue-112/senate-section/article/S9001-6,08/03/2001,,147,112,S9001
"REAUTHORIZATION OF THE FEDERAL EMERGENCY MANAGEMENT FOOD AND SHELTER PROGRAM; Congressional Record Vol. 145, No. 165",https://www.congress.gov/congressional-record/volume-145/issue-165/senate-section/article/S14901-1,11/19/1999,,145,165,S14901
"CELEBRATING THE 30TH ANNIVERSARY OF THE LORD'S PLACE; Congressional Record Vol. 159, No. 167",https://www.congress.gov/congressional-record/volume-159/issue-167/extensions-of-remarks-section/article/E1742-2,11/21/2013,,159,167,E1742
"VETERANS HEALTH CARE FACILITIES CAPITAL IMPROVEMENT ACT; Congressional Record Vol. 157, No. 143",https://www.congress.gov/congressional-record/volume-157/issue-143/senate-section/article/S5941-1,09/23/2011,,157,143,S5941
"Introductory Statement on S. 1582; Congressional Record Vol. 142, No. 26",https://www.congress.gov/congressional-record/volume-142/issue-26/senate-section/article/S1456-2,02/29/1996,,142,26,S1456
"Introductory Statement on S. 2701; Congressional Record Vol. 169, No. 130",https://www.congress.gov/congressional-record/volume-169/issue-130/senate-section/article/S3765-1,07/27/2023,,169,130,S3765
"Introductory Statement on S. 1477; Congressional Record Vol. 171, No. 65",https://www.congress.gov/congressional-record/volume-171/issue-65/senate-section/article/S2568-1,04/10/2025,,171,65,S2568
"STATEMENTS ON INTRODUCED BILLS AND JOINT RESOLUTIONS; Congressional Record Vol. 160, No. 117",https://www.congress.gov/congressional-record/volume-160/issue-117/senate-section/article/S4905-1,07/24/2014,,160,117,S4905
"Text of Senate Amendment 290; Congressional Record Vol. 161, No. 41",https://www.congress.gov/congressional-record/volume-161/issue-41/senate-section/article/S1442-4,03/11/2015,,161,41,S1442
"STATEMENTS ON INTRODUCED BILLS AND JOINT RESOLUTIONS; Congressional Record Vol. 163, No. 43",https://www.congress.gov/congressional-record/volume-163/issue-43/senate-section/article/S1780-1,03/13/2017,,163,43,S1780
"THE PASSING OF BILL WALSH; Congressional Record Vol. 152, No. 53",https://www.congress.gov/congressional-record/volume-152/issue-53/extensions-of-remarks-section/article/E741-1,05/05/2006,,152,53,E741
"Introductory Statement on S. 3475; Congressional Record Vol. 152, No. 71",https://www.congress.gov/congressional-record/volume-152/issue-71/senate-section/article/S5601-1,06/07/2006,,152,71,S5601
"BUMFIGHTS; Congressional Record Vol. 148, No. 81",https://www.congress.gov/congressional-record/volume-148/issue-81/house-section/article/H3607-2,06/18/2002,,148,81,H3607
"STATEMENTS ON INTRODUCED BILLS AND JOINT RESOLUTIONS; Congressional Record Vol. 150, No. 115",https://www.congress.gov/congressional-record/volume-150/issue-115/senate-section/article/S9526-1,09/22/2004,,150,115,S9526
"INTRODUCTION OF A RESOLUTION RECOGNIZING THE GOALS AND IDEALS OF RUNAWAY YOUTH PREVENTION MONTH; Congressional Record Vol. 148, No. 134",https://www.congress.gov/congressional-record/volume-148/issue-134/extensions-of-remarks-section/article/E1847-3,10/11/2002,,148,134,E1847
"STATEMENTS ON INTRODUCED BILLS AND JOINT RESOLUTIONS; Congressional Record Vol. 155, No. 117",https://www.congress.gov/congressional-record/volume-155/issue-117/senate-section/article/S8558-1,07/30/2009,,155,117,S8558
"Introductory Statement on S. 4482; Congressional Record Vol. 168, No. 107",https://www.congress.gov/congressional-record/volume-168/issue-107/senate-section/article/S3164-1,06/23/2022,,168,107,S3164
"TRIBUTE TO POSADA AGENCY; Congressional Record Vol. 149, No. 27",https://www.congress.gov/congressional-record/volume-149/issue-27/extensions-of-remarks-section/article/E232-3,02/13/2003,,149,27,E232
"HOMES FOR HEROES ACT OF 2007; Congressional Record Vol. 154, No. 112",https://www.congress.gov/congressional-record/volume-154/issue-112/house-section/article/H6271-1,07/09/2008,,154,112,H6271
"REMEMBERING CAROL WALTER; Congressional Record Vol. 159, No. 11",https://www.congress.gov/congressional-record/volume-159/issue-11/senate-section/article/S326-3,01/28/2013,,159,11,S326
"DEPARTMENT OF VETERANS AFFAIRS EXPIRING AUTHORITIES ACT OF 2016; Congressional Record Vol. 162, No. 138",https://www.congress.gov/congressional-record/volume-162/issue-138/house-section/article/H5387-2,09/13/2016,,162,138,H5387
"CELEBRATING THE 30TH ANNIVERSARY OF HOMESTRETCH; Congressional Record Vol. 166, No. 27",https://www.congress.gov/congressional-record/volume-166/issue-27/extensions-of-remarks-section/article/E159-4,02/10/2020,,166,27,E159
"END HUNGER NOW; Congressional Record Vol. 162, No. 30",https://www.congress.gov/congressional-record/volume-162/issue-30/house-section/article/H896-2,02/25/2016,,162,30,H896
"NATIONAL UNDERSERVED VETERANS AWARENESS WEEK; Congressional Record Vol. 157, No. 168",https://www.congress.gov/congressional-record/volume-157/issue-168/extensions-of-remarks-section/article/E2019-4,11/04/2011,,157,168,E2019
"CCDBG REAUTHORIZATION; Congressional Record Vol. 160, No. 140",https://www.congress.gov/congressional-record/volume-160/issue-140/senate-section/article/S6007-1,11/17/2014,,160,140,S6007
"FAIR HOUSING MONTH; Congressional Record Vol. 165, No. 71",https://www.congress.gov/congressional-record/volume-165/issue-71/house-section/article/H3399-1,05/01/2019,,165,71,H3399
"INTRODUCING A RESOLUTION EXPRESSING THE SENSE OF THE HOUSE OF REPRESENTATIVES THAT VETERANS DESERVE THE HEALTH AND LIVING STANDARDS THEY FOUGHT TO PROTECT; Congressional Record Vol. 161, No. 56",https://www.congress.gov/congressional-record/volume-161/issue-56/extensions-of-remarks-section/article/E528-1,04/17/2015,,161,56,E528
"Text of Senate Amendment 3881; Congressional Record Vol. 167, No. 188",https://www.congress.gov/congressional-record/volume-167/issue-188/senate-section/article/S7376-2,10/26/2021,,167,188,S7376
"A TRIBUTE TO JOVENES, INC. AND ITS NATIONALLY RECOGNIZED STREET SOCCER TEAM; Congressional Record Vol. 154, No. 130",https://www.congress.gov/congressional-record/volume-154/issue-130/extensions-of-remarks-section/article/E1641-1,08/01/2008,,154,130,E1641
"DEPARTMENTS OF COMMERCE, JUSTICE, AND STATE, THE JUDICIARY, AND RELATED AGENCIES APPROPRIATIONS ACT, 2002; Congressional Record Vol. 147, No. 100",https://www.congress.gov/congressional-record/volume-147/issue-100/house-section/article/H4130-1,07/18/2001,,147,100,H4130
"UNANIMOUS CONSENT--S. 739; Congressional Record Vol. 147, No. 148",https://www.congress.gov/congressional-record/volume-147/issue-148/senate-section/article/S11273-1,10/31/2001,,147,148,S11273
"STATEMENTS ON INTRODUCED BILLS AND JOINT RESOLUTIONS; Congressional Record Vol. 157, No. 38",https://www.congress.gov/congressional-record/volume-157/issue-38/senate-section/article/S1602-1,03/14/2011,,157,38,S1602
"MISSING, EXPLOITED, AND RUNAWAY CHILDREN PROTECTION ACT; Congressional Record Vol. 145, No. 76",https://www.congress.gov/congressional-record/volume-145/issue-76/house-section/article/H3513-2,05/25/1999,,145,76,H3513
"HOMES FOR HEROES ACT OF 2013; Congressional Record Vol. 159, No. 69",https://www.congress.gov/congressional-record/volume-159/issue-69/extensions-of-remarks-section/article/E675-4,05/16/2013,,159,69,E675
"MILITARY AND VA APPROPRIATIONS; Congressional Record Vol. 155, No. 171",https://www.congress.gov/congressional-record/volume-155/issue-171/senate-section/article/S11485-2,11/18/2009,,155,171,S11485
"VETERANS TRANSITIONAL HOUSING OPPORTUNITIES ACT; Congressional Record Vol. 144, No. 65",https://www.congress.gov/congressional-record/volume-144/issue-65/house-section/article/H3596-4,05/20/1998,,144,65,H3596
"STATEMENTS ON INTRODUCED BILLS AND JOINT RESOLUTIONS; Congressional Record Vol. 151, No. 124",https://www.congress.gov/congressional-record/volume-151/issue-124/senate-section/article/S10725-1,09/29/2005,,151,124,S10725
"HUMAN TRAFFICKING LEGISLATION; Congressional Record Vol. 161, No. 42",https://www.congress.gov/congressional-record/volume-161/issue-42/senate-section/article/S1456-1,03/12/2015,,161,42,S1456
"MILITARY CONSTRUCTION, VETERANS AFFAIRS AND RELATED AGENCIES APPROPRIATIONS ACT, 2010; Congressional Record Vol. 155, No. 170",https://www.congress.gov/congressional-record/volume-155/issue-170/senate-section/article/S11403-3,11/17/2009,,155,170,S11403
"Text of Senate Amendment 1042; Congressional Record Vol. 155, No. 68",https://www.congress.gov/congressional-record/volume-155/issue-68/senate-section/article/S5164-6,05/05/2009,,155,68,S5164
"STATEMENTS ON INTRODUCED BILLS AND JOINT RESOLUTIONS; Congressional Record Vol. 154, No. 74",https://www.congress.gov/congressional-record/volume-154/issue-74/senate-section/article/S3793-1,05/06/2008,,154,74,S3793
,https://www.congress.gov/bound-congressional-record/1988/08/03/134/house-section/article/20198-20333,08/03/1988,,134,,20198-20333
"STATEMENTS ON INTRODUCED BILLS AND JOINT RESOLUTIONS; Congressional Record Vol. 165, No. 54",https://www.congress.gov/congressional-record/volume-165/issue-54/senate-section/article/S2090-1,03/28/2019,,165,54,S2090
"SUPPORING OUR VETERANS; Congressional Record Vol. 161, No. 179",https://www.congress.gov/congressional-record/volume-161/issue-179/senate-section/article/S8594-2,12/10/2015,,161,179,S8594
"HOMES FOR HEROES ACT OF 2013; Congressional Record Vol. 159, No. 68",https://www.congress.gov/congressional-record/volume-159/issue-68/house-section/article/H2629-1,05/15/2013,,159,68,H2629
"JUVENILE JUSTICE REFORM ACT; Congressional Record Vol. 164, No. 195",https://www.congress.gov/congressional-record/volume-164/issue-195/senate-section/article/S7426-1,12/11/2018,,164,195,S7426
,https://www.congress.gov/bound-congressional-record/1987/06/27/133/senate-section/article/17909-17960,06/27/1987,,133,,17909-17960
"PATHWAY TO STABLE AND AFFORDALE HOUSING FOR ALL ACT; Congressional Record Vol. 166, No. 26",https://www.congress.gov/congressional-record/volume-166/issue-26/extensions-of-remarks-section/article/E155-5,02/07/2020,,166,26,E155
"ENERGY AND WATER DEVELOPMENT AND RELATED AGENCIES APPROPRIATIONS ACT, 2019; Congressional Record Vol. 164, No. 95",https://www.congress.gov/congressional-record/volume-164/issue-95/house-section/article/H4985-4,06/08/2018,,164,95,H4985
"TEXT OF AMENDMENTS; Congressional Record Vol. 147, No. 168",https://www.congress.gov/congressional-record/volume-147/issue-168/senate-section/article/S12556-1,12/06/2001,,147,168,S12556
"COMMENDING THE SALVATION ARMY OF BROWARD COUNTY ON THE LAUNCH OF THE OPEN DOOR PROJECT; Congressional Record Vol. 160, No. 87",https://www.congress.gov/congressional-record/volume-160/issue-87/extensions-of-remarks-section/article/E912-3,06/05/2014,,160,87,E912
,https://www.congress.gov/bound-congressional-record/1987/01/27/133/house-section/article/1973-2005,01/27/1987,,133,,1973-2005
"DEPARTMENT OF VETERANS AFFAIRS EXPIRING AUTHORITIES ACT OF 2014; Congressional Record Vol. 160, No. 132",https://www.congress.gov/congressional-record/volume-160/issue-132/house-section/article/H7578-2,09/16/2014,,160,132,H7578
"TRIBUTE TO JANNA NICHOLS--CALIFORNIA'S 24TH CONGRESSIONAL WOMAN OF THE YEAR; Congressional Record Vol. 169, No. 74",https://www.congress.gov/congressional-record/volume-169/issue-74/extensions-of-remarks-section/article/E388-1,05/02/2023,,169,74,E388
"STATEMENTS ON INTRODUCED BILLS AND JOINT RESOLUTIONS; Congressional Record Vol. 142, No. 98",https://www.congress.gov/congressional-record/volume-142/issue-98/senate-section/article/S7302-2,06/28/1996,,142,98,S7302
"VETERANS' CHOICE OF REPRESENTATION ACT OF 2006; Congressional Record Vol. 152, No. 106",https://www.congress.gov/congressional-record/volume-152/issue-106/senate-section/article/S8884-3,08/03/2006,,152,106,S8884
"HUD GENERATED SECTION 8 CRISIS CONTINUES; Congressional Record Vol. 150, No. 81",https://www.congress.gov/congressional-record/volume-150/issue-81/extensions-of-remarks-section/article/E1098-3,06/14/2004,,150,81,E1098
"STATEMENTS ON INTRODUCED BILLS AND JOINT RESOLUTIONS; Congressional Record Vol. 169, No. 14",https://www.congress.gov/congressional-record/volume-169/issue-14/senate-section/article/S55-2,01/23/2023,,169,14,S55
"PAYING TRIBUTE TO KATHLEEN BOUTIN; Congressional Record Vol. 153, No. 38",https://www.congress.gov/congressional-record/volume-153/issue-38/extensions-of-remarks-section/article/E470-2,03/06/2007,,153,38,E470
"HOUSING UNHOUSED DISABLED VETERANS ACT; Congressional Record Vol. 171, No. 27",https://www.congress.gov/congressional-record/volume-171/issue-27/house-section/article/H603-1,02/10/2025,,171,27,H603
"ADDITIONAL STATEMENTS; Congressional Record Vol. 154, No. 127",https://www.congress.gov/congressional-record/volume-154/issue-127/senate-section/article/S7625-2,07/29/2008,,154,127,S7625
"STATEMENTS ON INTRODUCED BILLS AND JOINT RESOLUTIONS; Congressional Record Vol. 148, No. 68",https://www.congress.gov/congressional-record/volume-148/issue-68/senate-section/article/S4841-1,05/23/2002,,148,68,S4841
"VETERANS' BENEFITS ACT OF 1997; Congressional Record Vol. 143, No. 157",https://www.congress.gov/congressional-record/volume-143/issue-157/house-section/article/H10435-4,11/09/1997,,143,157,H10435
"STATEMENTS ON INTRODUCED BILLS AND JOINT RESOLUTIONS; Congressional Record Vol. 168, No. 41",https://www.congress.gov/congressional-record/volume-168/issue-41/senate-section/article/S1061-1,03/08/2022,,168,41,S1061
"STATE OF THE UNION AND HOUSING; Congressional Record Vol. 170, No. 41",https://www.congress.gov/congressional-record/volume-170/issue-41/house-section/article/H1008-3,03/07/2024,,170,41,H1008
"VERMONT STATE OF THE UNION ESSAY CONTEST FINALISTS; Congressional Record Vol. 166, No. 128",https://www.congress.gov/congressional-record/volume-166/issue-128/senate-section/article/S4344-3,07/21/2020,,166,128,S4344
"HONORING GLORIA GUARD, RETIRING AS PRESIDENT OF THE PEOPLE'S EMERGENCY CENTER OF PHILADELPHIA; Congressional Record Vol. 156, No. 85",https://www.congress.gov/congressional-record/volume-156/issue-85/extensions-of-remarks-section/article/E1039-3,06/08/2010,,156,85,E1039
"TRIBUTE TO RITA MARKLEY; Congressional Record Vol. 158, No. 145",https://www.congress.gov/congressional-record/volume-158/issue-145/senate-section/article/S6791-1,11/14/2012,,158,145,S6791
"STATEMENTS ON INTRODUCED BILLS AND JOINT RESOLUTIONS; Congressional Record Vol. 169, No. 45",https://www.congress.gov/congressional-record/volume-169/issue-45/senate-section/article/S744-2,03/09/2023,,169,45,S744
"INTRODUCTION OF THE STAND DOWN AUTHORIZATION ACT OF 1998; Congressional Record Vol. 144, No. 105",https://www.congress.gov/congressional-record/volume-144/issue-105/extensions-of-remarks-section/article/E1480-1,07/30/1998,,144,105,E1480
"HONORING MARGARET GREGG; Congressional Record Vol. 154, No. 20",https://www.congress.gov/congressional-record/volume-154/issue-20/extensions-of-remarks-section/article/E144-2,02/07/2008,,154,20,E144
"100,000 HOMES CAMPAIGN AND THANKING COMMON GROUND AND PINE STREET INN FOR THEIR EFFORTS ON THIS INITIATIVE; Congressional Record Vol. 156, No. 114",https://www.congress.gov/congressional-record/volume-156/issue-114/extensions-of-remarks-section/article/E1513-1,07/30/2010,,156,114,E1513
"COMMENDING THE LORD'S PLACE FOR ITS 3RD ANNUAL SLEEPOUT EVENT; Congressional Record Vol. 156, No. 17",https://www.congress.gov/congressional-record/volume-156/issue-17/extensions-of-remarks-section/article/E162-1,02/04/2010,,156,17,E162
"(At the request of Mr. Reid, the following statement was ordered to be printed in the Record.); Congressional Record Vol. 153, No. 177",https://www.congress.gov/congressional-record/volume-153/issue-177/senate-section/article/S14479-3,11/15/2007,,153,177,S14479
"UNFUNDED MANDATE REFORM ACT OF 1995; Congressional Record Vol. 141, No. 20",https://www.congress.gov/congressional-record/volume-141/issue-20/extensions-of-remarks-section/article/E239-2,02/01/1995,,141,20,E239
,https://www.congress.gov/bound-congressional-record/1987/06/22/133/house-section/article/16878-16958,06/22/1987,,133,,16878-16958
"HONORING SHELLEY McKITTRICK; Congressional Record Vol. 166, No. 175",https://www.congress.gov/congressional-record/volume-166/issue-175/extensions-of-remarks-section/article/E935-5,10/09/2020,,166,175,E935
"``SAINT'' RITA; Congressional Record Vol. 146, No. 5",https://www.congress.gov/congressional-record/volume-146/issue-5/senate-section/article/S162-1,01/31/2000,,146,5,S162
"IN SUPPORT OF H.R. 2398, VETERAN HOUSE ACT OF 2020; Congressional Record Vol. 166, No. 15",https://www.congress.gov/congressional-record/volume-166/issue-15/extensions-of-remarks-section/article/E65-2,01/24/2020,,166,15,E65
"HONORING JIMMY WAYNE; Congressional Record Vol. 156, No. 101",https://www.congress.gov/congressional-record/volume-156/issue-101/extensions-of-remarks-section/article/E1274-2,07/01/2010,,156,101,E1274
"ANNUAL MEETING OF THE COMMUNITY OPERATION ON TEMPORARY SHELTER; Congressional Record Vol. 143, No. 160",https://www.congress.gov/congressional-record/volume-143/issue-160/senate-section/article/S12634-2,11/13/1997,,143,160,S12634
"TRANSPORTATION, HOUSING AND URBAN DEVELOPMENT, AND RELATED AGENCIES APPROPRIATIONS ACT, 2011; Congressional Record Vol. 156, No. 114",https://www.congress.gov/congressional-record/volume-156/issue-114/extensions-of-remarks-section/article/E1496-2,07/30/2010,,156,114,E1496
"Introductory Statement on S. 3282; Congressional Record Vol. 156, No. 62",https://www.congress.gov/congressional-record/volume-156/issue-62/senate-section/article/S2805-2,04/29/2010,,156,62,S2805
"TRIBUTE TO UNITED WAY OF HUDSON COUNTY; Congressional Record Vol. 154, No. 120",https://www.congress.gov/congressional-record/volume-154/issue-120/extensions-of-remarks-section/article/E1525-2,07/22/2008,,154,120,E1525
"HONORING DR. PATRICK McKIERNAN; Congressional Record Vol. 152, No. 135",https://www.congress.gov/congressional-record/volume-152/issue-135/extensions-of-remarks-section/article/E2210-3,12/08/2006,,152,135,E2210
"HONORING DR. PATRICK McKIERNAN; Congressional Record Vol. 152, No. 135",https://www.congress.gov/congressional-record/volume-152/issue-135/extensions-of-remarks-section/article/E2142-5,12/08/2006,,152,135,E2142
"DEPARTMENT OF VETERANS AFFAIRS EXPIRING AUTHORITIES ACT OF 2013; Congressional Record Vol. 159, No. 130",https://www.congress.gov/congressional-record/volume-159/issue-130/house-section/article/H5888-6,09/27/2013,,159,130,H5888
"CELEBRATING LGBTQI+ AMERICANS ON VALENTINES DAY; Congressional Record Vol. 170, No. 30",https://www.congress.gov/congressional-record/volume-170/issue-30/house-section/article/H646-1,02/15/2024,,170,30,H646
"Introductory Statement on S. 2571; Congressional Record Vol. 164, No. 47",https://www.congress.gov/congressional-record/volume-164/issue-47/senate-section/article/S1792-2,03/19/2018,,164,47,S1792
"IN RECOGNITION OF EMILY TORRANCE RECEIVING THE ATHENA YOUTH LEADERSHIP AWARD; Congressional Record Vol. 163, No. 16",https://www.congress.gov/congressional-record/volume-163/issue-16/extensions-of-remarks-section/article/E107-2,01/31/2017,,163,16,E107
"TRIBUTE TO MCREST; Congressional Record Vol. 144, No. 152",https://www.congress.gov/congressional-record/volume-144/issue-152/extensions-of-remarks-section/article/E2308-2,11/12/1998,,144,152,E2308
"STATEMENTS ON INTRODUCED BILLS AND JOINT RESOLUTIONS; Congressional Record Vol. 167, No. 124",https://www.congress.gov/congressional-record/volume-167/issue-124/senate-section/article/S4927-1,07/15/2021,,167,124,S4927
"SAVING SAN FRANCISCO; Congressional Record Vol. 170, No. 121",https://www.congress.gov/congressional-record/volume-170/issue-121/house-section/article/H4944-1,07/25/2024,,170,121,H4944
"STATEMENTS ON INTRODUCED BILLS AND JOINT RESOLUTIONS; Congressional Record Vol. 164, No. 47",https://www.congress.gov/congressional-record/volume-164/issue-47/senate-section/article/S1792-1,03/19/2018,,164,47,S1792
"Introductory Statement on S. 2289; Congressional Record Vol. 161, No. 169",https://www.congress.gov/congressional-record/volume-161/issue-169/senate-section/article/S8023-1,11/17/2015,,161,169,S8023
"HONORING COLUMBUS HOUSE, INCORPORATED AS IT CELEBRATES ITS 25TH ANNIVERSARY; Congressional Record Vol. 153, No. 175",https://www.congress.gov/congressional-record/volume-153/issue-175/extensions-of-remarks-section/article/E2393-3,11/13/2007,,153,175,E2393
"DEPARTMENT OF VETERANS AFFAIRS EXPIRING AUTHORITIES ACT OF 2017; Congressional Record Vol. 163, No. 153",https://www.congress.gov/congressional-record/volume-163/issue-153/house-section/article/H7469-1,09/25/2017,,163,153,H7469
"NOMINATION OF ANDREW M. CUOMO OF NEW YORK TO BE SECRETARY OF HOUSING AND URBAN DEVELOPMENT; Congressional Record Vol. 143, No. 9",https://www.congress.gov/congressional-record/volume-143/issue-9/senate-section/article/S779-5,01/29/1997,,143,9,S779
"Text of Senate Amendment 143; Congressional Record Vol. 169, No. 118",https://www.congress.gov/congressional-record/volume-169/issue-118/senate-section/article/S2317-1,07/11/2023,,169,118,S2317
"PAYING TRIBUTE TO REVEREND ROBERT MILLER; Congressional Record Vol. 152, No. 37",https://www.congress.gov/congressional-record/volume-152/issue-37/extensions-of-remarks-section/article/E450-4,03/29/2006,,152,37,E450
"SENSE OF HOUSE REGARDING HOUSING FUNDING TO COMBAT AIDS; Congressional Record Vol. 156, No. 79",https://www.congress.gov/congressional-record/volume-156/issue-79/house-section/article/H3715-1,05/24/2010,,156,79,H3715
"SENSE OF HOUSE REGARDING HOUSING FUNDING TO COMBAT AIDS; Congressional Record Vol. 156, No. 79",https://www.congress.gov/congressional-record/volume-156/issue-79/house-section/article/H3715-2,05/24/2010,,156,79,H3715
"INTRODUCTION OF THE STAND DOWN AUTHORIZATION ACT OF 1999; Congressional Record Vol. 145, No. 19",https://www.congress.gov/congressional-record/volume-145/issue-19/extensions-of-remarks-section/article/E127-2,02/03/1999,,145,19,E127
"VETERANS' MEDICAL BENEFITS; Congressional Record Vol. 142, No. 3",https://www.congress.gov/congressional-record/volume-142/issue-3/senate-section/article/S102-4,01/05/1996,,142,3,S102
"STATEMENTS ON INTRODUCED BILLS AND JOINT RESOLUTIONS; Congressional Record Vol. 153, No. 86",https://www.congress.gov/congressional-record/volume-153/issue-86/senate-section/article/S6849-1,05/24/2007,,153,86,S6849
"TEXT OF AMENDMENTS; Congressional Record Vol. 150, No. 66",https://www.congress.gov/congressional-record/volume-150/issue-66/senate-section/article/S5377-2,05/12/2004,,150,66,S5377
"COLUMBUS HOUSE HONORED; Congressional Record Vol. 142, No. 69",https://www.congress.gov/congressional-record/volume-142/issue-69/extensions-of-remarks-section/article/E829-1,05/16/1996,,142,69,E829
,https://www.congress.gov/bound-congressional-record/1987/04/09/133/senate-section/article/8672-8903,04/09/1987,,133,,8672-8903
"TRIBUTE TO THE 20TH ANNIVERSARY OF ABODE SERVICES; Congressional Record Vol. 155, No. 56",https://www.congress.gov/congressional-record/volume-155/issue-56/extensions-of-remarks-section/article/E861-1,04/02/2009,,155,56,E861
"EMERGENCY HOUSING PROTECTIONS AND RELIEF ACT OF 2020; Congressional Record Vol. 166, No. 119",https://www.congress.gov/congressional-record/volume-166/issue-119/house-section/article/H2644-1,06/29/2020,,166,119,H2644
"Introductory Statement on S. 2112; Congressional Record Vol. 146, No. 19",https://www.congress.gov/congressional-record/volume-146/issue-19/senate-section/article/S868-2,02/28/2000,,146,19,S868
"ADDITIONAL STATEMENTS; Congressional Record Vol. 141, No. 170",https://www.congress.gov/congressional-record/volume-141/issue-170/senate-section/article/S16433-1,10/31/1995,,141,170,S16433
"STATEMENTS ON INTRODUCED BILLS AND JOINT RESOLUTION; Congressional Record Vol. 167, No. 101",https://www.congress.gov/congressional-record/volume-167/issue-101/senate-section/article/S4045-1,06/10/2021,,167,101,S4045
"SUBMITTED RESOLUTIONS; Congressional Record Vol. 164, No. 188",https://www.congress.gov/congressional-record/volume-164/issue-188/senate-section/article/S7245-1,11/29/2018,,164,188,S7245
"STATEMENTS ON INTRODUCED BILLS AND JOINT RESOLUTIONS; Congressional Record Vol. 156, No. 73",https://www.congress.gov/congressional-record/volume-156/issue-73/senate-section/article/S3783-3,05/14/2010,,156,73,S3783
"Introductory Statement on S. 3377; Congressional Record Vol. 156, No. 73",https://www.congress.gov/congressional-record/volume-156/issue-73/senate-section/article/S3783-4,05/14/2010,,156,73,S3783
"DEPARTMENT OF VETERANS AFFAIRS EXPIRING AUTHORITIES ACT OF 2015; Congressional Record Vol. 161, No. 142",https://www.congress.gov/congressional-record/volume-161/issue-142/house-section/article/H6719-4,09/30/2015,,161,142,H6719
"STATEMENTS ON INTRODUCED BILLS AND JOINT RESOLUTIONS; Congressional Record Vol. 155, No. 172",https://www.congress.gov/congressional-record/volume-155/issue-172/senate-section/article/S11595-1,11/19/2009,,155,172,S11595
"WEST LOS ANGELES VA CAMPUS IMPROVEMENT ACT OF 2021; Congressional Record Vol. 167, No. 85",https://www.congress.gov/congressional-record/volume-167/issue-85/house-section/article/H2365-1,05/17/2021,,167,85,H2365
"DEPARTMENTS OF VETERANS AFFAIRS AND HOUSING AND URBAN DEVELOPMENT, AND INDEPENDENT AGENCIES APPROPRIATIONS ACT, 2000--Continued; Congressional Record Vol. 145, No. 124",https://www.congress.gov/congressional-record/volume-145/issue-124/senate-section/article/S11232-1,09/22/1999,,145,124,S11232
"UNANIMOUS CONSENT REQUEST--S. 739; Congressional Record Vol. 147, No. 153",https://www.congress.gov/congressional-record/volume-147/issue-153/senate-section/article/S11519-2,11/07/2001,,147,153,S11519
"REVEREND DR. FRED L. MAXWELL, PATRIARCH OF SPIRITUAL LEADERSHIP IN CENTRAL FLORIDA, AUGUST 2, 1907-DECEMBER 13, 2005; Congressional Record Vol. 151, No. 163",https://www.congress.gov/congressional-record/volume-151/issue-163/extensions-of-remarks-section/article/E2582-1,12/17/2005,,151,163,E2582
"AMANDA GAYLE'S KITCHEN; Congressional Record Vol. 157, No. 6",https://www.congress.gov/congressional-record/volume-157/issue-6/house-section/article/H233-3,01/18/2011,,157,6,H233
"RECOGNIZING SUSAN STECHNIJ; Congressional Record Vol. 158, No. 17",https://www.congress.gov/congressional-record/volume-158/issue-17/extensions-of-remarks-section/article/E118-1,02/02/2012,,158,17,E118
"RECOGNIZING THE CONTRIBUTIONS OF TIMOTHY T. WILLIAMS; Congressional Record Vol. 149, No. 51",https://www.congress.gov/congressional-record/volume-149/issue-51/extensions-of-remarks-section/article/E627-1,03/31/2003,,149,51,E627
"Text of Senate Amendment 3866; Congressional Record Vol. 167, No. 184",https://www.congress.gov/congressional-record/volume-167/issue-184/senate-section/article/S7131-1,10/20/2021,,167,184,S7131
"HONORING THE DEDICATED SERVICE OF SOL FLORES; Congressional Record Vol. 158, No. 108",https://www.congress.gov/congressional-record/volume-158/issue-108/extensions-of-remarks-section/article/E1278-3,07/18/2012,,158,108,E1278
"TRIBUTE TO RABBI MARVIN M. GROSS; Congressional Record Vol. 162, No. 89",https://www.congress.gov/congressional-record/volume-162/issue-89/extensions-of-remarks-section/article/E830-3,06/07/2016,,162,89,E830
"RECOGNIZING THE RECIPIENTS OF THE 2013 SHELTER HOUSE, INC. VOLUNTEER AWARDS; Congressional Record Vol. 159, No. 95",https://www.congress.gov/congressional-record/volume-159/issue-95/extensions-of-remarks-section/article/E1000-4,06/28/2013,,159,95,E1000
"IN RECOGNITION OF EDWARD GEFFNER, PRESIDENT AND CEO OF PROJECT RENEWAL, ON THE OCCASION OF HIS RETIREMENT; Congressional Record Vol. 156, No. 88",https://www.congress.gov/congressional-record/volume-156/issue-88/extensions-of-remarks-section/article/E1091-3,06/14/2010,,156,88,E1091
"REMEMBERING MICHAEL McQUAID; Congressional Record Vol. 166, No. 140",https://www.congress.gov/congressional-record/volume-166/issue-140/senate-section/article/S5267-2,08/06/2020,,166,140,S5267
"MACV; Congressional Record Vol. 149, No. 69",https://www.congress.gov/congressional-record/volume-149/issue-69/extensions-of-remarks-section/article/E924-2,05/09/2003,,149,69,E924
"TEXT OF AMENDMENTS; Congressional Record Vol. 155, No. 68",https://www.congress.gov/congressional-record/volume-155/issue-68/senate-section/article/S5164-5,05/05/2009,,155,68,S5164
"MORNING BUSINESS; Congressional Record Vol. 170, No. 24",https://www.congress.gov/congressional-record/volume-170/issue-24/senate-section/article/S594-1,02/09/2024,,170,24,S594
"LEGISLATION IN SUPPORT OF DESIGNATION AND GOALS OF HIRE-A-VETERAN WEEK; Congressional Record Vol. 151, No. 15",https://www.congress.gov/congressional-record/volume-151/issue-15/extensions-of-remarks-section/article/E227-3,02/14/2005,,151,15,E227
"Text of Senate Amendment 3931; Congressional Record Vol. 167, No. 189",https://www.congress.gov/congressional-record/volume-167/issue-189/senate-section/article/S7428-1,10/27/2021,,167,189,S7428
"RECOGNIZING AND SUPPORTING GOALS AND IDEALS OF NATIONAL RUNAWAY PREVENTION MONTH; Congressional Record Vol. 149, No. 49",https://www.congress.gov/congressional-record/volume-149/issue-49/house-section/article/H2325-1,03/26/2003,,149,49,H2325
"RECOGNIZING COMITIS CRISIS CENTER; Congressional Record Vol. 164, No. 177",https://www.congress.gov/congressional-record/volume-164/issue-177/extensions-of-remarks-section/article/E1498-2,11/06/2018,,164,177,E1498
"CELEBRATING THE 35TH ANNIVERSARY OF THE DOORWAYS FOR WOMEN AND FAMILIES; Congressional Record Vol. 159, No. 121",https://www.congress.gov/congressional-record/volume-159/issue-121/extensions-of-remarks-section/article/E1317-5,09/16/2013,,159,121,E1317
"COMMUNITY ACTION OF GREATER INDIANAPOLIS, INC.; Congressional Record Vol. 142, No. 34",https://www.congress.gov/congressional-record/volume-142/issue-34/extensions-of-remarks-section/article/E329-1,03/13/1996,,142,34,E329
"HONORING COLETTE'S CHILDREN'S HOME; Congressional Record Vol. 169, No. 191",https://www.congress.gov/congressional-record/volume-169/issue-191/extensions-of-remarks-section/article/E1111-5,11/17/2023,,169,191,E1111
"Text of Senate Amendment 271; Congressional Record Vol. 161, No. 39",https://www.congress.gov/congressional-record/volume-161/issue-39/senate-section/article/S1338-1,03/09/2015,,161,39,S1338
"COMMEMORATING THE OPENING OF HARKNESS HOUSE TO PROVIDE TRANSITIONAL HOUSING FOR VETERANS; Congressional Record Vol. 156, No. 83",https://www.congress.gov/congressional-record/volume-156/issue-83/extensions-of-remarks-section/article/E982-3,05/28/2010,,156,83,E982
"SUPPORTING EFFORTS TO PROMOTE AWARENESS OF EFFECTIVE RUNAWAY YOUTH PREVENTION PROGRAMS; Congressional Record Vol. 150, No. 125",https://www.congress.gov/congressional-record/volume-150/issue-125/house-section/article/H8326-2,10/06/2004,,150,125,H8326
"PAYING TRIBUTE TO RICK ALLEN; Congressional Record Vol. 150, No. 29",https://www.congress.gov/congressional-record/volume-150/issue-29/extensions-of-remarks-section/article/E334-1,03/09/2004,,150,29,E334
"RECOGNIZING ORANGE COUNTY'S 1ST ANNUAL STAND DOWN; Congressional Record Vol. 157, No. 137",https://www.congress.gov/congressional-record/volume-157/issue-137/extensions-of-remarks-section/article/E1646-1,09/15/2011,,157,137,E1646
"STATEMENTS ON INTRODUCED BILLS AND JOINT RESOLUTIONS; Congressional Record Vol. 157, No. 80",https://www.congress.gov/congressional-record/volume-157/issue-80/senate-section/article/S3499-1,06/06/2011,,157,80,S3499
"SENATE RESOLUTION 297--CONGRATULATING THE CORPORATION FOR SUPPORTIVE HOUSING ON THE 20TH ANNIVERSARY OF ITS FOUNDING; Congressional Record Vol. 157, No. 156",https://www.congress.gov/congressional-record/volume-157/issue-156/senate-section/article/S6672-2,10/18/2011,,157,156,S6672
"RECOGNIZING FACETS AND ""A TASTE OF FALL""; Congressional Record Vol. 156, No. 154",https://www.congress.gov/congressional-record/volume-156/issue-154/extensions-of-remarks-section/article/E2016-1,11/30/2010,,156,154,E2016
"TRIBUTE TO FOUR FLORIDA VETERANS; Congressional Record Vol. 155, No. 21",https://www.congress.gov/congressional-record/volume-155/issue-21/extensions-of-remarks-section/article/E187-4,02/03/2009,,155,21,E187
"VET-TEC AUTHORIZATION ACT OF 2023; Congressional Record Vol. 169, No. 86",https://www.congress.gov/congressional-record/volume-169/issue-86/house-section/article/H2474-1,05/22/2023,,169,86,H2474
"Introductory Statement on S. 1060; Congressional Record Vol. 157, No. 73",https://www.congress.gov/congressional-record/volume-157/issue-73/senate-section/article/S3341-2,05/25/2011,,157,73,S3341
"Introductory Statement on S. 1503; Congressional Record Vol. 143, No. 157",https://www.congress.gov/congressional-record/volume-143/issue-157/senate-section/article/S12306-1,11/09/1997,,143,157,S12306
"NATIVE VETSUCCESS AT TRIBAL COLLEGES AND UNIVERSITIES PILOT PROGRAM ACT; Congressional Record Vol. 167, No. 85",https://www.congress.gov/congressional-record/volume-167/issue-85/house-section/article/H2369-1,05/17/2021,,167,85,H2369
"Text of Senate Amendment 2269; Congressional Record Vol. 159, No. 165",https://www.congress.gov/congressional-record/volume-159/issue-165/senate-section/article/S8250-3,11/19/2013,,159,165,S8250
"Text of Senate Amendment 644; Congressional Record Vol. 165, No. 102",https://www.congress.gov/congressional-record/volume-165/issue-102/senate-section/article/S3667-1,06/18/2019,,165,102,S3667
"CARING FOR VETERANS IN AMERICA'S HEARTLAND; Congressional Record Vol. 154, No. 56",https://www.congress.gov/congressional-record/volume-154/issue-56/extensions-of-remarks-section/article/E560-2,04/09/2008,,154,56,E560
"LET'S CRAFT A FAIR DEAL FOR OUR VETERANS; Congressional Record Vol. 146, No. 45",https://www.congress.gov/congressional-record/volume-146/issue-45/extensions-of-remarks-section/article/E536-4,04/11/2000,,146,45,E536
"STATEMENTS ON INTRODUCED BILLS AND JOINT RESOLUTIONS; Congressional Record Vol. 155, No. 56",https://www.congress.gov/congressional-record/volume-155/issue-56/senate-section/article/S4315-1,04/02/2009,,155,56,S4315
"EXECUTIVE CALENDAR; Congressional Record Vol. 163, No. 36",https://www.congress.gov/congressional-record/volume-163/issue-36/senate-section/article/S1513-2,03/01/2017,,163,36,S1513
"VETERANS' BENEFITS DENIAL ACT OF 1997; Congressional Record Vol. 143, No. 158",https://www.congress.gov/congressional-record/volume-143/issue-158/senate-section/article/S12488-1,11/10/1997,,143,158,S12488
"STATEMENTS ON INTRODUCED BILLS AND JOINT RESOLUTIONS; Congressional Record Vol. 145, No. 14",https://www.congress.gov/congressional-record/volume-145/issue-14/senate-section/article/S1011-2,01/26/1999,,145,14,S1011
"RECOGNIZING AUBREY PATINO'S DEDICATION TO THE NEEDIEST IN HER COMMUNITY; Congressional Record Vol. 170, No. 16",https://www.congress.gov/congressional-record/volume-170/issue-16/extensions-of-remarks-section/article/E88-4,01/29/2024,,170,16,E88
"IN RECOGNITION OF PROGRESS AT WEST LOS ANGELES VA MEDICAL CENTER; Congressional Record Vol. 161, No. 134",https://www.congress.gov/congressional-record/volume-161/issue-134/extensions-of-remarks-section/article/E1313-1,09/17/2015,,161,134,E1313
"TRIBUTE TO MS. CAROLYN McLAUGHLIN; Congressional Record Vol. 151, No. 151",https://www.congress.gov/congressional-record/volume-151/issue-151/extensions-of-remarks-section/article/E2356-2,11/15/2005,,151,151,E2356
"IN RECOGNITION AND HONOR OF GREG BUNKER; Congressional Record Vol. 157, No. 58",https://www.congress.gov/congressional-record/volume-157/issue-58/extensions-of-remarks-section/article/E786-2,05/03/2011,,157,58,E786
"PLACER COUNTY RETAIL THEFT INITIATIVE; Congressional Record Vol. 170, No. 17",https://www.congress.gov/congressional-record/volume-170/issue-17/house-section/article/H309-1,01/30/2024,,170,17,H309
"STRUGGLES AND HARDSHIPS FACING KEY WEST, FLORIDA; Congressional Record Vol. 155, No. 116",https://www.congress.gov/congressional-record/volume-155/issue-116/house-section/article/H9038-8,07/29/2009,,155,116,H9038
"Text of Senate Amendment 2760; Congressional Record Vol. 161, No. 160",https://www.congress.gov/congressional-record/volume-161/issue-160/senate-section/article/S7661-2,10/29/2015,,161,160,S7661
"RECOGNIZING THE RECIPIENTS OF THE 2012 SHELTER HOUSE, INC. VOLUNTEER AWARDS; Congressional Record Vol. 158, No. 93",https://www.congress.gov/congressional-record/volume-158/issue-93/extensions-of-remarks-section/article/E1071-1,06/19/2012,,158,93,E1071
"HONORING THE WASHINGTON ANIMAL RESCUE LEAGUE; Congressional Record Vol. 151, No. 106",https://www.congress.gov/congressional-record/volume-151/issue-106/extensions-of-remarks-section/article/E1668-3,07/29/2005,,151,106,E1668
,https://www.congress.gov/bound-congressional-record/1987/04/08/133/senate-section/article/8390-8526,04/08/1987,,133,,8390-8526
"RECOGNIZING IMPORTANCE OF YOUTH RUNAWAY PREVENTION; Congressional Record Vol. 155, No. 189",https://www.congress.gov/congressional-record/volume-155/issue-189/house-section/article/H14839-1,12/14/2009,,155,189,H14839
"IN RECOGNITION OF HOMES FOR HEROES; Congressional Record Vol. 162, No. 29",https://www.congress.gov/congressional-record/volume-162/issue-29/extensions-of-remarks-section/article/E205-2,02/24/2016,,162,29,E205
"IN RECOGNITION OF MICHELE JACKSON; Congressional Record Vol. 157, No. 10",https://www.congress.gov/congressional-record/volume-157/issue-10/extensions-of-remarks-section/article/E112-4,01/25/2011,,157,10,E112
"MILITARY CONSTRUCTION AND VETERANS AFFAIRS APPROPRIATIONS ACT, 2008; Congressional Record Vol. 153, No. 99",https://www.congress.gov/congressional-record/volume-153/issue-99/extensions-of-remarks-section/article/E1338-2,06/19/2007,,153,99,E1338
"SISTER LUCILLE BONVOULOIR; Congressional Record Vol. 142, No. 56",https://www.congress.gov/congressional-record/volume-142/issue-56/senate-section/article/S4314-2,04/29/1996,,142,56,S4314
"FOSTERING STABLE HOUSING OPPORTUNITIES ACT OF 2019; Congressional Record Vol. 165, No. 184",https://www.congress.gov/congressional-record/volume-165/issue-184/house-section/article/H8937-1,11/18/2019,,165,184,H8937
"Introductory Statement on S. 1676; Congressional Record Vol. 155, No. 131",https://www.congress.gov/congressional-record/volume-155/issue-131/senate-section/article/S9439-1,09/16/2009,,155,131,S9439
"A TRIBUTE TO SUSAN PRATHER; Congressional Record Vol. 154, No. 143",https://www.congress.gov/congressional-record/volume-154/issue-143/extensions-of-remarks-section/article/E1750-1,09/10/2008,,154,143,E1750
"GRAND OPENING OF THE MADISON STREET VETERANS TRANSITIONAL HOUSING CENTER; Congressional Record Vol. 156, No. 85",https://www.congress.gov/congressional-record/volume-156/issue-85/extensions-of-remarks-section/article/E1030-3,06/08/2010,,156,85,E1030
"EXTENDING AUTHORITIES OF DEPARTMENT OF VETERANS AFFAIRS RELATING TO DELIVERY OF HEALTH AND MEDICAL CARE; Congressional Record Vol. 142, No. 10",https://www.congress.gov/congressional-record/volume-142/issue-10/house-section/article/H901-5,01/25/1996,,142,10,H901
"HOMES FOR HEROES ACT OF 2007; Congressional Record Vol. 154, No. 113",https://www.congress.gov/congressional-record/volume-154/issue-113/extensions-of-remarks-section/article/E1442-1,07/10/2008,,154,113,E1442
"MILITARY CONSTRUCTION, VETERANS AFFAIRS, AND RELATED AGENCIES APPROPRIATIONS ACT, 2010--Continued; Congressional Record Vol. 155, No. 170",https://www.congress.gov/congressional-record/volume-155/issue-170/senate-section/article/S11407-2,11/17/2009,,155,170,S11407
"DEPARTMENT OF VETERANS AFFAIRS EXPIRING AUTHORITIES ACT OF 2015; Congressional Record Vol. 161, No. 139",https://www.congress.gov/congressional-record/volume-161/issue-139/senate-section/article/S6955-11,09/25/2015,,161,139,S6955
"Text of Senate Amendment 3240; Congressional Record Vol. 158, No. 151",https://www.congress.gov/congressional-record/volume-158/issue-151/senate-section/article/S7248-3,11/29/2012,,158,151,S7248
"STATEMENTS ON INTRODUCED BILLS AND JOINT RESOLUTIONS; Congressional Record Vol. 146, No. 19",https://www.congress.gov/congressional-record/volume-146/issue-19/senate-section/article/S867-4,02/28/2000,,146,19,S867
"AMENDING TITLE 38, UNITED STATES CODE, TO EXTEND CERTAIN EXPIRING PROVISIONS OF LAW; Congressional Record Vol. 152, No. 128",https://www.congress.gov/congressional-record/volume-152/issue-128/house-section/article/H8617-1,11/14/2006,,152,128,H8617
"STATEMENTS ON INTRODUCED BILLS AND JOINT RESOLUTIONS; Congressional Record Vol. 163, No. 204",https://www.congress.gov/congressional-record/volume-163/issue-204/senate-section/article/S8047-1,12/14/2017,,163,204,S8047
"Introductory Statement on S. 2760; Congressional Record Vol. 155, No. 168",https://www.congress.gov/congressional-record/volume-155/issue-168/senate-section/article/S11346-2,11/10/2009,,155,168,S11346
"IN SUPPORT OF HOMES FOR HEROES ACT OF 2009; Congressional Record Vol. 155, No. 92",https://www.congress.gov/congressional-record/volume-155/issue-92/extensions-of-remarks-section/article/E1499-2,06/18/2009,,155,92,E1499
,https://www.congress.gov/bound-congressional-record/1987/06/30/133/house-section/article/18235-18369,06/30/1987,,133,,18235-18369
"RECOGNIZING DEAN KLEIN FOR RECEIPT OF LEADERSHIP FAIRFAX'S KATHERINE K. HANLEY PUBLIC SERVICE AWARD FOR 2015; Congressional Record Vol. 161, No. 65",https://www.congress.gov/congressional-record/volume-161/issue-65/extensions-of-remarks-section/article/E647-3,05/01/2015,,161,65,E647
"CITY OF BERKELEY, CALIFORNIA SHELTER PLUS CARE CURRENT RENEWAL CRISIS; Congressional Record Vol. 145, No. 118",https://www.congress.gov/congressional-record/volume-145/issue-118/extensions-of-remarks-section/article/E1851-4,09/13/1999,,145,118,E1851
,https://www.congress.gov/bound-congressional-record/1987/04/10/133/daily-digest/article/258-260,04/10/1987,,133,,258-260
"HONORING CREATIVE BEGINNINGS; Congressional Record Vol. 152, No. 125",https://www.congress.gov/congressional-record/volume-152/issue-125/extensions-of-remarks-section/article/E1927-1,09/29/2006,,152,125,E1927
"THE MISSING, EXPLOITED, AND RUNAWAY CHILDREN PROTECTION ACT OF 1999 S. 249; Congressional Record Vol. 145, No. 95",https://www.congress.gov/congressional-record/volume-145/issue-95/senate-section/article/S7919-1,06/30/1999,,145,95,S7919
"TRIBUTE TO SCOTT AUWATER; Congressional Record Vol. 162, No. 177",https://www.congress.gov/congressional-record/volume-162/issue-177/extensions-of-remarks-section/article/E1653-3,12/08/2016,,162,177,E1653
"STATEMENTS ON INTRODUCED BILLS AND JOINT RESOLUTIONS; Congressional Record Vol. 151, No. 37",https://www.congress.gov/congressional-record/volume-151/issue-37/senate-section/article/S3203-1,04/05/2005,,151,37,S3203
"AMENDMENT SUBMITTED; Congressional Record Vol. 142, No. 3",https://www.congress.gov/congressional-record/volume-142/issue-3/senate-section/article/S99-3,01/05/1996,,142,3,S99
"HONORING GLORIETTA ROWLAND; Congressional Record Vol. 168, No. 120",https://www.congress.gov/congressional-record/volume-168/issue-120/extensions-of-remarks-section/article/E760-3,07/20/2022,,168,120,E760
"STAND DOWN '97; Congressional Record Vol. 143, No. 84",https://www.congress.gov/congressional-record/volume-143/issue-84/extensions-of-remarks-section/article/E1238-2,06/17/1997,,143,84,E1238
"NATIONAL CENTER FOR MISSING AND EXPLOITED CHILDREN AUTHORIZATION ACT; Congressional Record Vol. 144, No. 86",https://www.congress.gov/congressional-record/volume-144/issue-86/senate-section/article/S7298-5,06/26/1998,,144,86,S7298
"Text of Senate Amendment 933; Congressional Record Vol. 163, No. 146",https://www.congress.gov/congressional-record/volume-163/issue-146/senate-section/article/S5154-1,09/11/2017,,163,146,S5154
"Text of Senate Amendment 875; Congressional Record Vol. 163, No. 146",https://www.congress.gov/congressional-record/volume-163/issue-146/senate-section/article/S5125-3,09/11/2017,,163,146,S5125
"Text of Senate Amendment 498; Congressional Record Vol. 163, No. 127",https://www.congress.gov/congressional-record/volume-163/issue-127/senate-section/article/S4505-3,07/27/2017,,163,127,S4505
"IN RECOGNITION OF MAYOR FRANK JACKSON; Congressional Record Vol. 153, No. 83",https://www.congress.gov/congressional-record/volume-153/issue-83/extensions-of-remarks-section/article/E1095-3,05/21/2007,,153,83,E1095
"VOLUNTEERS OF AMERICA OF FLORIDA; Congressional Record Vol. 150, No. 31",https://www.congress.gov/congressional-record/volume-150/issue-31/senate-section/article/S2709-3,03/11/2004,,150,31,S2709
"STATEMENTS ON INTRODUCED BILLS AND JOINT RESOLUTIONS; Congressional Record Vol. 151, No. 69",https://www.congress.gov/congressional-record/volume-151/issue-69/senate-section/article/S5780-1,05/23/2005,,151,69,S5780
"DEPARTMENT OF VETERANS AFFAIRS EXPIRING AUTHORITIES ACT OF 2018; Congressional Record Vol. 164, No. 158",https://www.congress.gov/congressional-record/volume-164/issue-158/house-section/article/H8754-1,09/25/2018,,164,158,H8754
,https://www.congress.gov/bound-congressional-record/1988/10/11/134/house-section/article/29661-29693,10/11/1988,,134,,29661-29693
"STATEMENTS ON INTRODUCED BILLS AND JOINT RESOLUTIONS; Congressional Record Vol. 161, No. 169",https://www.congress.gov/congressional-record/volume-161/issue-169/senate-section/article/S8022-1,11/17/2015,,161,169,S8022
"THE WORLD WILL MISS KIP TIERNAN; Congressional Record Vol. 157, No. 102",https://www.congress.gov/congressional-record/volume-157/issue-102/extensions-of-remarks-section/article/E1286-2,07/11/2011,,157,102,E1286
"STAND DOWN 2007; Congressional Record Vol. 153, No. 106",https://www.congress.gov/congressional-record/volume-153/issue-106/house-section/article/H7416-7,06/28/2007,,153,106,H7416
"DEMANDING ACCOUNTABILITY FOR VETERANS ACT OF 2014; Congressional Record Vol. 160, No. 88",https://www.congress.gov/congressional-record/volume-160/issue-88/house-section/article/H5130-1,06/09/2014,,160,88,H5130
"STATEMENTS ON INTRODUCED BILLS AND JOINT RESOLUTIONS; Congressional Record Vol. 159, No. 58",https://www.congress.gov/congressional-record/volume-159/issue-58/senate-section/article/S3031-1,04/25/2013,,159,58,S3031
"NATIVE AMERICAN VETERAN HOUSING LOAN PROGRAM ACT; Congressional Record Vol. 143, No. 153",https://www.congress.gov/congressional-record/volume-143/issue-153/senate-section/article/S11790-2,11/05/1997,,143,153,S11790
"TRIBUTE TO CENTRAL OREGON VETERANS OUTREACH; Congressional Record Vol. 158, No. 52",https://www.congress.gov/congressional-record/volume-158/issue-52/extensions-of-remarks-section/article/E510-1,03/29/2012,,158,52,E510
"HONORING THE LIFE OF MR. TIMOTHY WARREN; Congressional Record Vol. 157, No. 100",https://www.congress.gov/congressional-record/volume-157/issue-100/extensions-of-remarks-section/article/E1261-3,07/07/2011,,157,100,E1261
"RECOGNIZING THE CONTRIBUTIONS OF THE COALITION TO SALUTE AMERICA'S HEROES; Congressional Record Vol. 159, No. 176",https://www.congress.gov/congressional-record/volume-159/issue-176/extensions-of-remarks-section/article/E1848-2,12/12/2013,,159,176,E1848
"RECOGNIZING THE 30 YEAR ANNIVERSARY OF SHELTER HOUSE AND THE RECIPIENTS OF THE 2011 SHELTER HOUSE, INC. VOLUNTEER AWARDS; Congressional Record Vol. 157, No. 85",https://www.congress.gov/congressional-record/volume-157/issue-85/extensions-of-remarks-section/article/E1088-3,06/14/2011,,157,85,E1088
"RECOGNIZING THE RECIPIENTS OF THE 2009 SHELTER HOUSE, INC. VOLUNTEER AWARDS; Congressional Record Vol. 155, No. 86",https://www.congress.gov/congressional-record/volume-155/issue-86/extensions-of-remarks-section/article/E1371-2,06/10/2009,,155,86,E1371
"THE ECONOMY; Congressional Record Vol. 156, No. 162",https://www.congress.gov/congressional-record/volume-156/issue-162/senate-section/article/S8671-1,12/09/2010,,156,162,S8671
"BIBLICAL PRINCIPLES BEHIND THE BUDGET; Congressional Record Vol. 150, No. 33",https://www.congress.gov/congressional-record/volume-150/issue-33/house-section/article/H1079-3,03/16/2004,,150,33,H1079
"AUTHORITY FOR COMMITTEES TO MEET; Congressional Record Vol. 147, No. 101",https://www.congress.gov/congressional-record/volume-147/issue-101/senate-section/article/S7982-2,07/19/2001,,147,101,S7982
"MISSING, EXPLOITED, AND RUNAWAY CHILDREN PROTECTION ACT; Congressional Record Vol. 145, No. 77",https://www.congress.gov/congressional-record/volume-145/issue-77/extensions-of-remarks-section/article/E1101-3,05/26/1999,,145,77,E1101
"CELEBRATING STEPHEN PECK; Congressional Record Vol. 170, No. 189",https://www.congress.gov/congressional-record/volume-170/issue-189/extensions-of-remarks-section/article/E1307-2,12/19/2024,,170,189,E1307
"TRIBUTE TO JANE AND WILLIAM McQUAIN AND THE WORK OF THE DWELLING PLACE; Congressional Record Vol. 157, No. 183",https://www.congress.gov/congressional-record/volume-157/issue-183/extensions-of-remarks-section/article/E2154-3,12/01/2011,,157,183,E2154
"Introductory Statement on S. 317; Congressional Record Vol. 157, No. 21",https://www.congress.gov/congressional-record/volume-157/issue-21/senate-section/article/S644-1,02/10/2011,,157,21,S644
"RECOGNIZING RECIPIENTS OF THE 2010 SHELTER HOUSE VOLUNTEER AWARDS; Congressional Record Vol. 156, No. 85",https://www.congress.gov/congressional-record/volume-156/issue-85/extensions-of-remarks-section/article/E1019-4,06/08/2010,,156,85,E1019
"HONORING MINNESOTA STAND DOWN; Congressional Record Vol. 146, No. 30",https://www.congress.gov/congressional-record/volume-146/issue-30/extensions-of-remarks-section/article/E340-1,03/16/2000,,146,30,E340
"TRIBUTE TO BRAD HOPKINS; Congressional Record Vol. 168, No. 142",https://www.congress.gov/congressional-record/volume-168/issue-142/senate-section/article/S4435-3,09/06/2022,,168,142,S4435
"Text of Senate Amendment 4993; Congressional Record Vol. 154, No. 102",https://www.congress.gov/congressional-record/volume-154/issue-102/senate-section/article/S5908-2,06/19/2008,,154,102,S5908
"RECOGNIZING DARLYS J. BAUM; Congressional Record Vol. 152, No. 35",https://www.congress.gov/congressional-record/volume-152/issue-35/senate-section/article/S2412-2,03/27/2006,,152,35,S2412
"HONORING THE MINISTRY AND COMMUNITY IMPACT OF MR. LARRY YONKER AT SPRINGS RESCUE MISSION; Congressional Record Vol. 167, No. 97",https://www.congress.gov/congressional-record/volume-167/issue-97/extensions-of-remarks-section/article/E608-3,06/04/2021,,167,97,E608
"RECOGNIZING THE EFFORTS OF SHELTER HOUSE, INC. AND THE RECIPIENTS OF THE 2014 VOLUNTEER AWARDS; Congressional Record Vol. 160, No. 106",https://www.congress.gov/congressional-record/volume-160/issue-106/extensions-of-remarks-section/article/E1128-2,07/09/2014,,160,106,E1128
"RECOGNIZING THE CONTRIBUTIONS OF OUR DAILY BREAD; Congressional Record Vol. 157, No. 41",https://www.congress.gov/congressional-record/volume-157/issue-41/extensions-of-remarks-section/article/E519-5,03/17/2011,,157,41,E519
"ENERGY JOBS FOR VETERANS ACT; Congressional Record Vol. 156, No. 48",https://www.congress.gov/congressional-record/volume-156/issue-48/extensions-of-remarks-section/article/E501-2,03/25/2010,,156,48,E501
"RECOGNIZING THE CONTRIBUTIONS OF OUR DAILY BREAD; Congressional Record Vol. 156, No. 22",https://www.congress.gov/congressional-record/volume-156/issue-22/extensions-of-remarks-section/article/E191-1,02/22/2010,,156,22,E191
"IN HONOR OF FOOD NOT BOMBS CLEVELAND; Congressional Record Vol. 147, No. 101",https://www.congress.gov/congressional-record/volume-147/issue-101/extensions-of-remarks-section/article/E1371-1,07/19/2001,,147,101,E1371
"RECOGNIZING KENNESAW STATE UNIVERSITY; Congressional Record Vol. 158, No. 112",https://www.congress.gov/congressional-record/volume-158/issue-112/senate-section/article/S5369-2,07/25/2012,,158,112,S5369
"THE FEDERAL GOVERNMENT, AN UMBRELLA ON A RAINY DAY; Congressional Record Vol. 159, No. 113",https://www.congress.gov/congressional-record/volume-159/issue-113/house-section/article/H5266-2,08/01/2013,,159,113,H5266
"DISABILITIES ADVOCATES FIGHT BUSH SECTION 8 PROPOSAL; Congressional Record Vol. 150, No. 40",https://www.congress.gov/congressional-record/volume-150/issue-40/extensions-of-remarks-section/article/E456-4,03/26/2004,,150,40,E456
"EDUCATION LEGISLATION AND SCHOOL SAFETY; Congressional Record Vol. 146, No. 59",https://www.congress.gov/congressional-record/volume-146/issue-59/senate-section/article/S3952-1,05/15/2000,,146,59,S3952
"STATEMENTS ON INTRODUCED BILLS AND JOINT RESOLUTIONS; Congressional Record Vol. 151, No. 99",https://www.congress.gov/congressional-record/volume-151/issue-99/senate-section/article/S8560-1,07/20/2005,,151,99,S8560
"TRIBUTE TO JIMMY WAYNE; Congressional Record Vol. 156, No. 62",https://www.congress.gov/congressional-record/volume-156/issue-62/senate-section/article/S2798-1,04/29/2010,,156,62,S2798
"PASSAGE OF HELPING FAMILIES SAVE THEIR HOMES ACT; Congressional Record Vol. 155, No. 77",https://www.congress.gov/congressional-record/volume-155/issue-77/house-section/article/H5768-4,05/19/2009,,155,77,H5768
"TRIBUTE TO WILLIAM HAROLD DENSMORE; Congressional Record Vol. 153, No. 195",https://www.congress.gov/congressional-record/volume-153/issue-195/extensions-of-remarks-section/article/E2634-3,12/19/2007,,153,195,E2634
"CONGRATULATING CULLEN TALTON ON HIS RETIREMENT; Congressional Record Vol. 169, No. 197",https://www.congress.gov/congressional-record/volume-169/issue-197/house-section/article/H5989-1,11/30/2023,,169,197,H5989
"HONORING ALISON CUNNINGHAM, EXECUTIVE DIRECTOR OF COLUMBUS HOUSE; Congressional Record Vol. 165, No. 150",https://www.congress.gov/congressional-record/volume-165/issue-150/extensions-of-remarks-section/article/E1173-4,09/18/2019,,165,150,E1173
"IN RECOGNITION OF THE 20TH ANNIVERSARY OF THE SALVATION ARMY GUAM CORPS; Congressional Record Vol. 158, No. 55",https://www.congress.gov/congressional-record/volume-158/issue-55/extensions-of-remarks-section/article/E557-3,04/17/2012,,158,55,E557
"DEPENDABLE EMPLOYMENT AND LIVING IMPROVEMENTS FOR VETERANS ECONOMIC RECOVERY ACT; Congressional Record Vol. 166, No. 215",https://www.congress.gov/congressional-record/volume-166/issue-215/extensions-of-remarks-section/article/E1180-3,12/18/2020,,166,215,E1180
"COMMENDING THE HUMAN INVESTMENT PROJECT FOR OUTSTANDING WORK IN PROVIDING AFFORDABLE HOUSING IN SAN MATEO COUNTY; Congressional Record Vol. 143, No. 63",https://www.congress.gov/congressional-record/volume-143/issue-63/extensions-of-remarks-section/article/E930-2,05/14/1997,,143,63,E930
"POOR PEOPLE'S CAMPAIGN; Congressional Record Vol. 164, No. 99",https://www.congress.gov/congressional-record/volume-164/issue-99/house-section/article/H5188-5,06/14/2018,,164,99,H5188
"RECOGNIZING PAT FARRELL FOR HIS REMARKABLE SERVICE TO THE VETERANS OF ARIZONA; Congressional Record Vol. 165, No. 61",https://www.congress.gov/congressional-record/volume-165/issue-61/extensions-of-remarks-section/article/E437-3,04/09/2019,,165,61,E437
"IMPROVING TRANSPARENCY OF EDUCATION OPPORTUNITIES FOR VETERANS ACT OF 2012; Congressional Record Vol. 158, No. 121",https://www.congress.gov/congressional-record/volume-158/issue-121/house-section/article/H5817-1,09/11/2012,,158,121,H5817
"Text of Senate Amendment 4380; Congressional Record Vol. 162, No. 88",https://www.congress.gov/congressional-record/volume-162/issue-88/senate-section/article/S3427-1,06/06/2016,,162,88,S3427
"Text of Senate Amendment 4379; Congressional Record Vol. 162, No. 88",https://www.congress.gov/congressional-record/volume-162/issue-88/senate-section/article/S3418-3,06/06/2016,,162,88,S3418
"DEPARTMENTS OF VETERANS AFFAIRS AND HOUSING AND URBAN DEVELOPMENT, AND INDEPENDENT AGENCIES APPROPRIATIONS ACT, 1996; Congressional Record Vol. 141, No. 152",https://www.congress.gov/congressional-record/volume-141/issue-152/senate-section/article/S14337-2,09/27/1995,,141,152,S14337
"HOUSING IS A HUMAN RIGHT; Congressional Record Vol. 170, No. 67",https://www.congress.gov/congressional-record/volume-170/issue-67/house-section/article/H2492-1,04/17/2024,,170,67,H2492
"VETERANS' HEALTH CARE IMPROVEMENT ACT OF 2007; Congressional Record Vol. 153, No. 123",https://www.congress.gov/congressional-record/volume-153/issue-123/house-section/article/H8892-1,07/30/2007,,153,123,H8892
"STATEMENTS ON INTRODUCED BILLS AND JOINT RESOLUTIONS; Congressional Record Vol. 171, No. 65",https://www.congress.gov/congressional-record/volume-171/issue-65/senate-section/article/S2565-1,04/10/2025,,171,65,S2565
"UNITED WAY OF HUDSON COUNTY, NEW JERSEY; Congressional Record Vol. 154, No. 117",https://www.congress.gov/congressional-record/volume-154/issue-117/house-section/article/H6579-7,07/16/2008,,154,117,H6579
"IN RECOGNITION OF THE 30TH ANNIVERSARY OF LOAVES AND FISHES; Congressional Record Vol. 159, No. 83",https://www.congress.gov/congressional-record/volume-159/issue-83/extensions-of-remarks-section/article/E849-3,06/12/2013,,159,83,E849
"MEDICARE AND SOCIAL PROGRAMS ARE UNDER ATTACK; Congressional Record Vol. 141, No. 121",https://www.congress.gov/congressional-record/volume-141/issue-121/house-section/article/H7558-1,07/25/1995,,141,121,H7558
"LEGISLATION PROTECTING VICTIMS OF SEXUAL VIOLENCE AND HUMAN TRAFFICKING; Congressional Record Vol. 161, No. 79",https://www.congress.gov/congressional-record/volume-161/issue-79/senate-section/article/S3232-1,05/21/2015,,161,79,S3232
"TRANSPORTATION, HOUSING AND URBAN DEVELOPMENT, AND RELATED AGENCIES APPROPRIATIONS ACT, 2013; Congressional Record Vol. 158, No. 104",https://www.congress.gov/congressional-record/volume-158/issue-104/extensions-of-remarks-section/article/E1245-5,07/12/2012,,158,104,E1245
"IN MEMORY OF MR. GENE BECKSTEIN; Congressional Record Vol. 162, No. 89",https://www.congress.gov/congressional-record/volume-162/issue-89/extensions-of-remarks-section/article/E832-3,06/07/2016,,162,89,E832
"RESOLUTIONS SUBMITTED TODAY; Congressional Record Vol. 159, No. 166",https://www.congress.gov/congressional-record/volume-159/issue-166/senate-section/article/S8410-1,11/20/2013,,159,166,S8410
"125TH ANNIVERSARY OF THE CENTRAL UNION MISSION; Congressional Record Vol. 155, No. 178",https://www.congress.gov/congressional-record/volume-155/issue-178/extensions-of-remarks-section/article/E2881-5,12/03/2009,,155,178,E2881
"UNANIMOUS CONSENT REQUEST--S. 739; Congressional Record Vol. 147, No. 149",https://www.congress.gov/congressional-record/volume-147/issue-149/senate-section/article/S11317-1,11/01/2001,,147,149,S11317
"IN RECOGNITION OF OZONE HOUSE FOR 50 YEARS OF DEDICATED SERVICE; Congressional Record Vol. 165, No. 93",https://www.congress.gov/congressional-record/volume-165/issue-93/extensions-of-remarks-section/article/E704-2,06/04/2019,,165,93,E704
"IN RECOGNITION OF THE 25TH ANNIVERSARY OF SACRAMENTO STAND DOWN ASSOCIATION; Congressional Record Vol. 162, No. 143",https://www.congress.gov/congressional-record/volume-162/issue-143/extensions-of-remarks-section/article/E1324-2,09/21/2016,,162,143,E1324
"STATEMENTS ON INTRODUCED BILLS AND JOINT RESOLUTIONS; Congressional Record Vol. 142, No. 26",https://www.congress.gov/congressional-record/volume-142/issue-26/senate-section/article/S1455-4,02/29/1996,,142,26,S1455
,https://www.congress.gov/bound-congressional-record/1985/03/21/131/extensions-of-remarks-section/article/5990-6024,03/21/1985,,131,,5990-6024
"House of Representatives; Congressional Record Vol. 143, No. 157",https://www.congress.gov/congressional-record/volume-143/issue-157/house-section/article/H10485-1,11/09/1997,,143,157,H10485
"MENTAL HEALTH CAUCUS; Congressional Record Vol. 149, No. 68",https://www.congress.gov/congressional-record/volume-149/issue-68/house-section/article/H3850-3,05/08/2003,,149,68,H3850
"EXCESS FEDERAL BUILDING AND PROPERTY DISPOSAL ACT OF 2012; Congressional Record Vol. 158, No. 46",https://www.congress.gov/congressional-record/volume-158/issue-46/house-section/article/H1401-3,03/20/2012,,158,46,H1401
"HONORING THE DEDICATED SERVICE OF PAUL HAMANN; Congressional Record Vol. 158, No. 104",https://www.congress.gov/congressional-record/volume-158/issue-104/extensions-of-remarks-section/article/E1243-4,07/12/2012,,158,104,E1243
"COMMEMORATING ANTHONY PESCETTI; Congressional Record Vol. 171, No. 5",https://www.congress.gov/congressional-record/volume-171/issue-5/house-section/article/H85-1,01/09/2025,,171,5,H85
"Text of Senate Amendment 72; Congressional Record Vol. 169, No. 63",https://www.congress.gov/congressional-record/volume-169/issue-63/senate-section/article/S1137-4,04/17/2023,,169,63,S1137
"Text of Senate Amendment 4879; Congressional Record Vol. 152, No. 106",https://www.congress.gov/congressional-record/volume-152/issue-106/senate-section/article/S8865-6,08/03/2006,,152,106,S8865
"IN SUPPORT OF VA SECRETARY ERIC SHINSEKI; Congressional Record Vol. 160, No. 70",https://www.congress.gov/congressional-record/volume-160/issue-70/extensions-of-remarks-section/article/E737-1,05/09/2014,,160,70,E737
"LEGISLATION TO ELIMINATE MISMANAGED HUD PROGRAM; Congressional Record Vol. 143, No. 1",https://www.congress.gov/congressional-record/volume-143/issue-1/extensions-of-remarks-section/article/E18-1,01/07/1997,,143,1,E18
"TRIBUTE TO STEWART B. McKINNEY; Congressional Record Vol. 143, No. 58",https://www.congress.gov/congressional-record/volume-143/issue-58/house-section/article/H2334-4,05/07/1997,,143,58,H2334
"HONORING BRIANA DANIEL AS A DISTINGUISHED LEADER IN CENTRAL FLORIDA FOR BLACK HISTORY MONTH; Congressional Record Vol. 170, No. 33",https://www.congress.gov/congressional-record/volume-170/issue-33/extensions-of-remarks-section/article/E174-3,02/23/2024,,170,33,E174
"HONORING THE PUBLIC SERVICE OF MR. ROBERT VILMUR; Congressional Record Vol. 149, No. 27",https://www.congress.gov/congressional-record/volume-149/issue-27/extensions-of-remarks-section/article/E266-3,02/13/2003,,149,27,E266
"INTRODUCTION OF H.R. 3387; Congressional Record Vol. 149, No. 155",https://www.congress.gov/congressional-record/volume-149/issue-155/extensions-of-remarks-section/article/E2158-5,10/30/2003,,149,155,E2158
"SUPPORTING NATIONAL RUNAWAY PREVENTION MONTH; Congressional Record Vol. 156, No. 160",https://www.congress.gov/congressional-record/volume-156/issue-160/house-section/article/H8039-3,12/07/2010,,156,160,H8039
"THE BRIDGE FUND; Congressional Record Vol. 142, No. 138",https://www.congress.gov/congressional-record/volume-142/issue-138/extensions-of-remarks-section/article/E1867-3,09/30/1996,,142,138,E1867
,https://www.congress.gov/bound-congressional-record/1992/10/08/138/extensions-of-remarks-section/article/34770-34798,10/08/1992,,138,,34770-34798
"IN RECOGNITION OF THE SACRAMENTO HOUSING ALLIANCE'S 25TH ANNIVERSARY; Congressional Record Vol. 160, No. 83",https://www.congress.gov/congressional-record/volume-160/issue-83/extensions-of-remarks-section/article/E885-1,05/30/2014,,160,83,E885
"RECOGNIZING MARK WASSERMAN AND THE HOUSES FOR CHANGE PROGRAM; Congressional Record Vol. 158, No. 15",https://www.congress.gov/congressional-record/volume-158/issue-15/extensions-of-remarks-section/article/E89-2,01/31/2012,,158,15,E89
"HONORING THE SAMARITAN INN; Congressional Record Vol. 155, No. 95",https://www.congress.gov/congressional-record/volume-155/issue-95/extensions-of-remarks-section/article/E1535-2,06/23/2009,,155,95,E1535
"HELPING FAMILIES SAVE THEIR HOMES ACT OF 2009; Congressional Record Vol. 155, No. 78",https://www.congress.gov/congressional-record/volume-155/issue-78/extensions-of-remarks-section/article/E1210-1,05/20/2009,,155,78,E1210
"RECOGNIZING REVEREND MICHEAL ELLIOTT; Congressional Record Vol. 146, No. 74",https://www.congress.gov/congressional-record/volume-146/issue-74/extensions-of-remarks-section/article/E1004-1,06/14/2000,,146,74,E1004
"COMMENDING THE PINE-RICHLAND MIDDLE SCHOOL FOR THEIR VOLUNTEERISM; Congressional Record Vol. 143, No. 54",https://www.congress.gov/congressional-record/volume-143/issue-54/extensions-of-remarks-section/article/E793-2,04/30/1997,,143,54,E793
"IN HONOR AND REMEMBRANCE OF DANIEL THOMPSON, POET LAUREATE OF CUYAHOGA COUNTY; Congressional Record Vol. 150, No. 65",https://www.congress.gov/congressional-record/volume-150/issue-65/extensions-of-remarks-section/article/E806-3,05/11/2004,,150,65,E806
"TRIBUTE TO THE JACKIE ROBINSON AMERICAN LEGION AUXILIARY UNIT NO. 252; Congressional Record Vol. 141, No. 84",https://www.congress.gov/congressional-record/volume-141/issue-84/extensions-of-remarks-section/article/E1080-1,05/19/1995,,141,84,E1080
"VERMONT ESSAY FINALISTS; Congressional Record Vol. 161, No. 9",https://www.congress.gov/congressional-record/volume-161/issue-9/senate-section/article/S274-3,01/20/2015,,161,9,S274
"Introductory Statement on S. 1892; Congressional Record Vol. 157, No. 176",https://www.congress.gov/congressional-record/volume-157/issue-176/senate-section/article/S7706-1,11/17/2011,,157,176,S7706
"VETERANS HOUSING AND EMPLOYMENT IMPROVEMENT ACT OF 2005; Congressional Record Vol. 151, No. 148",https://www.congress.gov/congressional-record/volume-151/issue-148/house-section/article/H10074-2,11/09/2005,,151,148,H10074
"TRIBUTE TO KATHLEEN BAUSHKE--CALIFORNIA'S 24TH CONGRESSIONAL WOMEN OF THE YEAR; Congressional Record Vol. 166, No. 153",https://www.congress.gov/congressional-record/volume-166/issue-153/extensions-of-remarks-section/article/E815-6,09/04/2020,,166,153,E815
"SENSE OF HOUSE REGARDING HOUSING FUNDING TO COMBAT AIDS; Congressional Record Vol. 156, No. 83",https://www.congress.gov/congressional-record/volume-156/issue-83/extensions-of-remarks-section/article/E998-1,05/28/2010,,156,83,E998
"PAYING TRIBUTE TO LARRY WILLIAMS; Congressional Record Vol. 152, No. 132",https://www.congress.gov/congressional-record/volume-152/issue-132/extensions-of-remarks-section/article/E2079-2,12/05/2006,,152,132,E2079
"TRIBUTE TO HARRY PREGERSON; Congressional Record Vol. 147, No. 116",https://www.congress.gov/congressional-record/volume-147/issue-116/extensions-of-remarks-section/article/E1613-1,09/10/2001,,147,116,E1613
,https://www.congress.gov/bound-congressional-record/1992/02/24/138/extensions-of-remarks-section/article/3183-3199,02/24/1992,,138,,3183-3199
"REP. CORRINE BROWN, RANKING MEMBER COMMITTEE ON VETERANS AFFAIRS NOTABLE ACCOMPLISHMENTS OF 114TH CONGRESS; Congressional Record Vol. 162, No. 177",https://www.congress.gov/congressional-record/volume-162/issue-177/extensions-of-remarks-section/article/E1654-1,12/08/2016,,162,177,E1654
"COMMEMORATING THE SACRIFICES OF AMERICA'S VETERANS; Congressional Record Vol. 160, No. 137",https://www.congress.gov/congressional-record/volume-160/issue-137/extensions-of-remarks-section/article/E1531-1,11/12/2014,,160,137,E1531
"Text of Senate Amendment 366; Congressional Record Vol. 165, No. 98",https://www.congress.gov/congressional-record/volume-165/issue-98/senate-section/article/S3433-3,06/12/2019,,165,98,S3433
"BOUNTIFUL BIRTHDAY BOX AT BEVERLY FARMS ELEMENTARY SCHOOL; Congressional Record Vol. 150, No. 85",https://www.congress.gov/congressional-record/volume-150/issue-85/extensions-of-remarks-section/article/E1188-2,06/18/2004,,150,85,E1188
"VETERANS HEALTH CARE FACILITIES CAPITAL IMPROVEMENT ACT OF 2011; Congressional Record Vol. 157, No. 140",https://www.congress.gov/congressional-record/volume-157/issue-140/house-section/article/H6246-3,09/20/2011,,157,140,H6246
"HONORING BRUNO DAUBE; Congressional Record Vol. 150, No. 33",https://www.congress.gov/congressional-record/volume-150/issue-33/extensions-of-remarks-section/article/E377-1,03/16/2004,,150,33,E377
"STATEMENTS ON INTRODUCED BILLS AND JOINT RESOLUTIONS--APRIL 6, 2001; Congressional Record Vol. 147, No. 50",https://www.congress.gov/congressional-record/volume-147/issue-50/senate-section/article/S3711-1,04/06/2001,,147,50,S3711
"CONFERENCE REPORT ON H.R. 2684, DEPARTMENTS OF VETERANS AFFAIRS AND HOUSING AND URBAN DEVELOPMENT, AND INDEPENDENT AGENCIES APPROPRIATIONS ACT, 2000; Congressional Record Vol. 145, No. 141",https://www.congress.gov/congressional-record/volume-145/issue-141/extensions-of-remarks-section/article/E2113-3,10/18/1999,,145,141,E2113
"Introductory Statement on S. 3479; Congressional Record Vol. 164, No. 155",https://www.congress.gov/congressional-record/volume-164/issue-155/senate-section/article/S6227-1,09/18/2018,,164,155,S6227
"PUBLIC BILLS AND RESOLUTIONS; Congressional Record Vol. 166, No. 53",https://www.congress.gov/congressional-record/volume-166/issue-53/house-section/article/H1710-6,03/19/2020,,166,53,H1710
"VA EXPIRING AUTHORITIES EXTENSION ACT OF 2013; Congressional Record Vol. 159, No. 174",https://www.congress.gov/congressional-record/volume-159/issue-174/house-section/article/H7614-1,12/10/2013,,159,174,H7614
"STATEMENTS ON INTRODUCED BILLS AND JOINT RESOLUTIONS; Congressional Record Vol. 168, No. 107",https://www.congress.gov/congressional-record/volume-168/issue-107/senate-section/article/S3162-1,06/23/2022,,168,107,S3162
"VA MAJOR CONSTRUCTION AUTHORIZATION AND EXPIRING AUTHORITIES EXTENSION ACT OF 2012; Congressional Record Vol. 158, No. 127",https://www.congress.gov/congressional-record/volume-158/issue-127/house-section/article/H6094-1,09/19/2012,,158,127,H6094
"MILITARY CONSTRUCTION, VETERANS AFFAIRS, AND RELATED AGENCIES APPROPRIATIONS ACT, 2010; Congressional Record Vol. 155, No. 165",https://www.congress.gov/congressional-record/volume-155/issue-165/senate-section/article/S11239-8,11/06/2009,,155,165,S11239
"CIVILIAN PROPERTY REALIGNMENT ACT; Congressional Record Vol. 158, No. 19",https://www.congress.gov/congressional-record/volume-158/issue-19/house-section/article/H490-4,02/06/2012,,158,19,H490
"DEPARTMENT OF VETERANS AFFAIRS EXPIRING AUTHORITIES ACT OF 2018; Congressional Record Vol. 164, No. 155",https://www.congress.gov/congressional-record/volume-164/issue-155/senate-section/article/S6254-4,09/18/2018,,164,155,S6254
"STATEMENTS ON INTRODUCED BILLS AND JOINT RESOLUTIONS; Congressional Record Vol. 160, No. 21",https://www.congress.gov/congressional-record/volume-160/issue-21/senate-section/article/S765-1,02/04/2014,,160,21,S765
"Introductory Statement on S. 1987; Congressional Record Vol. 160, No. 21",https://www.congress.gov/congressional-record/volume-160/issue-21/senate-section/article/S765-2,02/04/2014,,160,21,S765
"HONORING THE LIFE AND WORK OF MARY ISAAK; Congressional Record Vol. 154, No. 24",https://www.congress.gov/congressional-record/volume-154/issue-24/extensions-of-remarks-section/article/E179-1,02/13/2008,,154,24,E179
"VETERANS HEALTH PROGRAMS IMPROVEMENT ACT OF 2004; Congressional Record Vol. 150, No. 132",https://www.congress.gov/congressional-record/volume-150/issue-132/house-section/article/H9772-2,11/17/2004,,150,132,H9772
,https://www.congress.gov/bound-congressional-record/1987/04/09/133/daily-digest/article/250-258,04/09/1987,,133,,250-258
"HONORING THOSE WHO HONOR OUR VETERANS; Congressional Record Vol. 166, No. 213",https://www.congress.gov/congressional-record/volume-166/issue-213/house-section/article/H7168-2,12/16/2020,,166,213,H7168
"ADDITIONAL STATEMENTS; Congressional Record Vol. 157, No. 174",https://www.congress.gov/congressional-record/volume-157/issue-174/senate-section/article/S7448-2,11/15/2011,,157,174,S7448
"Confirmation of Eric Turner (Executive Calendar); Congressional Record Vol. 171, No. 24",https://www.congress.gov/congressional-record/volume-171/issue-24/senate-section/article/S606-3,02/05/2025,,171,24,S606
"HOUSING OPPORTUNITY THROUGH MODERNIZATION ACT OF 2015; Congressional Record Vol. 162, No. 19",https://www.congress.gov/congressional-record/volume-162/issue-19/house-section/article/H470-2,02/02/2016,,162,19,H470
"EXPRESSING SENSE OF HOUSE OF REPRESENTATIVES THERE SHOULD BE ESTABLISHED A NATIONAL COMMUNITY HEALTH CENTER WEEK; Congressional Record Vol. 149, No. 108",https://www.congress.gov/congressional-record/volume-149/issue-108/house-section/article/H7179-1,07/21/2003,,149,108,H7179
,https://www.congress.gov/bound-congressional-record/1994/08/01/140/extensions-of-remarks-section/article/18878-18884,08/01/1994,,140,,18878-18884
"RECOGNIZING THE 35TH ANNIVERSARY OF HOMESTRETCH; Congressional Record Vol. 171, No. 72",https://www.congress.gov/congressional-record/volume-171/issue-72/extensions-of-remarks-section/article/E366-2,04/30/2025,,171,72,E366
"RECOGNIZING THE 25TH ANNIVERSARY OF GOOD SHEPHERD HOUSING FOUNDATION; Congressional Record Vol. 160, No. 137",https://www.congress.gov/congressional-record/volume-160/issue-137/extensions-of-remarks-section/article/E1550-3,11/12/2014,,160,137,E1550
"HEROES OF COMPASSION; Congressional Record Vol. 158, No. 84",https://www.congress.gov/congressional-record/volume-158/issue-84/extensions-of-remarks-section/article/E995-3,06/06/2012,,158,84,E995
"RECOGNIZING THE IMPORTANCE OF CONNECTING FOSTER YOUTH TO THE WORKFORCE THROUGH INTERNSHIP PROGRAMS; Congressional Record Vol. 154, No. 127",https://www.congress.gov/congressional-record/volume-154/issue-127/house-section/article/H7271-1,07/29/2008,,154,127,H7271
"EXPRESSING SENSE OF THE HOUSE ON ESTABLISHING NATIONAL COMMUNITY HEALTH CENTER WEEK; Congressional Record Vol. 150, No. 95",https://www.congress.gov/congressional-record/volume-150/issue-95/house-section/article/H5478-2,07/12/2004,,150,95,H5478
"STATEMENTS ON INTRODUCED BILLS AND JOINT RESOLUTIONS; Congressional Record Vol. 158, No. 65",https://www.congress.gov/congressional-record/volume-158/issue-65/senate-section/article/S3043-1,05/09/2012,,158,65,S3043
"IN RECOGNITION OF BOB MURRAY; Congressional Record Vol. 158, No. 133",https://www.congress.gov/congressional-record/volume-158/issue-133/extensions-of-remarks-section/article/E1685-3,10/05/2012,,158,133,E1685
"SUBMITTED RESOLUTIONS; Congressional Record Vol. 157, No. 59",https://www.congress.gov/congressional-record/volume-157/issue-59/senate-section/article/S2691-1,05/04/2011,,157,59,S2691
"Introductory Statement on S. 102; Congressional Record Vol. 167, No. 17",https://www.congress.gov/congressional-record/volume-167/issue-17/senate-section/article/S201-1,01/28/2021,,167,17,S201
"RECOGNIZING THE 30TH ANNIVERSARY OF FACETS; Congressional Record Vol. 164, No. 88",https://www.congress.gov/congressional-record/volume-164/issue-88/extensions-of-remarks-section/article/E747-4,05/29/2018,,164,88,E747
"SENATE CONCURRENT RESOLUTION 39--EXPRESSING THE SENSE OF THE CONGRESS THAT STABLE AND AFFORDABLE HOUSING IS AN ESSENTIAL COMPONENT OF AN EFFECTIVE STRATEGY FOR THE PREVENTION, TREATMENT, AND CARE...; Congressional Record Vol. 155, No. 130",https://www.congress.gov/congressional-record/volume-155/issue-130/senate-section/article/S9381-1,09/15/2009,,155,130,S9381
"Text of Senate Amendment 301; Congressional Record Vol. 161, No. 44",https://www.congress.gov/congressional-record/volume-161/issue-44/senate-section/article/S1533-2,03/16/2015,,161,44,S1533
"TEXT OF AMENDMENTS; Congressional Record Vol. 161, No. 42",https://www.congress.gov/congressional-record/volume-161/issue-42/senate-section/article/S1498-2,03/12/2015,,161,42,S1498
"Text of Senate Amendment 300; Congressional Record Vol. 161, No. 42",https://www.congress.gov/congressional-record/volume-161/issue-42/senate-section/article/S1498-5,03/12/2015,,161,42,S1498
"HOUSING, EMPLOYMENT, AND LIVING PROGRAMS FOR VETERANS ACT OF 2010; Congressional Record Vol. 156, No. 132",https://www.congress.gov/congressional-record/volume-156/issue-132/house-section/article/H7008-2,09/28/2010,,156,132,H7008
"NOTICE OF INTENT TO OBJECT TO PROCEEDING; Congressional Record Vol. 156, No. 100",https://www.congress.gov/congressional-record/volume-156/issue-100/senate-section/article/S5715-1,06/30/2010,,156,100,S5715
"EVICTION MORATORIUM; Congressional Record Vol. 167, No. 145",https://www.congress.gov/congressional-record/volume-167/issue-145/senate-section/article/S6262-3,08/10/2021,,167,145,S6262
"REPORTS OF COMMITTEES; Congressional Record Vol. 156, No. 62",https://www.congress.gov/congressional-record/volume-156/issue-62/senate-section/article/S2802-1,04/29/2010,,156,62,S2802
"STATEMENTS ON INTRODUCED BILLS AND JOINT RESOLUTIONS; Congressional Record Vol. 161, No. 106",https://www.congress.gov/congressional-record/volume-161/issue-106/senate-section/article/S4956-1,07/09/2015,,161,106,S4956
"SENATE COMMITTEE MEETINGS; Congressional Record Vol. 155, No. 148",https://www.congress.gov/congressional-record/volume-155/issue-148/extensions-of-remarks-section/article/E2538-1,10/14/2009,,155,148,E2538
"Daily Digest/House Committee Meetings; Congressional Record Vol. 155, No. 140",https://www.congress.gov/congressional-record/volume-155/issue-140/daily-digest/article/D1122-1,10/01/2009,,155,140,D1122
"HONORING LGBTQ LEADERS IN THE TWIN CITIES; Congressional Record Vol. 163, No. 99",https://www.congress.gov/congressional-record/volume-163/issue-99/extensions-of-remarks-section/article/E801-3,06/12/2017,,163,99,E801
"Introductory Statement on S. 529; Congressional Record Vol. 161, No. 24",https://www.congress.gov/congressional-record/volume-161/issue-24/senate-section/article/S997-1,02/12/2015,,161,24,S997
"IN HONOR OF THOMAS HELMUT GRIFFIN; Congressional Record Vol. 158, No. 149",https://www.congress.gov/congressional-record/volume-158/issue-149/extensions-of-remarks-section/article/E1808-1,11/27/2012,,158,149,E1808
"CONGRATULATING STREET SOCCER USA ON THE OCCASION OF THE 4TH ANNUAL STREET SOCCER USA CUP; Congressional Record Vol. 157, No. 137",https://www.congress.gov/congressional-record/volume-157/issue-137/extensions-of-remarks-section/article/E1645-4,09/15/2011,,157,137,E1645
"DEPARTMENTS OF VETERANS AFFAIRS AND HOUSING AND URBAN DEVELOPMENT, AND INDEPENDENT AGENCIES APPROPRIATIONS ACT, 1997; Congressional Record Vol. 142, No. 95",https://www.congress.gov/congressional-record/volume-142/issue-95/house-section/article/H6799-5,06/25/1996,,142,95,H6799
"Text of Senate Amendment 3921; Congressional Record Vol. 162, No. 77",https://www.congress.gov/congressional-record/volume-162/issue-77/senate-section/article/S2830-3,05/16/2016,,162,77,S2830
"HONORING PADS OF LAKE COUNTY; Congressional Record Vol. 161, No. 52",https://www.congress.gov/congressional-record/volume-161/issue-52/extensions-of-remarks-section/article/E462-2,04/13/2015,,161,52,E462
"SUBMITTED RESOLUTIONS; Congressional Record Vol. 169, No. 21",https://www.congress.gov/congressional-record/volume-169/issue-21/senate-section/article/S208-1,02/01/2023,,169,21,S208
"VA HEALTH CARE DELIVERY ACT; Congressional Record Vol. 142, No. 12",https://www.congress.gov/congressional-record/volume-142/issue-12/senate-section/article/S563-1,01/30/1996,,142,12,S563
"PETSMART PROMISE; Congressional Record Vol. 159, No. 62",https://www.congress.gov/congressional-record/volume-159/issue-62/house-section/article/H2416-2,05/06/2013,,159,62,H2416
"HOMETOWN HERO KRISSY SARINE-VAN BRUNT; Congressional Record Vol. 169, No. 142",https://www.congress.gov/congressional-record/volume-169/issue-142/extensions-of-remarks-section/article/E809-7,09/05/2023,,169,142,E809
"RECOGNIZING HOMETOWN HERO BOB HARRIS; Congressional Record Vol. 169, No. 30",https://www.congress.gov/congressional-record/volume-169/issue-30/extensions-of-remarks-section/article/E124-5,02/14/2023,,169,30,E124
"PERSONAL EXPLANATION; Congressional Record Vol. 165, No. 163",https://www.congress.gov/congressional-record/volume-165/issue-163/extensions-of-remarks-section/article/E1290-6,10/16/2019,,165,163,E1290
"RECOGNIZING THE 65TH ANNIVERSARY OF THE ORLANDO UNION RESCUE MISSION; Congressional Record Vol. 159, No. 153",https://www.congress.gov/congressional-record/volume-159/issue-153/extensions-of-remarks-section/article/E1599-3,10/30/2013,,159,153,E1599
"Daily Digest/Senate; Congressional Record Vol. 161, No. 160",https://www.congress.gov/congressional-record/volume-161/issue-160/daily-digest/article/D1152-1,10/29/2015,,161,160,D1152
"Introductory Statement on S. 1412; Congressional Record Vol. 143, No. 155",https://www.congress.gov/congressional-record/volume-143/issue-155/senate-section/article/S11996-1,11/07/1997,,143,155,S11996
"REPUBLICAN AGENDA; Congressional Record Vol. 157, No. 192",https://www.congress.gov/congressional-record/volume-157/issue-192/house-section/article/H8909-1,12/14/2011,,157,192,H8909
"Text of Senate Amendment 605; Congressional Record Vol. 161, No. 49",https://www.congress.gov/congressional-record/volume-161/issue-49/senate-section/article/S1829-8,03/24/2015,,161,49,S1829
"NEW DIRECTIONS AND ITS PROGRAM LIFE LINE; Congressional Record Vol. 159, No. 70",https://www.congress.gov/congressional-record/volume-159/issue-70/extensions-of-remarks-section/article/E697-2,05/17/2013,,159,70,E697
"PAYING TRIBUTE TO DANIEL SKINKIS; Congressional Record Vol. 152, No. 46",https://www.congress.gov/congressional-record/volume-152/issue-46/extensions-of-remarks-section/article/E571-3,04/25/2006,,152,46,E571
"IN RECOGNITION OF THE SOUTHEASTERN MICHIGAN VETERANS STAND DOWN 2005 EVENT; Congressional Record Vol. 151, No. 130",https://www.congress.gov/congressional-record/volume-151/issue-130/extensions-of-remarks-section/article/E2047-1,10/07/2005,,151,130,E2047
"ADDITIONAL STATEMENTS; Congressional Record Vol. 142, No. 115",https://www.congress.gov/congressional-record/volume-142/issue-115/senate-section/article/S9306-2,07/31/1996,,142,115,S9306
"YOUTHBUILD TRANSFER ACT; Congressional Record Vol. 152, No. 108",https://www.congress.gov/congressional-record/volume-152/issue-108/house-section/article/H6259-1,09/06/2006,,152,108,H6259
"HUB OF HOPE; Congressional Record Vol. 163, No. 180",https://www.congress.gov/congressional-record/volume-163/issue-180/house-section/article/H8512-4,11/06/2017,,163,180,H8512
"CELEBRATING 10 YEARS OF CIRCLE THE CITY; Congressional Record Vol. 168, No. 150",https://www.congress.gov/congressional-record/volume-168/issue-150/extensions-of-remarks-section/article/E948-4,09/19/2022,,168,150,E948
"UNANIMOUS-CONSENT REQUEST--S. 2982; Congressional Record Vol. 154, No. 151",https://www.congress.gov/congressional-record/volume-154/issue-151/senate-section/article/S9230-1,09/23/2008,,154,151,S9230
"IMPROVING EMERGENCY DISEASE RESPONSE VIA HOUSING ACT OF 2020; Congressional Record Vol. 166, No. 163",https://www.congress.gov/congressional-record/volume-166/issue-163/house-section/article/H4607-1,09/21/2020,,166,163,H4607
"Tribute to Lisa Sauder (Executive Calendar); Congressional Record Vol. 164, No. 168",https://www.congress.gov/congressional-record/volume-164/issue-168/senate-section/article/S6761-1,10/10/2018,,164,168,S6761
"Daily Digest/House Committee Meetings; Congressional Record Vol. 157, No. 193",https://www.congress.gov/congressional-record/volume-157/issue-193/daily-digest/article/D1371-2,12/15/2011,,157,193,D1371
"Daily Digest/Senate; Congressional Record Vol. 155, No. 121",https://www.congress.gov/congressional-record/volume-155/issue-121/daily-digest/article/D980-1,08/05/2009,,155,121,D980
,https://www.congress.gov/bound-congressional-record/1988/09/28/134/senate-section/article/25847-26030,09/28/1988,,134,,25847-26030
"A TRIBUTE TO BARBARA & MICHAEL GARTNER IN THE FIRST SESSION OF THE 114TH CONGRESS; Congressional Record Vol. 161, No. 58",https://www.congress.gov/congressional-record/volume-161/issue-58/extensions-of-remarks-section/article/E545-3,04/21/2015,,161,58,E545
"UNANIMOUS CONSENT REQUEST--H.R. 2716; Congressional Record Vol. 147, No. 167",https://www.congress.gov/congressional-record/volume-147/issue-167/senate-section/article/S12396-1,12/05/2001,,147,167,S12396
"NOMINATION OF JEROME A. HOLMES; Congressional Record Vol. 152, No. 100",https://www.congress.gov/congressional-record/volume-152/issue-100/senate-section/article/S8259-1,07/26/2006,,152,100,S8259
"TEXT OF AMENDMENTS; Congressional Record Vol. 161, No. 41",https://www.congress.gov/congressional-record/volume-161/issue-41/senate-section/article/S1441-2,03/11/2015,,161,41,S1441
"A TRIBUTE TO EMC INSURANCE IN THE FIRST SESSION OF THE 114TH CONGRESS; Congressional Record Vol. 161, No. 58",https://www.congress.gov/congressional-record/volume-161/issue-58/extensions-of-remarks-section/article/E544-3,04/21/2015,,161,58,E544
"IN HONOR OF CAROL WALTER; Congressional Record Vol. 159, No. 2",https://www.congress.gov/congressional-record/volume-159/issue-2/extensions-of-remarks-section/article/E15-1,01/04/2013,,159,2,E15
"SENATE RESOLUTION 39--SUPPORTING THE OBSERVATION OF NATIONAL TRAFFICKING AND MODERN SLAVERY PREVENTION MONTH DURING THE PERIOD BEGINNING ON JANUARY 1, 2025, AND ENDING ON FEBRUARY 1, 2025, TO RAISE...; Congressional Record Vol. 171, No. 17",https://www.congress.gov/congressional-record/volume-171/issue-17/senate-section/article/S397-1,01/27/2025,,171,17,S397
"SENATE RESOLUTION 541--SUPPORTING THE OBSERVATION OF NATIONAL TRAFFICKING AND MODERN SLAVERY PREVENTION MONTH DURING THE PERIOD BEGINNING ON JANUARY 1, 2024, AND ENDING ON FEBRUARY 1, 2024, TO...; Congressional Record Vol. 170, No. 19",https://www.congress.gov/congressional-record/volume-170/issue-19/senate-section/article/S348-2,02/01/2024,,170,19,S348
"A TRIBUTE TO MAYOR FRANK COWNIE IN THE FIRST SESSION OF THE 114TH CONGRESS; Congressional Record Vol. 161, No. 58",https://www.congress.gov/congressional-record/volume-161/issue-58/extensions-of-remarks-section/article/E545-1,04/21/2015,,161,58,E545
"RECOGNIZING THE ACCOMPLISHMENTS OF LAZARUS HOUSE; Congressional Record Vol. 163, No. 124",https://www.congress.gov/congressional-record/volume-163/issue-124/extensions-of-remarks-section/article/E1040-4,07/24/2017,,163,124,E1040
"IN RECOGNITION OF THE 10TH ANNIVERSARY OF THE CRAWFORD HOUSE; Congressional Record Vol. 158, No. 46",https://www.congress.gov/congressional-record/volume-158/issue-46/extensions-of-remarks-section/article/E396-3,03/20/2012,,158,46,E396
"VETERANS' HOUSING OPPORTUNITY AND BENEFITS IMPROVEMENT ACT OF 2006; Congressional Record Vol. 152, No. 64",https://www.congress.gov/congressional-record/volume-152/issue-64/house-section/article/H2970-1,05/22/2006,,152,64,H2970
"RECOGNIZING WINCHESTER RESCUE MISSION; Congressional Record Vol. 169, No. 43",https://www.congress.gov/congressional-record/volume-169/issue-43/house-section/article/H1122-6,03/07/2023,,169,43,H1122
"HONORING ADEOLA ``ABRAHAM'' OLAGBEGI; Congressional Record Vol. 167, No. 208",https://www.congress.gov/congressional-record/volume-167/issue-208/extensions-of-remarks-section/article/E1301-1,12/02/2021,,167,208,E1301
"HONORING THE CAREER AND ACCOMPLISHMENTS OF DALE ZUCHLEWSKI; Congressional Record Vol. 167, No. 132",https://www.congress.gov/congressional-record/volume-167/issue-132/extensions-of-remarks-section/article/E831-4,07/28/2021,,167,132,E831
"HONORING THE 10 YEAR ANNIVERSARY OF CHAPEL HOUSE SHELTER; Congressional Record Vol. 164, No. 25",https://www.congress.gov/congressional-record/volume-164/issue-25/extensions-of-remarks-section/article/E161-3,02/08/2018,,164,25,E161
"PROJECT HOME; Congressional Record Vol. 160, No. 56",https://www.congress.gov/congressional-record/volume-160/issue-56/senate-section/article/S2193-1,04/07/2014,,160,56,S2193
"HONORING LISA MAKI; Congressional Record Vol. 159, No. 141",https://www.congress.gov/congressional-record/volume-159/issue-141/extensions-of-remarks-section/article/E1483-1,10/10/2013,,159,141,E1483
"HONORING THE COMMUNITY SERVICE OF CHRISTINE HUDDLESTON; Congressional Record Vol. 150, No. 114",https://www.congress.gov/congressional-record/volume-150/issue-114/extensions-of-remarks-section/article/E1658-3,09/21/2004,,150,114,E1658
"STATEMENTS ON INTRODUCED BILLS AND JOINT RESOLUTIONS; Congressional Record Vol. 157, No. 73",https://www.congress.gov/congressional-record/volume-157/issue-73/senate-section/article/S3341-1,05/25/2011,,157,73,S3341
"HONORING JUDITH DITTMAN FOR 30 YEARS OF SERVICE TO THE COMMUNITY THROUGH SECOND STORY; Congressional Record Vol. 170, No. 159",https://www.congress.gov/congressional-record/volume-170/issue-159/extensions-of-remarks-section/article/E1066-4,10/25/2024,,170,159,E1066
"HONORING JUDITH PITTMAN FOR 30 YEARS OF SERVICE TO THE COMMUNITY THROUGH SECOND STORY; Congressional Record Vol. 170, No. 147",https://www.congress.gov/congressional-record/volume-170/issue-147/extensions-of-remarks-section/article/E937-4,09/20/2024,,170,147,E937
"RECOGNIZING DR. JAMES WITHERS; Congressional Record Vol. 148, No. 119",https://www.congress.gov/congressional-record/volume-148/issue-119/extensions-of-remarks-section/article/E1628-2,09/19/2002,,148,119,E1628
"IN HONOR OF NATIONAL HONOR SOCIETY STUDENTS AT CONNER HIGH SCHOOL, HEBRON, KY; Congressional Record Vol. 148, No. 1",https://www.congress.gov/congressional-record/volume-148/issue-1/extensions-of-remarks-section/article/E2-4,01/23/2002,,148,1,E2
"TRANSPORTATION, HOUSING AND URBAN DEVELOPMENT, AND RELATED AGENCIES APPROPRIATIONS ACT, 2016; Congressional Record Vol. 162, No. 75",https://www.congress.gov/congressional-record/volume-162/issue-75/senate-section/article/S2732-2,05/12/2016,,162,75,S2732
"SUPPORTING OUR VETERANS; Congressional Record Vol. 161, No. 167",https://www.congress.gov/congressional-record/volume-161/issue-167/senate-section/article/S7901-1,11/10/2015,,161,167,S7901
"Daily Digest/COMMITTEE MEETINGS FOR 2010-01-28; Congressional Record Vol. 156, No. 11",https://www.congress.gov/congressional-record/volume-156/issue-11/daily-digest/article/D55-1,01/27/2010,,156,11,D55
"Daily Digest/Senate Committee Meetings; Congressional Record Vol. 155, No. 168",https://www.congress.gov/congressional-record/volume-155/issue-168/daily-digest/article/D1321-1,11/10/2009,,155,168,D1321
"RECOGNIZING THE OUTSTANDING LIFE OF MRS. JANICE MARIE LITTLE BARTLEY; Congressional Record Vol. 170, No. 119",https://www.congress.gov/congressional-record/volume-170/issue-119/extensions-of-remarks-section/article/E751-2,07/23/2024,,170,119,E751
"MEMORIALIZING MS. GEORGIA BALL TRAVIS; Congressional Record Vol. 148, No. 95",https://www.congress.gov/congressional-record/volume-148/issue-95/extensions-of-remarks-section/article/E1253-3,07/15/2002,,148,95,E1253
"NATIONAL COMMUNITY HEALTH CENTER WEEK; Congressional Record Vol. 147, No. 112",https://www.congress.gov/congressional-record/volume-147/issue-112/senate-section/article/S9000-1,08/03/2001,,147,112,S9000
"VETERANS PROGRAMS EXTENSION ACT OF 2006; Congressional Record Vol. 152, No. 133",https://www.congress.gov/congressional-record/volume-152/issue-133/house-section/article/H8823-1,12/06/2006,,152,133,H8823
"JUVENILE CRIME CONTROL AND DELINQUENCY PREVENTION ACT OF 1998; Congressional Record Vol. 144, No. 122",https://www.congress.gov/congressional-record/volume-144/issue-122/house-section/article/H7726-1,09/15/1998,,144,122,H7726
"MINNESOTA'S 10TH ANNUAL STAND DOWN; Congressional Record Vol. 148, No. 105",https://www.congress.gov/congressional-record/volume-148/issue-105/extensions-of-remarks-section/article/E1442-2,07/29/2002,,148,105,E1442
"ADDITIONAL COSPONSORS; Congressional Record Vol. 170, No. 12",https://www.congress.gov/congressional-record/volume-170/issue-12/senate-section/article/S222-3,01/23/2024,,170,12,S222
"RECOGNITION OF THE SACRAMENTO STAND DOWN ASSOCIATON; Congressional Record Vol. 162, No. 139",https://www.congress.gov/congressional-record/volume-162/issue-139/extensions-of-remarks-section/article/E1265-4,09/14/2016,,162,139,E1265
"Text of Senate Amendment 2010; Congressional Record Vol. 159, No. 155",https://www.congress.gov/congressional-record/volume-159/issue-155/senate-section/article/S7799-3,11/04/2013,,159,155,S7799
"VETERANS APPRECIATION CELEBRATION LEADING UP TO VETERANS DAY; Congressional Record Vol. 154, No. 155",https://www.congress.gov/congressional-record/volume-154/issue-155/extensions-of-remarks-section/article/E2088-3,09/27/2008,,154,155,E2088
"H.R. 3874; Congressional Record Vol. 150, No. 103",https://www.congress.gov/congressional-record/volume-150/issue-103/extensions-of-remarks-section/article/E1505-1,07/22/2004,,150,103,E1505
"HONORING REVEREND GLENDA HOPE; Congressional Record Vol. 150, No. 27",https://www.congress.gov/congressional-record/volume-150/issue-27/extensions-of-remarks-section/article/E304-3,03/04/2004,,150,27,E304
"FLORIDA VETERANS MOBILE SERVICE CENTER COMES TO THE HILL; Congressional Record Vol. 149, No. 68",https://www.congress.gov/congressional-record/volume-149/issue-68/senate-section/article/S5943-1,05/08/2003,,149,68,S5943
"IN HONOR OF CARTERET COUNTY ANIMAL SHELTER AND THE ASPCA; Congressional Record Vol. 159, No. 101",https://www.congress.gov/congressional-record/volume-159/issue-101/extensions-of-remarks-section/article/E1066-5,07/16/2013,,159,101,E1066
"IN CELEBRATION OF THE RETIREMENT OF REVEREND JOHN H. RICE, SR.; Congressional Record Vol. 156, No. 77",https://www.congress.gov/congressional-record/volume-156/issue-77/extensions-of-remarks-section/article/E908-2,05/20/2010,,156,77,E908
"THE PROBLEM WITH THE PROPOSED BUDGET CUTS; Congressional Record Vol. 151, No. 134",https://www.congress.gov/congressional-record/volume-151/issue-134/house-section/article/H9019-3,10/20/2005,,151,134,H9019
"HELPING FAMILIES SAVE THEIR HOMES ACT OF 2009--Continued; Congressional Record Vol. 155, No. 68",https://www.congress.gov/congressional-record/volume-155/issue-68/senate-section/article/S5097-2,05/05/2009,,155,68,S5097
"RECOGNIZING MEGAN JOHNSON AS THE WINNER OF THE 2010 PRUDENTIAL SPIRIT OF COMMUNITY AWARD; Congressional Record Vol. 156, No. 133",https://www.congress.gov/congressional-record/volume-156/issue-133/extensions-of-remarks-section/article/E1859-3,09/29/2010,,156,133,E1859
"SENSE OF CONGRESS REGARDING ESTABLISHMENT OF NATIONAL HEALTH CENTER WEEK; Congressional Record Vol. 146, No. 100",https://www.congress.gov/congressional-record/volume-146/issue-100/house-section/article/H7188-3,07/27/2000,,146,100,H7188
"CONGRATULATING VERMONT ESSAY WINNERS; Congressional Record Vol. 162, No. 11",https://www.congress.gov/congressional-record/volume-162/issue-11/senate-section/article/S128-3,01/20/2016,,162,11,S128
"LEGISLATION IN BEHALF OF VETERANS; Congressional Record Vol. 147, No. 178",https://www.congress.gov/congressional-record/volume-147/issue-178/senate-section/article/S13929-2,12/20/2001,,147,178,S13929
"DEPARTMENT OF DEFENSE APPROPRIATIONS ACT, 2021; Congressional Record Vol. 166, No. 136",https://www.congress.gov/congressional-record/volume-166/issue-136/extensions-of-remarks-section/article/E713-3,07/31/2020,,166,136,E713
"TEXT OF AMENDMENTS; Congressional Record Vol. 167, No. 184",https://www.congress.gov/congressional-record/volume-167/issue-184/senate-section/article/S7129-2,10/20/2021,,167,184,S7129
"TEXT OF AMENDMENTS; Congressional Record Vol. 161, No. 39",https://www.congress.gov/congressional-record/volume-161/issue-39/senate-section/article/S1337-2,03/09/2015,,161,39,S1337
"DISABLED VETERANS HOUSING SUPPORT ACT; Congressional Record Vol. 170, No. 179",https://www.congress.gov/congressional-record/volume-170/issue-179/house-section/article/H6353-1,12/04/2024,,170,179,H6353
"COMING HOME: TRANSITION FROM MILITARY SERVICE TO CIVILIAN LIFE; Congressional Record Vol. 156, No. 101",https://www.congress.gov/congressional-record/volume-156/issue-101/extensions-of-remarks-section/article/E1266-3,07/01/2010,,156,101,E1266
"HONORING SUPERVISOR SHIRLEE ZANE; Congressional Record Vol. 166, No. 211",https://www.congress.gov/congressional-record/volume-166/issue-211/extensions-of-remarks-section/article/E1141-1,12/14/2020,,166,211,E1141
"RECOGNIZING BILL McGAHAN, FOUNDER OF GEORGIA WORKS!; Congressional Record Vol. 165, No. 61",https://www.congress.gov/congressional-record/volume-165/issue-61/extensions-of-remarks-section/article/E436-3,04/09/2019,,165,61,E436
"HONORING DR. JEREMY REYNALDS; Congressional Record Vol. 164, No. 120",https://www.congress.gov/congressional-record/volume-164/issue-120/extensions-of-remarks-section/article/E1022-1,07/17/2018,,164,120,E1022
"RECOGNIZING THE 30TH ANNIVERSARY OF OUR DAILY BREAD; Congressional Record Vol. 160, No. 83",https://www.congress.gov/congressional-record/volume-160/issue-83/extensions-of-remarks-section/article/E881-4,05/30/2014,,160,83,E881
"TRIBUTE TO BECKY JORGESON--CALIFORNIA'S 24TH CONGRESSIONAL WOMAN OF THE YEAR; Congressional Record Vol. 164, No. 59",https://www.congress.gov/congressional-record/volume-164/issue-59/extensions-of-remarks-section/article/E447-4,04/12/2018,,164,59,E447
"TRIBUTE TO THE VISALIA RESCUE MISSION; Congressional Record Vol. 143, No. 118",https://www.congress.gov/congressional-record/volume-143/issue-118/extensions-of-remarks-section/article/E1695-2,09/09/1997,,143,118,E1695
"Daily Digest/Senate Committee Meetings; Congressional Record Vol. 154, No. 71",https://www.congress.gov/congressional-record/volume-154/issue-71/daily-digest/article/D532-1,05/01/2008,,154,71,D532
"Daily Digest/House of Representatives; Congressional Record Vol. 144, No. 19",https://www.congress.gov/congressional-record/volume-144/issue-19/daily-digest/article/D156-1,03/03/1998,,144,19,D156
"IN DEFENSE OF RENTERS; Congressional Record Vol. 155, No. 115",https://www.congress.gov/congressional-record/volume-155/issue-115/extensions-of-remarks-section/article/E2048-1,07/28/2009,,155,115,E2048
"HONORING THE OPENING OF VICTORY GARDENS; Congressional Record Vol. 168, No. 161",https://www.congress.gov/congressional-record/volume-168/issue-161/extensions-of-remarks-section/article/E1029-2,10/07/2022,,168,161,E1029
"RECOGNIZING SHIRLEY COMBS; Congressional Record Vol. 165, No. 134",https://www.congress.gov/congressional-record/volume-165/issue-134/extensions-of-remarks-section/article/E1046-1,08/09/2019,,165,134,E1046
"HONORING DR. JON NACHISON; Congressional Record Vol. 160, No. 111",https://www.congress.gov/congressional-record/volume-160/issue-111/extensions-of-remarks-section/article/E1166-2,07/16/2014,,160,111,E1166
"COMMEMORATING CLIFTON SORENSON'S 14 YEARS OF SERVICE AT THE EAU CLAIRE COUNTY VETERANS SERVICE OFFICE; Congressional Record Vol. 160, No. 105",https://www.congress.gov/congressional-record/volume-160/issue-105/extensions-of-remarks-section/article/E1114-1,07/08/2014,,160,105,E1114
"CELEBRATING THE 125TH ANNIVERSARY OF THE MARKET STREET MISSION; Congressional Record Vol. 160, No. 43",https://www.congress.gov/congressional-record/volume-160/issue-43/extensions-of-remarks-section/article/E388-3,03/14/2014,,160,43,E388
"IN RECOGNITION OF THE 25TH ANNIVERSARY OF THE COMMUNITY ENRICHMENT CENTER; Congressional Record Vol. 159, No. 125",https://www.congress.gov/congressional-record/volume-159/issue-125/extensions-of-remarks-section/article/E1359-1,09/20/2013,,159,125,E1359
"IN RECOGNITION OF THE 2013 DULLES REGIONAL CHAMBER OF COMMERCE ""STARS OVER DULLES"" AWARDS; Congressional Record Vol. 159, No. 51",https://www.congress.gov/congressional-record/volume-159/issue-51/extensions-of-remarks-section/article/E474-2,04/16/2013,,159,51,E474
"THE NATIONAL RUNAWAY SWITCHBOARD BECOMES THE NATIONAL RUNAWAY SAFELINE; Congressional Record Vol. 159, No. 24",https://www.congress.gov/congressional-record/volume-159/issue-24/extensions-of-remarks-section/article/E158-3,02/14/2013,,159,24,E158
"JUSTICE FOR VICTIMS OF TRAFFICKING ACT OF 2015; Congressional Record Vol. 161, No. 41",https://www.congress.gov/congressional-record/volume-161/issue-41/senate-section/article/S1403-2,03/11/2015,,161,41,S1403
"JOINT EXPLANATORY STATEMENT FOR H.R. 6416, THE JEFF MILLER AND RICHARD BLUMENTHAL HEALTH CARE AND BENEFITS IMPROVEMENT ACT OF 2016; Congressional Record Vol. 162, No. 178",https://www.congress.gov/congressional-record/volume-162/issue-178/senate-section/article/S7109-5,12/09/2016,,162,178,S7109
"ADDITIONAL COSPONSORS; Congressional Record Vol. 155, No. 163",https://www.congress.gov/congressional-record/volume-155/issue-163/senate-section/article/S11118-4,11/04/2009,,155,163,S11118
"Daily Digest/COMMITTEE MEETINGS FOR 2009-10-01; Congressional Record Vol. 155, No. 139",https://www.congress.gov/congressional-record/volume-155/issue-139/daily-digest/article/D1114-2,09/30/2009,,155,139,D1114
"VETERANS' COMMUNITY-BASED CARE ACT; Congressional Record Vol. 141, No. 70",https://www.congress.gov/congressional-record/volume-141/issue-70/senate-section/article/S5918-2,05/01/1995,,141,70,S5918
"A TRIBUTE TO RICHARD L. TALBOTT; Congressional Record Vol. 155, No. 59",https://www.congress.gov/congressional-record/volume-155/issue-59/extensions-of-remarks-section/article/E930-3,04/22/2009,,155,59,E930
"PAPERWORK REDUCTION ACT OF 1995; Congressional Record Vol. 141, No. 42",https://www.congress.gov/congressional-record/volume-141/issue-42/senate-section/article/S3547-4,03/07/1995,,141,42,S3547
"RECOGNIZING THE CAREER OF CONNIE JONES; Congressional Record Vol. 165, No. 137",https://www.congress.gov/congressional-record/volume-165/issue-137/extensions-of-remarks-section/article/E1062-3,08/20/2019,,165,137,E1062
"HONORING MS. BISHOP DR. LOIS J. DELEVOE ON HER 80TH BIRTHDAY; Congressional Record Vol. 162, No. 162",https://www.congress.gov/congressional-record/volume-162/issue-162/extensions-of-remarks-section/article/E1433-1,11/14/2016,,162,162,E1433
"TRIBUTE TO THE 20TH ANNIVERSARY OF THE FAMILY EMERGENCY SHELTER COALITION; Congressional Record Vol. 152, No. 124",https://www.congress.gov/congressional-record/volume-152/issue-124/extensions-of-remarks-section/article/E1901-2,09/28/2006,,152,124,E1901
"COMMENDING THE STUDENTS AND TEACHERS OF MARTINSVILLE MIDDLE SCHOOL FOR ACHIEVEMENT IN PROJECT CITIZEN; Congressional Record Vol. 144, No. 73",https://www.congress.gov/congressional-record/volume-144/issue-73/house-section/article/H4296-3,06/09/1998,,144,73,H4296
"NATIONAL AFFORDABLE HOUSING CONSTRUCTION PROGRAM; Congressional Record Vol. 150, No. 116",https://www.congress.gov/congressional-record/volume-150/issue-116/house-section/article/H7549-6,09/23/2004,,150,116,H7549
"STATEMENTS ON INTRODUCED BILLS AND JOINT RESOLUTIONS; Congressional Record Vol. 152, No. 71",https://www.congress.gov/congressional-record/volume-152/issue-71/senate-section/article/S5600-1,06/07/2006,,152,71,S5600
,https://www.congress.gov/bound-congressional-record/1989/09/07/135/extensions-of-remarks-section/article/19943-19958,09/07/1989,,135,,19943-19958
"JUDGE RUSTY LADD; Congressional Record Vol. 157, No. 175",https://www.congress.gov/congressional-record/volume-157/issue-175/house-section/article/H7636-1,11/16/2011,,157,175,H7636
"HONORING THE HONORABLE JUDGE RUSTY LADD; Congressional Record Vol. 157, No. 160",https://www.congress.gov/congressional-record/volume-157/issue-160/extensions-of-remarks-section/article/E1915-1,10/24/2011,,157,160,E1915
"GOOD SHEPHERD HOUSING FOUNDATION OF PRINCE WILLIAM COUNTY, VIRGINIA, CELEBRATES 20 YEARS; Congressional Record Vol. 155, No. 149",https://www.congress.gov/congressional-record/volume-155/issue-149/extensions-of-remarks-section/article/E2557-1,10/15/2009,,155,149,E2557
"COMMENDING DOORWAYS FOR WOMEN AND FAMILIES; Congressional Record Vol. 155, No. 96",https://www.congress.gov/congressional-record/volume-155/issue-96/extensions-of-remarks-section/article/E1554-3,06/24/2009,,155,96,E1554
"KEEP DOMESTIC VIOLENCE VICTIMS IN HUD HOUSING SAFE FROM THEIR ABUSERS; Congressional Record Vol. 151, No. 72",https://www.congress.gov/congressional-record/volume-151/issue-72/extensions-of-remarks-section/article/E1114-3,05/26/2005,,151,72,E1114
"TRIBUTE TO BOB STOLL; Congressional Record Vol. 168, No. 199",https://www.congress.gov/congressional-record/volume-168/issue-199/senate-section/article/S9774-2,12/21/2022,,168,199,S9774
"Daily Digest/Senate Committee Meetings; Congressional Record Vol. 168, No. 119",https://www.congress.gov/congressional-record/volume-168/issue-119/daily-digest/article/D802-1,07/19/2022,,168,119,D802
"Text of Senate Amendment 1171; Congressional Record Vol. 167, No. 42",https://www.congress.gov/congressional-record/volume-167/issue-42/senate-section/article/S1336-5,03/05/2021,,167,42,S1336
"Text of Senate Amendment 1387; Congressional Record Vol. 167, No. 42",https://www.congress.gov/congressional-record/volume-167/issue-42/senate-section/article/S1399-1,03/05/2021,,167,42,S1399
"EXPRESSING SENSE OF CONGRESS REGARDING ESTABLISHMENT OF NATIONAL HEALTH CENTER WEEK; Congressional Record Vol. 147, No. 111",https://www.congress.gov/congressional-record/volume-147/issue-111/house-section/article/H5323-2,08/02/2001,,147,111,H5323
"STATEMENTS ON INTRODUCED BILLS AND JOINT RESOLUTIONS; Congressional Record Vol. 169, No. 176",https://www.congress.gov/congressional-record/volume-169/issue-176/senate-section/article/S5184-1,10/25/2023,,169,176,S5184
"VETERANS' INSURANCE AND HEALTH CARE IMPROVEMENTS ACT; Congressional Record Vol. 156, No. 132",https://www.congress.gov/congressional-record/volume-156/issue-132/senate-section/article/S7656-2,09/28/2010,,156,132,S7656
"RECOGNIZING KIMBERLEE BURKS; Congressional Record Vol. 165, No. 99",https://www.congress.gov/congressional-record/volume-165/issue-99/extensions-of-remarks-section/article/E771-2,06/13/2019,,165,99,E771
"HONORING THE CONGREGATIONAL CHURCH OF SOQUEL; Congressional Record Vol. 164, No. 80",https://www.congress.gov/congressional-record/volume-164/issue-80/extensions-of-remarks-section/article/E658-1,05/16/2018,,164,80,E658
"TRIBUTE TO SOUTHERN OREGON REHABILITATION CENTER AND CLINICS; Congressional Record Vol. 152, No. 132",https://www.congress.gov/congressional-record/volume-152/issue-132/senate-section/article/S11188-4,12/05/2006,,152,132,S11188
"HONORING BARBARA JEAN BROWN; Congressional Record Vol. 151, No. 119",https://www.congress.gov/congressional-record/volume-151/issue-119/extensions-of-remarks-section/article/E1920-3,09/21/2005,,151,119,E1920
"Affordable Housing (Executive Calendar); Congressional Record Vol. 167, No. 190",https://www.congress.gov/congressional-record/volume-167/issue-190/senate-section/article/S7444-1,10/28/2021,,167,190,S7444
"AIDS FOUNDATION OF CHICAGO FIVE-YEAR HIV/AIDS HOUSING PLAN; Congressional Record Vol. 147, No. 159",https://www.congress.gov/congressional-record/volume-147/issue-159/extensions-of-remarks-section/article/E2116-4,11/16/2001,,147,159,E2116
"JUVENILE CRIME CONTROL AND DELINQUENCY PREVENTION ACT OF 1997; Congressional Record Vol. 143, No. 100",https://www.congress.gov/congressional-record/volume-143/issue-100/house-section/article/H5195-3,07/15/1997,,143,100,H5195
"Daily Digest/COMMITTEE MEETINGS FOR 2009-10-21; Congressional Record Vol. 155, No. 152",https://www.congress.gov/congressional-record/volume-155/issue-152/daily-digest/article/D1202-1,10/20/2009,,155,152,D1202
"FOOD PANTRIES; Congressional Record Vol. 153, No. 194",https://www.congress.gov/congressional-record/volume-153/issue-194/senate-section/article/S15829-2,12/18/2007,,153,194,S15829
"RECOGNIZING VETERANS SUPPORT NETWORK; Congressional Record Vol. 160, No. 117",https://www.congress.gov/congressional-record/volume-160/issue-117/senate-section/article/S4901-1,07/24/2014,,160,117,S4901
"Daily Digest/COMMITTEE MEETINGS FOR 2021-09-21; Congressional Record Vol. 167, No. 162",https://www.congress.gov/congressional-record/volume-167/issue-162/daily-digest/article/D988-2,09/20/2021,,167,162,D988
"ACKNOWLEDGEMENT OF ANOINTED VOICES' CONTRIBUTIONS TO NEW YORK CITY; Congressional Record Vol. 153, No. 110",https://www.congress.gov/congressional-record/volume-153/issue-110/extensions-of-remarks-section/article/E1485-3,07/11/2007,,153,110,E1485
"Daily Digest/Senate Committee Meetings; Congressional Record Vol. 152, No. 34",https://www.congress.gov/congressional-record/volume-152/issue-34/daily-digest/article/D258-1,03/16/2006,,152,34,D258
"DEDICATION OF THE LILLIAN G. BURRY WOMEN'S WING; Congressional Record Vol. 169, No. 83",https://www.congress.gov/congressional-record/volume-169/issue-83/extensions-of-remarks-section/article/E457-4,05/17/2023,,169,83,E457
"RECOGNIZING THE 30TH ANNIVERSARY OF THE LAMB CENTER; Congressional Record Vol. 168, No. 200",https://www.congress.gov/congressional-record/volume-168/issue-200/extensions-of-remarks-section/article/E1346-4,12/22/2022,,168,200,E1346
"REMARKS ON H.R. 1585, THE VIOLENCE AGAINST WOMEN REAUTHORIZATION ACT; Congressional Record Vol. 165, No. 64",https://www.congress.gov/congressional-record/volume-165/issue-64/extensions-of-remarks-section/article/E457-1,04/12/2019,,165,64,E457
"HONORING REVEREND BRUCE HENNING DAVIDSON; Congressional Record Vol. 156, No. 167",https://www.congress.gov/congressional-record/volume-156/issue-167/extensions-of-remarks-section/article/E2167-1,12/16/2010,,156,167,E2167
"RESOLUTION RECOGNIZING THE IMPORTANCE OF STAND DOWN; Congressional Record Vol. 151, No. 25",https://www.congress.gov/congressional-record/volume-151/issue-25/extensions-of-remarks-section/article/E371-1,03/07/2005,,151,25,E371
"SENATE RESOLUTION 57--TO EXPRESS THE SENSE OF THE SENATE THAT THE FEDERAL INVESTMENT PROGRAMS THAT PROVIDE HEALTH CARE SERVICES TO UNINSURED AND LOW-INCOME INDIVIDUALS IN MEDICALLY UNDER-SERVED...; Congressional Record Vol. 147, No. 31",https://www.congress.gov/congressional-record/volume-147/issue-31/senate-section/article/S2135-2,03/09/2001,,147,31,S2135
"HONORING CATHERINE Y. KIM AS A 28TH CONGRESSIONAL DISTRICT WOMAN OF THE YEAR; Congressional Record Vol. 167, No. 131",https://www.congress.gov/congressional-record/volume-167/issue-131/extensions-of-remarks-section/article/E828-3,07/27/2021,,167,131,E828
"HONORING THE BUCKS COUNTY HOUSING GROUP AND BUCKS COUNTY COMMUNITY COLLEGE (BCCC) STUDENTS IN FREE ENTERPRISE FOR OUTSTANDING ACHIEVEMENT OF WHEELZ 2 WORK PROGRAM FOR HOUSING CLIENTS; Congressional Record Vol. 147, No. 139",https://www.congress.gov/congressional-record/volume-147/issue-139/extensions-of-remarks-section/article/E1896-1,10/16/2001,,147,139,E1896
"HONORING ROBERT D. PUETT; Congressional Record Vol. 156, No. 123",https://www.congress.gov/congressional-record/volume-156/issue-123/extensions-of-remarks-section/article/E1581-2,09/14/2010,,156,123,E1581
"SUBMITTED RESOLUTIONS; Congressional Record Vol. 147, No. 94",https://www.congress.gov/congressional-record/volume-147/issue-94/senate-section/article/S7331-1,07/09/2001,,147,94,S7331
"HOUSING CUTS; Congressional Record Vol. 141, No. 121",https://www.congress.gov/congressional-record/volume-141/issue-121/house-section/article/H7555-1,07/25/1995,,141,121,H7555
"STATEMENTS ON INTRODUCED BILLS AND JOINT RESOLUTIONS; Congressional Record Vol. 164, No. 155",https://www.congress.gov/congressional-record/volume-164/issue-155/senate-section/article/S6225-1,09/18/2018,,164,155,S6225
"HONORING PETER DEBIASI AND A CAREER OF SERVICE; Congressional Record Vol. 171, No. 101",https://www.congress.gov/congressional-record/volume-171/issue-101/extensions-of-remarks-section/article/E565-4,06/12/2025,,171,101,E565
"A TRIBUTE TO LEO V. STIMMLER; Congressional Record Vol. 155, No. 33",https://www.congress.gov/congressional-record/volume-155/issue-33/extensions-of-remarks-section/article/E385-1,02/25/2009,,155,33,E385
"TRANSITIONAL HOUSING; Congressional Record Vol. 148, No. 14",https://www.congress.gov/congressional-record/volume-148/issue-14/extensions-of-remarks-section/article/E159-2,02/14/2002,,148,14,E159
"IN COMMEMORATION OF THE LAST SUNDAY IN FEBRUARY AS A NATIONAL DAY OF CARING; Congressional Record Vol. 144, No. 16",https://www.congress.gov/congressional-record/volume-144/issue-16/extensions-of-remarks-section/article/E243-3,02/26/1998,,144,16,E243
"CELEBRATING THE 50TH ANNIVERSARY OF THE DEPARTMENT OF VETERANS AFFAIRS VOLUNTARY SERVICE [VAVS]; Congressional Record Vol. 142, No. 74",https://www.congress.gov/congressional-record/volume-142/issue-74/senate-section/article/S5613-2,05/23/1996,,142,74,S5613
"FINDING COMMON GROUND; Congressional Record Vol. 171, No. 43",https://www.congress.gov/congressional-record/volume-171/issue-43/house-section/article/H1031-1,03/06/2025,,171,43,H1031
"SENATE COMMITTEE MEETINGS; Congressional Record Vol. 155, No. 151",https://www.congress.gov/congressional-record/volume-155/issue-151/extensions-of-remarks-section/article/E2571-2,10/19/2009,,155,151,E2571
"Daily Digest/Senate Committee Meetings; Congressional Record Vol. 152, No. 38",https://www.congress.gov/congressional-record/volume-152/issue-38/daily-digest/article/D304-1,03/30/2006,,152,38,D304
"TEXT OF AMENDMENTS; Congressional Record Vol. 159, No. 155",https://www.congress.gov/congressional-record/volume-159/issue-155/senate-section/article/S7799-2,11/04/2013,,159,155,S7799
"INTRODUCTION OF BILLS AND JOINT RESOLUTIONS; Congressional Record Vol. 169, No. 178",https://www.congress.gov/congressional-record/volume-169/issue-178/senate-section/article/S5229-3,10/30/2023,,169,178,S5229
"IN RECOGNITION OF REVEREND JOE COLAIZZI; Congressional Record Vol. 165, No. 176",https://www.congress.gov/congressional-record/volume-165/issue-176/extensions-of-remarks-section/article/E1400-1,11/05/2019,,165,176,E1400
"CONGRATULATIONS TO THE YWCA WOMEN OF INFLUENCE; Congressional Record Vol. 143, No. 140",https://www.congress.gov/congressional-record/volume-143/issue-140/extensions-of-remarks-section/article/E2008-1,10/09/1997,,143,140,E2008
"Introductory Statement on S. 307; Congressional Record Vol. 143, No. 18",https://www.congress.gov/congressional-record/volume-143/issue-18/senate-section/article/S1308-1,02/12/1997,,143,18,S1308
"FEDERAL FOOD DONATION ACT OF 2007; Congressional Record Vol. 153, No. 193",https://www.congress.gov/congressional-record/volume-153/issue-193/house-section/article/H15484-1,12/17/2007,,153,193,H15484
"IN RECOGNITION OF RANDY CLINTON; Congressional Record Vol. 166, No. 214",https://www.congress.gov/congressional-record/volume-166/issue-214/extensions-of-remarks-section/article/E1169-3,12/17/2020,,166,214,E1169
"DC CENTRAL KITCHEN HELPS THE UNDERSERVED; Congressional Record Vol. 163, No. 86",https://www.congress.gov/congressional-record/volume-163/issue-86/house-section/article/H4318-2,05/18/2017,,163,86,H4318
"WELCOMING THE GUEST CHAPLAIN; Congressional Record Vol. 161, No. 64",https://www.congress.gov/congressional-record/volume-161/issue-64/senate-section/article/S2543-4,04/30/2015,,161,64,S2543
"TRANSPORTATION, HOUSING AND URBAN DEVELOPMENT, AND RELATED AGENCIES APPROPRIATIONS ACT, 2013; Congressional Record Vol. 158, No. 104",https://www.congress.gov/congressional-record/volume-158/issue-104/extensions-of-remarks-section/article/E1239-6,07/12/2012,,158,104,E1239
"SECRETARY JESSE BROWN; Congressional Record Vol. 141, No. 196",https://www.congress.gov/congressional-record/volume-141/issue-196/senate-section/article/S18368-1,12/11/1995,,141,196,S18368
"Text of Senate Amendment 1965; Congressional Record Vol. 159, No. 126",https://www.congress.gov/congressional-record/volume-159/issue-126/senate-section/article/S6685-4,09/23/2013,,159,126,S6685
"RIVERSIDE COUNTY, CALIFORNIA, LAND CONVEYANCE; Congressional Record Vol. 150, No. 100",https://www.congress.gov/congressional-record/volume-150/issue-100/house-section/article/H5928-1,07/19/2004,,150,100,H5928
"UNANIMOUS CONSENT REQUEST--H.R. 2716; Congressional Record Vol. 147, No. 166",https://www.congress.gov/congressional-record/volume-147/issue-166/senate-section/article/S12351-1,12/04/2001,,147,166,S12351
"VULNERABLE VETERANS HOUSING REFORM ACT OF 2013; Congressional Record Vol. 159, No. 151",https://www.congress.gov/congressional-record/volume-159/issue-151/house-section/article/H6780-1,10/28/2013,,159,151,H6780
,https://www.congress.gov/bound-congressional-record/1987/04/03/133/daily-digest/article/231-233,04/03/1987,,133,,231-233
,https://www.congress.gov/bound-congressional-record/1990/09/26/136/senate-section/article/25853-26003,09/26/1990,,136,,25853-26003
"JUSTICE FOR VICTIMS OF TRAFFICKING ACT OF 2015--Continued; Congressional Record Vol. 161, No. 59",https://www.congress.gov/congressional-record/volume-161/issue-59/senate-section/article/S2319-5,04/22/2015,,161,59,S2319
"RESTORE CRIME PREVENTION DOLLARS IN H.R. 2067; Congressional Record Vol. 141, No. 121",https://www.congress.gov/congressional-record/volume-141/issue-121/house-section/article/H7687-3,07/25/1995,,141,121,H7687
"ADDRESSING THE MENTAL HEALTH CRISIS IN AMERICA; Congressional Record Vol. 162, No. 144",https://www.congress.gov/congressional-record/volume-162/issue-144/house-section/article/H5810-1,09/22/2016,,162,144,H5810
"IN HONOR OF JAMES ``JIM'' D. TACKETT; Congressional Record Vol. 161, No. 29",https://www.congress.gov/congressional-record/volume-161/issue-29/extensions-of-remarks-section/article/E226-3,02/20/2015,,161,29,E226
"SCHOOL READINESS ACT OF 2005; Congressional Record Vol. 151, No. 120",https://www.congress.gov/congressional-record/volume-151/issue-120/house-section/article/H8311-2,09/22/2005,,151,120,H8311
"RECOGNIZING THE RECIPIENTS OF THE 2018 NORTHERN VIRGINIA LEADERSHIP AWARDS; Congressional Record Vol. 164, No. 201",https://www.congress.gov/congressional-record/volume-164/issue-201/extensions-of-remarks-section/article/E1720-4,12/20/2018,,164,201,E1720
"TRANSPORTATION, HOUSING AND URBAN DEVELOPMENT, AND RELATED AGENCIES APPROPRIATIONS ACT, 2015; Congressional Record Vol. 160, No. 89",https://www.congress.gov/congressional-record/volume-160/issue-89/extensions-of-remarks-section/article/E935-3,06/10/2014,,160,89,E935
"HONORING THE ACHIEVEMENTS OF NANCY WACKSTEIN, EXECUTIVE DIRECTOR OF LENOX HILL NEIGHBORHOOD HOUSE; Congressional Record Vol. 148, No. 119",https://www.congress.gov/congressional-record/volume-148/issue-119/extensions-of-remarks-section/article/E1620-3,09/19/2002,,148,119,E1620
"STATEMENTS ON INTRODUCED BILLS AND JOINT RESOLUTIONS; Congressional Record Vol. 149, No. 111",https://www.congress.gov/congressional-record/volume-149/issue-111/senate-section/article/S9906-1,07/24/2003,,149,111,S9906
"STATEMENTS ON INTRODUCED BILLS AND JOINT RESOLUTIONS; Congressional Record Vol. 167, No. 74",https://www.congress.gov/congressional-record/volume-167/issue-74/senate-section/article/S2357-1,04/29/2021,,167,74,S2357
"A TRIBUTE IN RECOGNITION OF THE 25TH ANNIVERSARY OF SRO HOUSING CORPORATION AND THE GRAND OPENING OF ITS NEW JAMES M. WOOD APARTMENTS; Congressional Record Vol. 155, No. 98",https://www.congress.gov/congressional-record/volume-155/issue-98/extensions-of-remarks-section/article/E1581-1,06/26/2009,,155,98,E1581
,https://www.congress.gov/bound-congressional-record/1990/10/25/136/house-section/article/34080-34453,10/25/1990,,136,,34080-34453
"Introductory Statement on S. 1071; Congressional Record Vol. 143, No. 107",https://www.congress.gov/congressional-record/volume-143/issue-107/senate-section/article/S8156-1,07/25/1997,,143,107,S8156
"TEXT OF AMENDMENTS; Congressional Record Vol. 159, No. 126",https://www.congress.gov/congressional-record/volume-159/issue-126/senate-section/article/S6685-2,09/23/2013,,159,126,S6685
,https://www.congress.gov/bound-congressional-record/1988/07/11/134/extensions-of-remarks-section/article/17565-17580,07/11/1988,,134,,17565-17580
"TRIBUTE TO THE LATE BRUCE F. VENTO; Congressional Record Vol. 147, No. 44",https://www.congress.gov/congressional-record/volume-147/issue-44/extensions-of-remarks-section/article/E498-1,03/29/2001,,147,44,E498
,https://www.congress.gov/bound-congressional-record/1991/05/13/137/daily-digest/article/173-176,05/13/1991,,137,,173-176
"Daily Digest/Senate Committee Meetings; Congressional Record Vol. 156, No. 12",https://www.congress.gov/congressional-record/volume-156/issue-12/daily-digest/article/D59-1,01/28/2010,,156,12,D59
"HONORING RUTH ARDEN; Congressional Record Vol. 156, No. 2",https://www.congress.gov/congressional-record/volume-156/issue-2/extensions-of-remarks-section/article/E8-2,01/12/2010,,156,2,E8
"Daily Digest/Senate Committee Meetings; Congressional Record Vol. 146, No. 65",https://www.congress.gov/congressional-record/volume-146/issue-65/daily-digest/article/D511-1,05/23/2000,,146,65,D511
"RECOGNIZING PREBLE STREET; Congressional Record Vol. 171, No. 84",https://www.congress.gov/congressional-record/volume-171/issue-84/senate-section/article/S2969-2,05/19/2025,,171,84,S2969
"CHARITY DOES NOT COME FROM GOVERNMENT AGENCIES; Congressional Record Vol. 162, No. 171",https://www.congress.gov/congressional-record/volume-162/issue-171/extensions-of-remarks-section/article/E1554-3,11/30/2016,,162,171,E1554
"END OF SESSION; Congressional Record Vol. 153, No. 195",https://www.congress.gov/congressional-record/volume-153/issue-195/extensions-of-remarks-section/article/E2662-2,12/19/2007,,153,195,E2662
"KAYLEIGH JACK, IDAHO STATE WINNER OF GOPUSA'S YOUNG PATRIOTS ESSAY CONTEST; Congressional Record Vol. 149, No. 055",https://www.congress.gov/congressional-record/volume-149/issue-55/extensions-of-remarks-section/article/E690-1,04/07/2003,,149,55,E690
"Text of Senate Amendment 1149; Congressional Record Vol. 167, No. 42",https://www.congress.gov/congressional-record/volume-167/issue-42/senate-section/article/S1323-4,03/05/2021,,167,42,S1323
"SUPPORTING GOALS AND IDEALS OF NATIONAL HEALTH CENTER WEEK; Congressional Record Vol. 151, No. 102",https://www.congress.gov/congressional-record/volume-151/issue-102/house-section/article/H6390-1,07/25/2005,,151,102,H6390
"PERSONAL EXPLANATION; Congressional Record Vol. 141, No. 18",https://www.congress.gov/congressional-record/volume-141/issue-18/house-section/article/H861-1,01/30/1995,,141,18,H861
"Daily Digest/House of Representatives; Congressional Record Vol. 153, No. 118",https://www.congress.gov/congressional-record/volume-153/issue-118/daily-digest/article/D1026-2,07/23/2007,,153,118,D1026
"VETERANS' ACCOMPLISHMENTS AND S. 3421; Congressional Record Vol. 152, No. 135",https://www.congress.gov/congressional-record/volume-152/issue-135/senate-section/article/S11609-3,12/08/2006,,152,135,S11609
,https://www.congress.gov/bound-congressional-record/1987/05/28/133/senate-section/article/13863-13978,05/28/1987,,133,,13863-13978
"Text of Senate Amendment 1233; Congressional Record Vol. 167, No. 42",https://www.congress.gov/congressional-record/volume-167/issue-42/senate-section/article/S1346-1,03/05/2021,,167,42,S1346
"Text of Senate Amendment 3056; Congressional Record Vol. 164, No. 104",https://www.congress.gov/congressional-record/volume-164/issue-104/senate-section/article/S4346-6,06/21/2018,,164,104,S4346
"CONTINUING RESOLUTION; Congressional Record Vol. 153, No. 26",https://www.congress.gov/congressional-record/volume-153/issue-26/senate-section/article/S1831-1,02/12/2007,,153,26,S1831
"PROUD OF 360 YOUTH SERVICES; Congressional Record Vol. 168, No. 54",https://www.congress.gov/congressional-record/volume-168/issue-54/house-section/article/H3867-8,03/28/2022,,168,54,H3867
"HOUSING HOPE; Congressional Record Vol. 143, No. 17",https://www.congress.gov/congressional-record/volume-143/issue-17/house-section/article/H410-1,02/11/1997,,143,17,H410
,https://www.congress.gov/bound-congressional-record/1988/08/03/134/extensions-of-remarks-section/article/20334-20363,08/03/1988,,134,,20334-20363
"HOUSING OPPORTUNITY THROUGH MODERNIZATION ACT OF 2015; Congressional Record Vol. 162, No. 19",https://www.congress.gov/congressional-record/volume-162/issue-19/house-section/article/H451-1,02/02/2016,,162,19,H451
"POVERTY, OPPORTUNITY, AND UPWARD MOBILITY; Congressional Record Vol. 162, No. 61",https://www.congress.gov/congressional-record/volume-162/issue-61/house-section/article/H1879-2,04/20/2016,,162,61,H1879
"Daily Digest/House Committee Meetings; Congressional Record Vol. 166, No. 8",https://www.congress.gov/congressional-record/volume-166/issue-8/daily-digest/article/D45-2,01/14/2020,,166,8,D45
"Daily Digest/House of Representatives; Congressional Record Vol. 166, No. 7",https://www.congress.gov/congressional-record/volume-166/issue-7/daily-digest/article/D37-2,01/13/2020,,166,7,D37
"TRIBUTE TO MRS. PATRICIA SHIMMENS; Congressional Record Vol. 153, No. 163",https://www.congress.gov/congressional-record/volume-153/issue-163/extensions-of-remarks-section/article/E2242-2,10/25/2007,,153,163,E2242
"NATIONAL HEALTH CENTER WEEK; Congressional Record Vol. 151, No. 98",https://www.congress.gov/congressional-record/volume-151/issue-98/senate-section/article/S8500-1,07/19/2005,,151,98,S8500
"PROVIDING FOR CONSIDERATION OF H.R. 3248, DOLLARS TO THE CLASSROOM ACT; Congressional Record Vol. 144, No. 124",https://www.congress.gov/congressional-record/volume-144/issue-124/house-section/article/H8013-3,09/17/1998,,144,124,H8013
"AFFORDABLE HOUSING CRISIS; Congressional Record Vol. 164, No. 75",https://www.congress.gov/congressional-record/volume-164/issue-75/house-section/article/H3837-4,05/09/2018,,164,75,H3837
"SENATE CONCURRENT RESOLUTION 121--EXPRESSING THE SENSE OF CONGRESS THAT THERE SHOULD BE ESTABLISHED A NATIONAL HEALTH CENTER WEEK FOR THE WEEK BEGINNING ON AUGUST 18, 2002, TO RAISE AWARENESS OF...; Congressional Record Vol. 148, No. 78",https://www.congress.gov/congressional-record/volume-148/issue-78/senate-section/article/S5544-2,06/13/2002,,148,78,S5544
"IMPROVING JOB OPPORTUNITIES FOR VETERANS ACT OF 2013; Congressional Record Vol. 159, No. 126",https://www.congress.gov/congressional-record/volume-159/issue-126/senate-section/article/S6686-3,09/23/2013,,159,126,S6686
"Daily Digest/Senate Committee Meetings; Congressional Record Vol. 148, No. 23",https://www.congress.gov/congressional-record/volume-148/issue-23/daily-digest/article/D177-1,03/06/2002,,148,23,D177
"THE RESCISSIONS BILL; Congressional Record Vol. 141, No. 112",https://www.congress.gov/congressional-record/volume-141/issue-112/senate-section/article/S9738-1,07/12/1995,,141,112,S9738
"Text of Senate Amendment 894; Congressional Record Vol. 171, No. 34",https://www.congress.gov/congressional-record/volume-171/issue-34/senate-section/article/S1255-7,02/20/2025,,171,34,S1255
"RECOGNIZING TEDDY TENDLER; Congressional Record Vol. 168, No. 161",https://www.congress.gov/congressional-record/volume-168/issue-161/extensions-of-remarks-section/article/E1030-1,10/07/2022,,168,161,E1030
"RECOGNIZING STREET SOCCER USA; Congressional Record Vol. 157, No. 137",https://www.congress.gov/congressional-record/volume-157/issue-137/extensions-of-remarks-section/article/E1638-2,09/15/2011,,157,137,E1638
"Text of Senate Amendment 263; Congressional Record Vol. 155, No. 22",https://www.congress.gov/congressional-record/volume-155/issue-22/senate-section/article/S1576-3,02/04/2009,,155,22,S1576
"IN OPPOSITION TO H.R. 217; Congressional Record Vol. 144, No. 25",https://www.congress.gov/congressional-record/volume-144/issue-25/extensions-of-remarks-section/article/E353-2,03/11/1998,,144,25,E353
,https://www.congress.gov/bound-congressional-record/1990/06/18/136/senate-section/article/14356-14478,06/18/1990,,136,,14356-14478
"Text of Senate Amendment 1754; Congressional Record Vol. 171, No. 60",https://www.congress.gov/congressional-record/volume-171/issue-60/senate-section/article/S2262-3,04/03/2025,,171,60,S2262
"Daily Digest/COMMITTEE MEETINGS FOR 2022-05-18; Congressional Record Vol. 168, No. 84",https://www.congress.gov/congressional-record/volume-168/issue-84/daily-digest/article/D545-2,05/17/2022,,168,84,D545
"A TURNING POINT FOR CALIFORNIA; Congressional Record Vol. 170, No. 109",https://www.congress.gov/congressional-record/volume-170/issue-109/house-section/article/H4438-1,06/28/2024,,170,109,H4438
"STATEMENTS ON INTRODUCED BILLS AND JOINT RESOLUTIONS; Congressional Record Vol. 153, No. 57",https://www.congress.gov/congressional-record/volume-153/issue-57/senate-section/article/S4308-1,04/10/2007,,153,57,S4308
"RECOGNIZING FRANCKY PIERRE-PAUL; Congressional Record Vol. 166, No. 121",https://www.congress.gov/congressional-record/volume-166/issue-121/extensions-of-remarks-section/article/E608-3,07/01/2020,,166,121,E608
"SEVERE WEATHER SHELTER NETWORK; Congressional Record Vol. 166, No. 23",https://www.congress.gov/congressional-record/volume-166/issue-23/extensions-of-remarks-section/article/E126-3,02/04/2020,,166,23,E126
"RECOGNIZING EMILY AND MICHAEL BROADBRIDGE; Congressional Record Vol. 163, No. 97",https://www.congress.gov/congressional-record/volume-163/issue-97/house-section/article/H4658-2,06/07/2017,,163,97,H4658
"Text of Senate Amendment 710; Congressional Record Vol. 171, No. 34",https://www.congress.gov/congressional-record/volume-171/issue-34/senate-section/article/S1230-5,02/20/2025,,171,34,S1230
"Text of Senate Amendment 138; Congressional Record Vol. 171, No. 33",https://www.congress.gov/congressional-record/volume-171/issue-33/senate-section/article/S1050-1,02/19/2025,,171,33,S1050
"GRAND OPENING OF LOTUS VILLAGE; Congressional Record Vol. 164, No. 57",https://www.congress.gov/congressional-record/volume-164/issue-57/house-section/article/H3083-2,04/10/2018,,164,57,H3083
"DEBT CEILING; Congressional Record Vol. 159, No. 146",https://www.congress.gov/congressional-record/volume-159/issue-146/house-section/article/H6601-3,10/15/2013,,159,146,H6601
"FLORIDA KEYS OUTREACH COALITION CELEBRATES 20TH ANNIVERSARY; Congressional Record Vol. 158, No. 31",https://www.congress.gov/congressional-record/volume-158/issue-31/house-section/article/H975-1,02/28/2012,,158,31,H975
"IN RECOGNITION OF TRANSITIONAL HOUSING INCORPORATED; Congressional Record Vol. 153, No. 112",https://www.congress.gov/congressional-record/volume-153/issue-112/extensions-of-remarks-section/article/E1507-2,07/13/2007,,153,112,E1507
"THE TRAVELERS AID SOCIETY OF DETROIT; Congressional Record Vol. 142, No. 24",https://www.congress.gov/congressional-record/volume-142/issue-24/senate-section/article/S1372-1,02/27/1996,,142,24,S1372
"Daily Digest/House Committee Meetings; Congressional Record Vol. 167, No. 105",https://www.congress.gov/congressional-record/volume-167/issue-105/daily-digest/article/D657-1,06/16/2021,,167,105,D657
"Daily Digest/Senate Committee Meetings; Congressional Record Vol. 156, No. 47",https://www.congress.gov/congressional-record/volume-156/issue-47/daily-digest/article/D334-1,03/24/2010,,156,47,D334
"IN RECOGNITION OF ST. HERMAN'S HOUSE OF HOSPITALITY; Congressional Record Vol. 153, No. 145",https://www.congress.gov/congressional-record/volume-153/issue-145/extensions-of-remarks-section/article/E2000-1,09/27/2007,,153,145,E2000
"JEFF MILLER AND RICHARD BLUMENTHAL VETERANS HEALTH CARE AND BENEFITS IMPROVEMENT ACT OF 2016; Congressional Record Vol. 162, No. 175",https://www.congress.gov/congressional-record/volume-162/issue-175/house-section/article/H7221-1,12/06/2016,,162,175,H7221
"VETERANS' BENEFITS ACT OF 2010; Congressional Record Vol. 156, No. 133",https://www.congress.gov/congressional-record/volume-156/issue-133/house-section/article/H7321-1,09/29/2010,,156,133,H7321
"INTRODUCTION OF BILLS AND JOINT RESOLUTIONS; Congressional Record Vol. 161, No. 13",https://www.congress.gov/congressional-record/volume-161/issue-13/senate-section/article/S541-5,01/27/2015,,161,13,S541
"Daily Digest/House Committee Meetings; Congressional Record Vol. 155, No. 154",https://www.congress.gov/congressional-record/volume-155/issue-154/daily-digest/article/D1217-1,10/22/2009,,155,154,D1217
"THE REPUBLICAN CONTRACT WITH AMERICA: CITIZENS ARE SPEAKING OUT; Congressional Record Vol. 141, No. 58",https://www.congress.gov/congressional-record/volume-141/issue-58/extensions-of-remarks-section/article/E728-4,03/29/1995,,141,58,E728
,https://www.congress.gov/bound-congressional-record/1990/10/10/136/house-section/article/28246-28449,10/10/1990,,136,,28246-28449
"Daily Digest/House Committee Meetings; Congressional Record Vol. 160, No. 151",https://www.congress.gov/congressional-record/volume-160/issue-151/daily-digest/article/D1121-1,12/11/2014,,160,151,D1121
"THE REAL VICTIMS OF SEQUESTRATION; Congressional Record Vol. 158, No. 160",https://www.congress.gov/congressional-record/volume-158/issue-160/house-section/article/H6706-1,12/12/2012,,158,160,H6706
"HONORING VERDIA L. HAYWOOD ON HIS RETIREMENT FROM FAIRFAX COUNTY, VA; Congressional Record Vol. 156, No. 2",https://www.congress.gov/congressional-record/volume-156/issue-2/extensions-of-remarks-section/article/E13-3,01/12/2010,,156,2,E13
"SENATE RESOLUTION 96--TO EXPRESS THE SENSE OF THE SENATE THAT THE FEDERAL INVESTMENT IN PROGRAMS THAT PROVIDE HEALTH CARE SERVICES TO UNINSURED AND LOW-INCOME INDIVIDUALS IN MEDICALLY UNDERSERVED...; Congressional Record Vol. 149, No. 45",https://www.congress.gov/congressional-record/volume-149/issue-45/senate-section/article/S4179-2,03/20/2003,,149,45,S4179
"TRIBUTE TO THE HONORABLE JESSE BROWN; Congressional Record Vol. 143, No. 93",https://www.congress.gov/congressional-record/volume-143/issue-93/senate-section/article/S6779-2,06/27/1997,,143,93,S6779
"Text of Senate Amendment 2196; Congressional Record Vol. 170, No. 114",https://www.congress.gov/congressional-record/volume-170/issue-114/senate-section/article/S4489-3,07/10/2024,,170,114,S4489
"BEYONDHOME; Congressional Record Vol. 166, No. 17",https://www.congress.gov/congressional-record/volume-166/issue-17/extensions-of-remarks-section/article/E79-4,01/27/2020,,166,17,E79
"SISTER MARY SCULLION; Congressional Record Vol. 164, No. 40",https://www.congress.gov/congressional-record/volume-164/issue-40/house-section/article/H1467-6,03/07/2018,,164,40,H1467
"2017 WOMAN OF THE YEAR AWARD WINNER--TRANINE CHISOM; Congressional Record Vol. 163, No. 181",https://www.congress.gov/congressional-record/volume-163/issue-181/extensions-of-remarks-section/article/E1523-2,11/07/2017,,163,181,E1523
"NATIVE AMERICAN HOUSING ASSISTANCE AND SELF-DETERMINATION ACT; Congressional Record Vol. 160, No. 147",https://www.congress.gov/congressional-record/volume-160/issue-147/house-section/article/H8368-4,12/04/2014,,160,147,H8368
"Text of Senate Amendment 477; Congressional Record Vol. 159, No. 42",https://www.congress.gov/congressional-record/volume-159/issue-42/senate-section/article/S2224-7,03/21/2013,,159,42,S2224
"IN HONOR OF MR. JIM SCHLECHT; Congressional Record Vol. 158, No. 60",https://www.congress.gov/congressional-record/volume-158/issue-60/extensions-of-remarks-section/article/E640-4,04/25/2012,,158,60,E640
"PUBLIC PAYS FOR BAD GOVERNMENT POLICY; Congressional Record Vol. 145, No. 56",https://www.congress.gov/congressional-record/volume-145/issue-56/house-section/article/H2276-5,04/22/1999,,145,56,H2276
"HONORING KENNY AND TRACEY BARR; Congressional Record Vol. 170, No. 37",https://www.congress.gov/congressional-record/volume-170/issue-37/extensions-of-remarks-section/article/E197-4,02/29/2024,,170,37,E197
"ALTERNATIVE SPRING BREAK; Congressional Record Vol. 153, No. 49",https://www.congress.gov/congressional-record/volume-153/issue-49/extensions-of-remarks-section/article/E593-2,03/21/2007,,153,49,E593
"Text of Senate Amendment 157; Congressional Record Vol. 171, No. 33",https://www.congress.gov/congressional-record/volume-171/issue-33/senate-section/article/S1052-5,02/19/2025,,171,33,S1052
"2017 WOMAN OF THE YEAR AWARD WINNER--BECKY MARIGO; Congressional Record Vol. 163, No. 177",https://www.congress.gov/congressional-record/volume-163/issue-177/extensions-of-remarks-section/article/E1477-6,11/01/2017,,163,177,E1477
"HONORING MARCELLA BARNES; Congressional Record Vol. 163, No. 150",https://www.congress.gov/congressional-record/volume-163/issue-150/extensions-of-remarks-section/article/E1237-2,09/18/2017,,163,150,E1237
"75TH ANNIVERSARY OF THE CATHOLIC CHARITIES OF SOUTHERN NEVADA; Congressional Record Vol. 162, No. 133",https://www.congress.gov/congressional-record/volume-162/issue-133/senate-section/article/S5241-2,09/06/2016,,162,133,S5241
"CUTS TO THE SUPPLEMENTAL NUTRITION ASSISTANCE PROGRAM; Congressional Record Vol. 159, No. 123",https://www.congress.gov/congressional-record/volume-159/issue-123/house-section/article/H5624-4,09/18/2013,,159,123,H5624
"WOMEN'S LUNCH PLACE IN BOSTON; Congressional Record Vol. 153, No. 166",https://www.congress.gov/congressional-record/volume-153/issue-166/senate-section/article/S13573-2,10/30/2007,,153,166,S13573
"TRIBUTE TO ROBERT AND MEGAN TRINKLEY AND MISSION FIRST HOUSING GROUP VOLUNTEERS AND SUPPORTERS; Congressional Record Vol. 163, No. 37",https://www.congress.gov/congressional-record/volume-163/issue-37/house-section/article/H1489-4,03/02/2017,,163,37,H1489
"SALUTING THE 2001 JOHNSON COUNTY, KANSAS, YOUTH VOLUNTEER AWARD RECIPIENTS; Congressional Record Vol. 147, No. 57",https://www.congress.gov/congressional-record/volume-147/issue-57/extensions-of-remarks-section/article/E676-4,05/01/2001,,147,57,E676
"EXPRESSING SORROW OF THE HOUSE AT THE DEATH OF THE HONORABLE BRUCE VENTO, MEMBER OF CONGRESS FROM THE STATE OF MINNESOTA; Congressional Record Vol. 146, No. 127",https://www.congress.gov/congressional-record/volume-146/issue-127/extensions-of-remarks-section/article/E1761-1,10/12/2000,,146,127,E1761
"CALIFORNIA LEADS THE NATION; Congressional Record Vol. 170, No. 142",https://www.congress.gov/congressional-record/volume-170/issue-142/house-section/article/H5217-4,09/12/2024,,170,142,H5217
"Introductory Statement on S. 1069; Congressional Record Vol. 145, No. 72",https://www.congress.gov/congressional-record/volume-145/issue-72/senate-section/article/S5493-1,05/18/1999,,145,72,S5493
"THE ORPHAN FOUNDATION: MAKING A DIFFERENCE IN THE LIVES OF YOUTH; Congressional Record Vol. 144, No. 105",https://www.congress.gov/congressional-record/volume-144/issue-105/extensions-of-remarks-section/article/E1476-3,07/30/1998,,144,105,E1476
"WEST LOS ANGELES LEASING ACT OF 2016; Congressional Record Vol. 162, No. 137",https://www.congress.gov/congressional-record/volume-162/issue-137/house-section/article/H5274-1,09/12/2016,,162,137,H5274
"Text of Senate Amendment 2742; Congressional Record Vol. 155, No. 165",https://www.congress.gov/congressional-record/volume-155/issue-165/senate-section/article/S11256-7,11/06/2009,,155,165,S11256
"CONGRATULATING MS. GWENDOLYN MASTIN; Congressional Record Vol. 150, No. 85",https://www.congress.gov/congressional-record/volume-150/issue-85/extensions-of-remarks-section/article/E1178-1,06/18/2004,,150,85,E1178
"SAFE AND AFFORDABLE HOUSING; Congressional Record Vol. 141, No. 121",https://www.congress.gov/congressional-record/volume-141/issue-121/house-section/article/H7557-1,07/25/1995,,141,121,H7557
"RELIGIOUS FREEDOM; Congressional Record Vol. 160, No. 104",https://www.congress.gov/congressional-record/volume-160/issue-104/senate-section/article/S4205-1,07/07/2014,,160,104,S4205
"IN HONOR AND RECOGNITION OF CLEVELAND MAYOR FRANK JACKSON; Congressional Record Vol. 156, No. 83",https://www.congress.gov/congressional-record/volume-156/issue-83/extensions-of-remarks-section/article/E989-2,05/28/2010,,156,83,E989
"RECOGNITION OF DR. GREG ROTH; Congressional Record Vol. 141, No. 107",https://www.congress.gov/congressional-record/volume-141/issue-107/extensions-of-remarks-section/article/E1348-3,06/28/1995,,141,107,E1348
"RECOGNIZING ALEX LESSER, SAM DIXON, AND JOSH FIXLER; Congressional Record Vol. 158, No. 15",https://www.congress.gov/congressional-record/volume-158/issue-15/extensions-of-remarks-section/article/E101-1,01/31/2012,,158,15,E101
"Daily Digest/Senate; Congressional Record Vol. 156, No. 62",https://www.congress.gov/congressional-record/volume-156/issue-62/daily-digest/article/D459-1,04/29/2010,,156,62,D459
"TRIBUTE TO BARRY FEAKER; Congressional Record Vol. 168, No. 43",https://www.congress.gov/congressional-record/volume-168/issue-43/senate-section/article/S1114-4,03/10/2022,,168,43,S1114
"HONORING RAYMOND G. BOLAND; Congressional Record Vol. 149, No. 138",https://www.congress.gov/congressional-record/volume-149/issue-138/extensions-of-remarks-section/article/E1957-2,10/02/2003,,149,138,E1957
"HONORING 9-YEAR-OLD BETHANY MOULTRY FOR HER DEDICATION TO COMMUNITY; Congressional Record Vol. 170, No. 42",https://www.congress.gov/congressional-record/volume-170/issue-42/house-section/article/H1049-3,03/08/2024,,170,42,H1049
"HONORING THE 2023 WOMEN OF THE YEAR: MAYOR CATHERINE MOY; Congressional Record Vol. 169, No. 165",https://www.congress.gov/congressional-record/volume-169/issue-165/extensions-of-remarks-section/article/E945-1,10/10/2023,,169,165,E945
"RECOGNIZING STUDENTS AT CONRAD WEISER HIGH SCHOOL FOR SUCCESS IN C-SPAN STUDENT CAM 2019; Congressional Record Vol. 165, No. 65",https://www.congress.gov/congressional-record/volume-165/issue-65/extensions-of-remarks-section/article/E470-3,04/15/2019,,165,65,E470
"HONORING DUANA BREMER; Congressional Record Vol. 165, No. 53",https://www.congress.gov/congressional-record/volume-165/issue-53/extensions-of-remarks-section/article/E359-2,03/27/2019,,165,53,E359
"HONORING VICTORIA GONZALEZ FOR RECEIVING THE GIRL SCOUT GOLD AWARD; Congressional Record Vol. 164, No. 23",https://www.congress.gov/congressional-record/volume-164/issue-23/extensions-of-remarks-section/article/E146-6,02/06/2018,,164,23,E146
"HABITAT FOR HUMANITY HELPS VETERANS; Congressional Record Vol. 163, No. 85",https://www.congress.gov/congressional-record/volume-163/issue-85/house-section/article/H4231-1,05/17/2017,,163,85,H4231
"Text of Senate Amendment 2020; Congressional Record Vol. 161, No. 95",https://www.congress.gov/congressional-record/volume-161/issue-95/senate-section/article/S4143-2,06/15/2015,,161,95,S4143
"PROTECTING THE VICTIMS OF CHILD SEX TRAFFICKING; Congressional Record Vol. 161, No. 13",https://www.congress.gov/congressional-record/volume-161/issue-13/extensions-of-remarks-section/article/E125-4,01/27/2015,,161,13,E125
"Text of Senate Amendment 2023; Congressional Record Vol. 159, No. 157",https://www.congress.gov/congressional-record/volume-159/issue-157/senate-section/article/S7885-2,11/06/2013,,159,157,S7885
"HONORING SISTER MARY ALICE MURPHY; Congressional Record Vol. 157, No. 119",https://www.congress.gov/congressional-record/volume-157/issue-119/extensions-of-remarks-section/article/E1479-3,08/01/2011,,157,119,E1479
"ACTION IN COMMUNITY THROUGH SERVICE; Congressional Record Vol. 155, No. 21",https://www.congress.gov/congressional-record/volume-155/issue-21/extensions-of-remarks-section/article/E189-2,02/03/2009,,155,21,E189
"IN RECOGNITION OF NORTH BAY STAND DOWN 2002; Congressional Record Vol. 148, No. 91",https://www.congress.gov/congressional-record/volume-148/issue-91/extensions-of-remarks-section/article/E1222-1,07/09/2002,,148,91,E1222
"HONORING LEE ROSENBERG; Congressional Record Vol. 144, No. 152",https://www.congress.gov/congressional-record/volume-144/issue-152/extensions-of-remarks-section/article/E2309-2,11/12/1998,,144,152,E2309
"IN RECOGNITION OF PEGGY POSA; Congressional Record Vol. 144, No. 5",https://www.congress.gov/congressional-record/volume-144/issue-5/senate-section/article/S329-2,02/03/1998,,144,5,S329
"TRIBUTE TO EMILY KUMPEL; Congressional Record Vol. 141, No. 194",https://www.congress.gov/congressional-record/volume-141/issue-194/extensions-of-remarks-section/article/E2315-3,12/07/1995,,141,194,E2315
"TRANSITIONAL HOUSING FOR RECOVERY IN VIABLE ENVIRONMENTS DEMONSTRATION PROGRAM ACT; Congressional Record Vol. 164, No. 99",https://www.congress.gov/congressional-record/volume-164/issue-99/house-section/article/H5172-1,06/14/2018,,164,99,H5172
"IN RECOGNITION OF THE VOLUNTEERS OF THE SHELTER ASSOCIATION OF WASHTENAW COUNTY FOR THEIR EXEMPLARY SERVICE; Congressional Record Vol. 165, No. 134",https://www.congress.gov/congressional-record/volume-165/issue-134/extensions-of-remarks-section/article/E1043-2,08/09/2019,,165,134,E1043
"IN RECOGNITION OF MERCY PEDALERS 1ST ANNIVERSARY; Congressional Record Vol. 164, No. 156",https://www.congress.gov/congressional-record/volume-164/issue-156/extensions-of-remarks-section/article/E1268-1,09/20/2018,,164,156,E1268
"HONORING THE LOUIS STOKES CLEVELAND VETERANS AFFAIRS MEDICAL CENTER; Congressional Record Vol. 149, No. 141",https://www.congress.gov/congressional-record/volume-149/issue-141/extensions-of-remarks-section/article/E2019-2,10/08/2003,,149,141,E2019
"HONORING THE CITIZENS ADVICE BUREAU; Congressional Record Vol. 143, No. 155",https://www.congress.gov/congressional-record/volume-143/issue-155/extensions-of-remarks-section/article/E2218-1,11/07/1997,,143,155,E2218
"AGRICULTURE, RURAL DEVELOPMENT, FOOD AND DRUG ADMINISTRATION, AND RELATED AGENCIES APPROPRIATIONS ACT OF 2012; Congressional Record Vol. 157, No. 155",https://www.congress.gov/congressional-record/volume-157/issue-155/senate-section/article/S6575-2,10/17/2011,,157,155,S6575
"AMENDMENTS; Congressional Record Vol. 143, No. 54",https://www.congress.gov/congressional-record/volume-143/issue-54/house-section/article/H2092-1,04/30/1997,,143,54,H2092
"STATEMENTS ON INTRODUCED BILLS AND JOINT RESOLUTIONS; Congressional Record Vol. 149, No. 127",https://www.congress.gov/congressional-record/volume-149/issue-127/senate-section/article/S11569-1,09/16/2003,,149,127,S11569
"MILITARY CONSTRUCTION, VETERANS AFFAIRS AND RELATED AGENCIES APPROPRIATIONS ACT, 2010; Congressional Record Vol. 155, No. 167",https://www.congress.gov/congressional-record/volume-155/issue-167/senate-section/article/S11265-2,11/09/2009,,155,167,S11265
"THE RELIGIOUS LAND USE AND INSTITUTIONALIZED PERSONS ACT OF 2000; Congressional Record Vol. 146, No. 114",https://www.congress.gov/congressional-record/volume-146/issue-114/extensions-of-remarks-section/article/E1564-1,09/22/2000,,146,114,E1564
"DEPARTMENTS OF LABOR, HEALTH AND HUMAN SERVICES, AND EDUCATION, AND RELATED AGENCIES APPROPRIATIONS ACT, 2002--Continued; Congressional Record Vol. 147, No. 149",https://www.congress.gov/congressional-record/volume-147/issue-149/senate-section/article/S11345-1,11/01/2001,,147,149,S11345
"RECOGNIZING MAESTRO PHILLIP GABRIEL GARCIA; Congressional Record Vol. 160, No. 97",https://www.congress.gov/congressional-record/volume-160/issue-97/extensions-of-remarks-section/article/E1041-2,06/20/2014,,160,97,E1041
"SUBMITTED RESOLUTIONS; Congressional Record Vol. 160, No. 48",https://www.congress.gov/congressional-record/volume-160/issue-48/senate-section/article/S1777-1,03/26/2014,,160,48,S1777
"VETERANS' HEALTH CARE IMPROVEMENT ACT OF 2007; Congressional Record Vol. 153, No. 128",https://www.congress.gov/congressional-record/volume-153/issue-128/extensions-of-remarks-section/article/E1775-3,08/04/2007,,153,128,E1775
"RECOGNIZING KELLY McADOO MORARIU; Congressional Record Vol. 170, No. 76",https://www.congress.gov/congressional-record/volume-170/issue-76/extensions-of-remarks-section/article/E439-5,05/02/2024,,170,76,E439
"CAROLE KINLOW, ANGELS IN ADOPTION HONOREE; Congressional Record Vol. 167, No. 175",https://www.congress.gov/congressional-record/volume-167/issue-175/extensions-of-remarks-section/article/E1065-4,10/05/2021,,167,175,E1065
"RECOGNIZING ALLEN AND LINDA ERICKSON OF KALISPELL; Congressional Record Vol. 165, No. 158",https://www.congress.gov/congressional-record/volume-165/issue-158/extensions-of-remarks-section/article/E1233-2,10/01/2019,,165,158,E1233
"TRIBUTE TO HEIDEH SHAHMORADI; Congressional Record Vol. 164, No. 35",https://www.congress.gov/congressional-record/volume-164/issue-35/senate-section/article/S1238-2,02/27/2018,,164,35,S1238
"HONORING RYAN HOLETS; Congressional Record Vol. 164, No. 33",https://www.congress.gov/congressional-record/volume-164/issue-33/extensions-of-remarks-section/article/E208-3,02/23/2018,,164,33,E208
"HONORING CHIEF RICHARD MELTON; Congressional Record Vol. 161, No. 7",https://www.congress.gov/congressional-record/volume-161/issue-7/extensions-of-remarks-section/article/E68-2,01/14/2015,,161,7,E68
"CAREGIVERS AND VETERANS OMNIBUS HEALTH SERVICES ACT; Congressional Record Vol. 156, No. 58",https://www.congress.gov/congressional-record/volume-156/issue-58/extensions-of-remarks-section/article/E637-4,04/22/2010,,156,58,E637
"CLARA WHITE MISSION--""MIRACLE ON ASHLEY ST.""; Congressional Record Vol. 154, No. 80",https://www.congress.gov/congressional-record/volume-154/issue-80/extensions-of-remarks-section/article/E949-1,05/15/2008,,154,80,E949
"WELCOMING THE REVEREND RICHARD ESTRADA; Congressional Record Vol. 153, No. 139",https://www.congress.gov/congressional-record/volume-153/issue-139/house-section/article/H10513-5,09/19/2007,,153,139,H10513
"HONORING THE ST. NICHOLAS NEIGHBORHOOD PRESERVATION CORPORATION; Congressional Record Vol. 141, No. 2",https://www.congress.gov/congressional-record/volume-141/issue-2/extensions-of-remarks-section/article/E52-4,01/05/1995,,141,2,E52
"Daily Digest/House Committee Meetings; Congressional Record Vol. 165, No. 28",https://www.congress.gov/congressional-record/volume-165/issue-28/daily-digest/article/D157-1,02/13/2019,,165,28,D157
"TRIBUTE TO UNITED STATES VETERANS INITIATIVE; Congressional Record Vol. 159, No. 142",https://www.congress.gov/congressional-record/volume-159/issue-142/extensions-of-remarks-section/article/E1487-4,10/11/2013,,159,142,E1487
"CONGRATULATING SUSAN S. RINGLER, THE TEMPE COMMUNITY COUNCIL'S 2009 HUMANITARIAN OF THE YEAR; Congressional Record Vol. 155, No. 158",https://www.congress.gov/congressional-record/volume-155/issue-158/extensions-of-remarks-section/article/E2647-3,10/28/2009,,155,158,E2647
"IN HONOR OF THE 135TH ANNIVERSARY OF THE NORTH PRESBYTERIAN CHURCH; Congressional Record Vol. 149, No. 100",https://www.congress.gov/congressional-record/volume-149/issue-100/extensions-of-remarks-section/article/E1429-1,07/09/2003,,149,100,E1429
"RECOGNIZING THE WORTHINGTON, OHIO POOCH PARADE; Congressional Record Vol. 148, No. 105",https://www.congress.gov/congressional-record/volume-148/issue-105/extensions-of-remarks-section/article/E1424-2,07/29/2002,,148,105,E1424
"DR. SPENCER FOREMAN AND ANGELA HOUSE; Congressional Record Vol. 146, No. 138",https://www.congress.gov/congressional-record/volume-146/issue-138/extensions-of-remarks-section/article/E1969-3,10/28/2000,,146,138,E1969
"Daily Digest/CONGRESSIONAL PROGRAM AHEAD; Congressional Record Vol. 155, No. 149",https://www.congress.gov/congressional-record/volume-155/issue-149/daily-digest/article/D1186-3,10/15/2009,,155,149,D1186
"HONORING THE EDDIE WASHINGTON CENTER FOR 20 YEARS OF OUTSTANDING SERVICE IN LAKE COUNTY; Congressional Record Vol. 160, No. 31",https://www.congress.gov/congressional-record/volume-160/issue-31/extensions-of-remarks-section/article/E238-2,02/25/2014,,160,31,E238
"IN HONOR OF THE VOLUNTEERS WHO SERVED THANKSGIVING DINNER TO VETERANS ON THE USS NEW JERSEY; Congressional Record Vol. 160, No. 25",https://www.congress.gov/congressional-record/volume-160/issue-25/extensions-of-remarks-section/article/E201-3,02/11/2014,,160,25,E201
"RECOGNIZING PAULA SAMPSON ON THE OCCASION OF HER RETIREMENT FROM FAIRFAX COUNTY; Congressional Record Vol. 161, No. 4",https://www.congress.gov/congressional-record/volume-161/issue-4/extensions-of-remarks-section/article/E41-3,01/09/2015,,161,4,E41
"Introductory Statement on S. 976; Congressional Record Vol. 145, No. 65",https://www.congress.gov/congressional-record/volume-145/issue-65/senate-section/article/S4892-1,05/06/1999,,145,65,S4892
"STATEMENTS ON INTRODUCED BILLS AND JOINT RESOLUTIONS; Congressional Record Vol. 155, No. 115",https://www.congress.gov/congressional-record/volume-155/issue-115/senate-section/article/S8198-1,07/28/2009,,155,115,S8198
"INTRODUCTION OF BILLS AND JOINT RESOLUTIONS; Congressional Record Vol. 150, No. 115",https://www.congress.gov/congressional-record/volume-150/issue-115/senate-section/article/S9524-1,09/22/2004,,150,115,S9524
"Daily Digest/House Committee Meetings; Congressional Record Vol. 167, No. 163",https://www.congress.gov/congressional-record/volume-167/issue-163/daily-digest/article/D998-1,09/21/2021,,167,163,D998
"Daily Digest/Senate Committee Meetings; Congressional Record Vol. 161, No. 121",https://www.congress.gov/congressional-record/volume-161/issue-121/daily-digest/article/D905-1,07/29/2015,,161,121,D905
"HONORING THE LIFE AND SERVICE OF GWEN WATSON; Congressional Record Vol. 171, No. 97",https://www.congress.gov/congressional-record/volume-171/issue-97/extensions-of-remarks-section/article/E538-1,06/06/2025,,171,97,E538
"HONORING MARKET STREET MISSION; Congressional Record Vol. 155, No. 47",https://www.congress.gov/congressional-record/volume-155/issue-47/extensions-of-remarks-section/article/E709-2,03/18/2009,,155,47,E709
"TRIBUTE TO BRAD AND VICKI SCHWARTZ; Congressional Record Vol. 164, No. 22",https://www.congress.gov/congressional-record/volume-164/issue-22/extensions-of-remarks-section/article/E133-3,02/05/2018,,164,22,E133
"RECOGNIZING THE POSITIVE COMMUNITY IMPACT OF PADS LAKE COUNTY AND WISHING CONGRATULATIONS ON THE OPENING OF ITS NEW FAMILY CENTER; Congressional Record Vol. 159, No. 141",https://www.congress.gov/congressional-record/volume-159/issue-141/extensions-of-remarks-section/article/E1480-2,10/10/2013,,159,141,E1480
"TRIBUTE TO PAT DUBE, 2001 VISITING NURSE ASSOCIATION OF AMERICA PROGRAM MANAGER OF THE YEAR AWARD; Congressional Record Vol. 147, No. 60",https://www.congress.gov/congressional-record/volume-147/issue-60/extensions-of-remarks-section/article/E727-4,05/04/2001,,147,60,E727
"HONORING MISS NOELLE SCHILLER, DISTRICT WINNER OF RESPECTEEN SPEAK FOR YOURSELF AWARD; Congressional Record Vol. 146, No. 81",https://www.congress.gov/congressional-record/volume-146/issue-81/extensions-of-remarks-section/article/E1105-2,06/23/2000,,146,81,E1105
"TRIBUTE TO THE POVERELLO HOUSE; Congressional Record Vol. 144, No. 148",https://www.congress.gov/congressional-record/volume-144/issue-148/extensions-of-remarks-section/article/E2224-2,10/16/1998,,144,148,E2224
"INTRODUCTION OF A BILL TO AMEND TITLE 38, UNITED STATES CODE, TO EXTEND THE DEPARTMENT OF VETERANS AFFAIRS DEMONSTRATION PROJECTS ON ADJUSTABLE RATE MORTGAGES AND HYBRID ADJUSTABLE RATE MORTGAGES; Congressional Record Vol. 157, No. 166",https://www.congress.gov/congressional-record/volume-157/issue-166/extensions-of-remarks-section/article/E1986-1,11/02/2011,,157,166,E1986
"EXTENDING CERTAIN VETERANS' AFFAIRS HEALTH AND MEDICAL CARE EXPIRING AUTHORITIES; Congressional Record Vol. 141, No. 160",https://www.congress.gov/congressional-record/volume-141/issue-160/house-section/article/H10113-2,10/17/1995,,141,160,H10113
"Daily Digest/Senate Committee Meetings; Congressional Record Vol. 159, No. 65",https://www.congress.gov/congressional-record/volume-159/issue-65/daily-digest/article/D423-1,05/09/2013,,159,65,D423
"Daily Digest/House of Representatives; Congressional Record Vol. 154, No. 160",https://www.congress.gov/congressional-record/volume-154/issue-160/daily-digest/article/D1231-1,10/02/2008,,154,160,D1231
"NATIONAL MISSING CHILDREN DAY; Congressional Record Vol. 146, No. 67",https://www.congress.gov/congressional-record/volume-146/issue-67/senate-section/article/S4451-2,05/25/2000,,146,67,S4451
"STATEMENTS ON INTRODUCED BILLS AND JOINT RESOLUTIONS; Congressional Record Vol. 169, No. 130",https://www.congress.gov/congressional-record/volume-169/issue-130/senate-section/article/S3761-1,07/27/2023,,169,130,S3761
"STATEMENTS ON INTRODUCED BILLS AND JOINT RESOLUTIONS; Congressional Record Vol. 155, No. 131",https://www.congress.gov/congressional-record/volume-155/issue-131/senate-section/article/S9437-1,09/16/2009,,155,131,S9437
"J.C. LEWIS, JR. POST OFFICE BUILDING; Congressional Record Vol. 149, No. 131",https://www.congress.gov/congressional-record/volume-149/issue-131/house-section/article/H8461-1,09/23/2003,,149,131,H8461
"HONORING MIKE McQUAID; Congressional Record Vol. 166, No. 135",https://www.congress.gov/congressional-record/volume-166/issue-135/extensions-of-remarks-section/article/E705-6,07/30/2020,,166,135,E705
"SENATE RESOLUTION 339--DESIGNATING NOVEMBER 2017 AS ""NATIONAL RUNAWAY PREVENTION MONTH""; Congressional Record Vol. 163, No. 188",https://www.congress.gov/congressional-record/volume-163/issue-188/senate-section/article/S7304-1,11/16/2017,,163,188,S7304
"IN RECOGNITION OF MUSLIM LAKHANI; Congressional Record Vol. 163, No. 40",https://www.congress.gov/congressional-record/volume-163/issue-40/extensions-of-remarks-section/article/E289-9,03/08/2017,,163,40,E289
"IN HONOR OF MARILYN DORMAN; Congressional Record Vol. 157, No. 72",https://www.congress.gov/congressional-record/volume-157/issue-72/extensions-of-remarks-section/article/E943-3,05/24/2011,,157,72,E943
"HONORING TWIN SISTERS HELEN ASHE AND ELLEN TURNER; Congressional Record Vol. 157, No. 27",https://www.congress.gov/congressional-record/volume-157/issue-27/extensions-of-remarks-section/article/E264-2,02/18/2011,,157,27,E264
"TOP ISSUES IMPACTING OREGON; Congressional Record Vol. 169, No. 20",https://www.congress.gov/congressional-record/volume-169/issue-20/house-section/article/H518-2,01/31/2023,,169,20,H518
"HONORING SISTER PEG SPINDLER; Congressional Record Vol. 167, No. 87",https://www.congress.gov/congressional-record/volume-167/issue-87/extensions-of-remarks-section/article/E554-1,05/19/2021,,167,87,E554
"Text of Senate Amendment 2218; Congressional Record Vol. 166, No. 119",https://www.congress.gov/congressional-record/volume-166/issue-119/senate-section/article/S3661-1,06/29/2020,,166,119,S3661
"HONORING OUR LADY OF GUADALUPE STUDENT JOURNALISTS; Congressional Record Vol. 159, No. 59",https://www.congress.gov/congressional-record/volume-159/issue-59/extensions-of-remarks-section/article/E568-4,04/26/2013,,159,59,E568
"IN HONOR OF MR. JOSEPH HAMMELL; Congressional Record Vol. 158, No. 129",https://www.congress.gov/congressional-record/volume-158/issue-129/extensions-of-remarks-section/article/E1591-1,09/21/2012,,158,129,E1591
"IN SUPPORT OF H.R. 2055; Congressional Record Vol. 157, No. 85",https://www.congress.gov/congressional-record/volume-157/issue-85/extensions-of-remarks-section/article/E1085-3,06/14/2011,,157,85,E1085
"HONORING NANCY KURK, THE DEPARTMENT PRESIDENT OF THE AMERICAN LEGION AUXILIARY DEPARTMENT OF NEW YORK; Congressional Record Vol. 157, No. 56",https://www.congress.gov/congressional-record/volume-157/issue-56/extensions-of-remarks-section/article/E732-5,04/15/2011,,157,56,E732
"A TRIBUTE TO STEPHEN B. FALEK; Congressional Record Vol. 156, No. 130",https://www.congress.gov/congressional-record/volume-156/issue-130/extensions-of-remarks-section/article/E1743-6,09/24/2010,,156,130,E1743
"PAYING TRIBUTE TO SHALIMAR CABRERA; Congressional Record Vol. 153, No. 131",https://www.congress.gov/congressional-record/volume-153/issue-131/extensions-of-remarks-section/article/E1816-1,09/06/2007,,153,131,E1816
"IN HONOR OF THE SAINT FRANCIS SOUP KITCHEN; Congressional Record Vol. 153, No. 89",https://www.congress.gov/congressional-record/volume-153/issue-89/extensions-of-remarks-section/article/E1189-4,06/05/2007,,153,89,E1189
"IN REMEMBRANCE OF COLEEN JARVIS; Congressional Record Vol. 150, No. 119",https://www.congress.gov/congressional-record/volume-150/issue-119/senate-section/article/S9808-3,09/28/2004,,150,119,S9808
"STATEMENTS ON INTRODUCED BILLS AND JOINT RESOLUTIONS; Congressional Record Vol. 150, No. 126",https://www.congress.gov/congressional-record/volume-150/issue-126/senate-section/article/S10704-1,10/07/2004,,150,126,S10704
,https://www.congress.gov/bound-congressional-record/1987/03/31/133/senate-section/article/7431-7568,03/31/1987,,133,,7431-7568
"Daily Digest/Senate; Congressional Record Vol. 161, No. 40",https://www.congress.gov/congressional-record/volume-161/issue-40/daily-digest/article/D256-1,03/10/2015,,161,40,D256
"STATEMENTS ON INTRODUCED BILLS AND JOINT RESOLUTIONS; Congressional Record Vol. 153, No. 79",https://www.congress.gov/congressional-record/volume-153/issue-79/senate-section/article/S6057-1,05/14/2007,,153,79,S6057
"RECOGNIZING THE ORANGE COUNTY VETERANS AND MILITARY FAMILIES COLLABORATIVE; Congressional Record Vol. 166, No. 175",https://www.congress.gov/congressional-record/volume-166/issue-175/extensions-of-remarks-section/article/E938-1,10/09/2020,,166,175,E938
"Text of Senate Amendment 3123; Congressional Record Vol. 164, No. 107",https://www.congress.gov/congressional-record/volume-164/issue-107/senate-section/article/S4426-2,06/26/2018,,164,107,S4426
"TRIBUTE TO KITTY PIERCY; Congressional Record Vol. 162, No. 139",https://www.congress.gov/congressional-record/volume-162/issue-139/senate-section/article/S5720-1,09/14/2016,,162,139,S5720
"HONORING DON GEAN FOR HIS SERVICE TO THE PEOPLE OF MAINE; Congressional Record Vol. 160, No. 54",https://www.congress.gov/congressional-record/volume-160/issue-54/extensions-of-remarks-section/article/E504-4,04/03/2014,,160,54,E504
"HONORING SHEILA JOHNSON; Congressional Record Vol. 156, No. 51",https://www.congress.gov/congressional-record/volume-156/issue-51/extensions-of-remarks-section/article/E516-3,04/13/2010,,156,51,E516
"SENATE RESOLUTION 308--RECOGNIZING AND SUPPORTING THE GOALS AND IDEALS OF NATIONAL RUNAWAY PREVENTION MONTH; Congressional Record Vol. 155, No. 144",https://www.congress.gov/congressional-record/volume-155/issue-144/senate-section/article/S10222-2,10/07/2009,,155,144,S10222
"SENATE RESOLUTION 646--RECOGNIZING AND SUPPORTING THE GOALS AND IDEALS OF NATIONAL RUNAWAY PREVENTION MONTH; Congressional Record Vol. 154, No. 130",https://www.congress.gov/congressional-record/volume-154/issue-130/senate-section/article/S8049-2,08/01/2008,,154,130,S8049
"HONORING RABBI SOLOMON SCHIFF; Congressional Record Vol. 152, No. 108",https://www.congress.gov/congressional-record/volume-152/issue-108/extensions-of-remarks-section/article/E1631-3,09/06/2006,,152,108,E1631
"HAVEN OF REST MINISTRIES; Congressional Record Vol. 146, No. 30",https://www.congress.gov/congressional-record/volume-146/issue-30/extensions-of-remarks-section/article/E335-4,03/16/2000,,146,30,E335
"TRIBUTE TO THE REVEREND GEORGE S. FLEMING; Congressional Record Vol. 141, No. 98",https://www.congress.gov/congressional-record/volume-141/issue-98/extensions-of-remarks-section/article/E1249-3,06/15/1995,,141,98,E1249
"TRIBUTE TO NEW DIRECTIONS ON ITS 15TH ANNIVERSARY; Congressional Record Vol. 153, No. 61",https://www.congress.gov/congressional-record/volume-153/issue-61/extensions-of-remarks-section/article/E748-2,04/17/2007,,153,61,E748
"INTRODUCTION OF LEGISLATION IN SUPPORT OF DESIGNATION AND GOALS OF HIRE A VETERAN WEEK; Congressional Record Vol. 149, No. 112",https://www.congress.gov/congressional-record/volume-149/issue-112/extensions-of-remarks-section/article/E1615-1,07/25/2003,,149,112,E1615
"TRIBUTE TO FRAN WAGSTAFF ON THE OCCASION OF HER 20 YEARS OF LEADERSHIP OF THE MID-PENINSULA HOUSING COALITION; Congressional Record Vol. 149, No. 16",https://www.congress.gov/congressional-record/volume-149/issue-16/extensions-of-remarks-section/article/E102-3,01/29/2003,,149,16,E102
"AFTER 57 YEARS, BOB BRAEGER TO RECEIVE DISTINGUISHED FLYING CROSS; Congressional Record Vol. 148, No. 74",https://www.congress.gov/congressional-record/volume-148/issue-74/extensions-of-remarks-section/article/E984-2,06/07/2002,,148,74,E984
"Text of Senate Amendment 6581; Congressional Record Vol. 168, No. 198",https://www.congress.gov/congressional-record/volume-168/issue-198/senate-section/article/S9658-1,12/20/2022,,168,198,S9658
"HEALTH CENTERS CONSOLIDATION ACT OF 1996; Congressional Record Vol. 142, No. 136",https://www.congress.gov/congressional-record/volume-142/issue-136/house-section/article/H11402-2,09/27/1996,,142,136,H11402
"VETERANS BENEFITS, HEALTH CARE, AND INFORMATION TECHNOLOGY ACT OF 2006; Congressional Record Vol. 152, No. 135",https://www.congress.gov/congressional-record/volume-152/issue-135/house-section/article/H8995-2,12/08/2006,,152,135,H8995
,https://www.congress.gov/bound-congressional-record/1987/04/02/133/daily-digest/article/224-231,04/02/1987,,133,,224-231
"CONGRESSIONAL ACCOUNTABILITY ACT; Congressional Record Vol. 141, No. 5",https://www.congress.gov/congressional-record/volume-141/issue-5/senate-section/article/S707-2,01/10/1995,,141,5,S707
"VA HOME LOAN PROGRAM REFORM ACT; Congressional Record Vol. 171, No. 84",https://www.congress.gov/congressional-record/volume-171/issue-84/house-section/article/H2126-1,05/19/2025,,171,84,H2126
"JOHN GIBSON, DAN JAMES, WILLIAM SAPP, AND FRANKIE SMILEY VA CLINIC; Congressional Record Vol. 169, No. 187",https://www.congress.gov/congressional-record/volume-169/issue-187/house-section/article/H5707-1,11/13/2023,,169,187,H5707
"TEXT OF AMENDMENTS; Congressional Record Vol. 161, No. 44",https://www.congress.gov/congressional-record/volume-161/issue-44/senate-section/article/S1533-1,03/16/2015,,161,44,S1533
"HONORING GARY SANDY; Congressional Record Vol. 169, No. 147",https://www.congress.gov/congressional-record/volume-169/issue-147/extensions-of-remarks-section/article/E826-3,09/12/2023,,169,147,E826
"Text of Senate Amendment 1112; Congressional Record Vol. 165, No. 169",https://www.congress.gov/congressional-record/volume-165/issue-169/senate-section/article/S6171-7,10/24/2019,,165,169,S6171
"TRIBUTE TO CHARLES N. BIKAKIS; Congressional Record Vol. 158, No. 71",https://www.congress.gov/congressional-record/volume-158/issue-71/extensions-of-remarks-section/article/E833-1,05/17/2012,,158,71,E833
"TRIBUTE TO CHRISTINE BURROUGHS; Congressional Record Vol. 152, No. 60",https://www.congress.gov/congressional-record/volume-152/issue-60/extensions-of-remarks-section/article/E841-2,05/16/2006,,152,60,E841
"RECOGNIZING LEADING FAMILIES HOME; Congressional Record Vol. 167, No. 116",https://www.congress.gov/congressional-record/volume-167/issue-116/extensions-of-remarks-section/article/E740-5,07/02/2021,,167,116,E740
"RECOGNIZING THE RETIREMENT OF WILLIAM ``BILL'' MOREAU, JR.; Congressional Record Vol. 165, No. 195",https://www.congress.gov/congressional-record/volume-165/issue-195/extensions-of-remarks-section/article/E1550-3,12/06/2019,,165,195,E1550
"CELEBRATING THE 50TH ANNIVERSARY OF MINNESOTA COMMUNITY CARE; Congressional Record Vol. 165, No. 156",https://www.congress.gov/congressional-record/volume-165/issue-156/extensions-of-remarks-section/article/E1213-3,09/26/2019,,165,156,E1213
"CELEBRATING THE RETIREMENT OF VETERANS SERVICE OFFICER, MIKE LAMBARIA; Congressional Record Vol. 162, No. 77",https://www.congress.gov/congressional-record/volume-162/issue-77/extensions-of-remarks-section/article/E707-1,05/16/2016,,162,77,E707
"SENATE RESOLUTION 308--RECOGNIZING AND SUPPORTING THE GOALS AND IDEALS OF NATIONAL RUNAWAY PREVENTION MONTH; Congressional Record Vol. 159, No. 166",https://www.congress.gov/congressional-record/volume-159/issue-166/senate-section/article/S8369-3,11/20/2013,,159,166,S8369
"TRIBUTE TO TONY TIMM; Congressional Record Vol. 159, No. 35",https://www.congress.gov/congressional-record/volume-159/issue-35/extensions-of-remarks-section/article/E269-5,03/12/2013,,159,35,E269
"RECOGNIZING THE 70TH ANNIVERSARY OF CATHOLIC CHARITIES OF SOUTHERN NEVADA; Congressional Record Vol. 157, No. 19",https://www.congress.gov/congressional-record/volume-157/issue-19/extensions-of-remarks-section/article/E151-3,02/08/2011,,157,19,E151
"RECOGNIZING NOVACO AND THE RECIPIENTS OF THE 2010 VOLUNTEER OF THE YEAR AWARDS; Congressional Record Vol. 156, No. 151",https://www.congress.gov/congressional-record/volume-156/issue-151/extensions-of-remarks-section/article/E1984-2,11/18/2010,,156,151,E1984
"NATIONAL RUNAWAY PREVENTION MONTH; Congressional Record Vol. 154, No. 155",https://www.congress.gov/congressional-record/volume-154/issue-155/house-section/article/H10214-1,09/27/2008,,154,155,H10214
"IN RECOGNITION OF STAND UP EFFORTS OF STAND DOWN; Congressional Record Vol. 153, No. 120",https://www.congress.gov/congressional-record/volume-153/issue-120/extensions-of-remarks-section/article/E1615-2,07/25/2007,,153,120,E1615
"IN RECOGNITION OF THE REVEREND WILLIAM A. LAWSON; Congressional Record Vol. 149, No. 91",https://www.congress.gov/congressional-record/volume-149/issue-91/extensions-of-remarks-section/article/E1305-4,06/19/2003,,149,91,E1305
"L. MENDEL RIVERS AWARD FOR LEGISLATIVE ACTION; Congressional Record Vol. 148, No. 124",https://www.congress.gov/congressional-record/volume-148/issue-124/extensions-of-remarks-section/article/E1658-2,09/26/2002,,148,124,E1658
"A SALUTE TO FLORETTA CHISOM ON HER RETIREMENT, OAKLAND, CA; Congressional Record Vol. 145, No. 159",https://www.congress.gov/congressional-record/volume-145/issue-159/extensions-of-remarks-section/article/E2357-4,11/11/1999,,145,159,E2357
"RECOGNITION OF THE 75TH ANNIVERSARY OF THE TRAVELERS AID SOCIETY OF DETROIT; Congressional Record Vol. 144, No. 133",https://www.congress.gov/congressional-record/volume-144/issue-133/senate-section/article/S11132-2,09/29/1998,,144,133,S11132
"CONGRATULATIONS TO PATRICIA MACK; Congressional Record Vol. 142, No. 117",https://www.congress.gov/congressional-record/volume-142/issue-117/senate-section/article/S9635-2,08/02/1996,,142,117,S9635
"IN HONOR OF MAJOR LINDA SCHWARTZ; Congressional Record Vol. 141, No. 177",https://www.congress.gov/congressional-record/volume-141/issue-177/extensions-of-remarks-section/article/E2145-1,11/09/1995,,141,177,E2145
"CONSTITUENT COMMENTS ON SOBER LIVING HOME PROBLEMS; Congressional Record Vol. 164, No. 173",https://www.congress.gov/congressional-record/volume-164/issue-173/extensions-of-remarks-section/article/E1441-4,10/23/2018,,164,173,E1441
"MILITARY CONSTRUCTION AND VETERANS AFFAIRS AND RELATED AGENCIES APPROPRIATIONS ACT, 2017; Congressional Record Vol. 162, No. 80",https://www.congress.gov/congressional-record/volume-162/issue-80/house-section/article/H2849-1,05/19/2016,,162,80,H2849
"NATIONAL DEFENSE AUTHORIZATION ACT FOR FISCAL YEAR 1996; Congressional Record Vol. 141, No. 130",https://www.congress.gov/congressional-record/volume-141/issue-130/senate-section/article/S11557-1,08/05/1995,,141,130,S11557
"CALLING UPON THE CFPB TO PROTECT OUR NATION'S VETERANS BY ISSUING A STRONG PAYDAY LENDING RULE; Congressional Record Vol. 161, No. 168",https://www.congress.gov/congressional-record/volume-161/issue-168/extensions-of-remarks-section/article/E1626-4,11/16/2015,,161,168,E1626
"Daily Digest/House of Representatives; Congressional Record Vol. 165, No. 106",https://www.congress.gov/congressional-record/volume-165/issue-106/daily-digest/article/D738-2,06/24/2019,,165,106,D738
"INTRODUCTION OF BILLS AND JOINT RESOLUTIONS; Congressional Record Vol. 155, No. 87",https://www.congress.gov/congressional-record/volume-155/issue-87/senate-section/article/S6542-3,06/11/2009,,155,87,S6542
"UNANIMOUS CONSENT REQUEST--S. 739; Congressional Record Vol. 147, No. 142",https://www.congress.gov/congressional-record/volume-147/issue-142/senate-section/article/S10903-3,10/23/2001,,147,142,S10903
"HONORING THE CONTRIBUTIONS OF ROBERTA CHEFF BROOKS; Congressional Record Vol. 147, No. 21",https://www.congress.gov/congressional-record/volume-147/issue-21/extensions-of-remarks-section/article/E184-1,02/14/2001,,147,21,E184
"DEPARTMENTS OF VETERANS AFFAIRS AND HOUSING AND URBAN DEVELOPMENT, AND INDEPENDENT AGENCIES APPROPRIATIONS ACT, 2000; Congressional Record Vol. 145, No. 119",https://www.congress.gov/congressional-record/volume-145/issue-119/extensions-of-remarks-section/article/E1872-1,09/14/1999,,145,119,E1872
"Daily Digest/Senate; Congressional Record Vol. 161, No. 46",https://www.congress.gov/congressional-record/volume-161/issue-46/daily-digest/article/D296-1,03/18/2015,,161,46,D296
"TEXT OF AMENDMENTS; Congressional Record Vol. 151, No. 120",https://www.congress.gov/congressional-record/volume-151/issue-120/senate-section/article/S10384-1,09/22/2005,,151,120,S10384
"HONORING THE LIFE AND LEGACY OF THE HONORABLE ROBERT C. COATES; Congressional Record Vol. 170, No. 16",https://www.congress.gov/congressional-record/volume-170/issue-16/extensions-of-remarks-section/article/E83-5,01/29/2024,,170,16,E83
"HONORING THE LIFE OF EDMUND EDELMAN; Congressional Record Vol. 162, No. 147",https://www.congress.gov/congressional-record/volume-162/issue-147/extensions-of-remarks-section/article/E1388-4,09/28/2016,,162,147,E1388
"RECOGNIZING VETERAN'S VILLAGE; Congressional Record Vol. 160, No. 133",https://www.congress.gov/congressional-record/volume-160/issue-133/senate-section/article/S5692-2,09/17/2014,,160,133,S5692
"TRIBUTE TO HUGH GROGAN; Congressional Record Vol. 156, No. 81",https://www.congress.gov/congressional-record/volume-156/issue-81/senate-section/article/S4440-3,05/26/2010,,156,81,S4440
"IN HONOR OF MEMORIAL DAY; Congressional Record Vol. 155, No. 79",https://www.congress.gov/congressional-record/volume-155/issue-79/extensions-of-remarks-section/article/E1230-1,05/21/2009,,155,79,E1230
"IN RECOGNITION OF ALTERNATIVES FOR GIRLS; Congressional Record Vol. 146, No. 40",https://www.congress.gov/congressional-record/volume-146/issue-40/senate-section/article/S2104-2,04/04/2000,,146,40,S2104
"HONORING ILANA G. POSSNER; Congressional Record Vol. 144, No. 127",https://www.congress.gov/congressional-record/volume-144/issue-127/senate-section/article/S10730-1,09/22/1998,,144,127,S10730
"TEN YEARS OF SERVICE BY THE INTERFAITH SHELTER NETWORK; Congressional Record Vol. 142, No. 67",https://www.congress.gov/congressional-record/volume-142/issue-67/extensions-of-remarks-section/article/E783-4,05/14/1996,,142,67,E783
"RECOGNITION OF LARRY ECCLESTON; Congressional Record Vol. 141, No. 112",https://www.congress.gov/congressional-record/volume-141/issue-112/extensions-of-remarks-section/article/E1423-1,07/12/1995,,141,112,E1423
"PETITIONS AND MEMORIALS; Congressional Record Vol. 146, No. 93",https://www.congress.gov/congressional-record/volume-146/issue-93/senate-section/article/S7152-6,07/18/2000,,146,93,S7152
"HONORING PATTEE COLVIN AS A 28TH CONGRESSIONAL DISTRICT WOMAN OF THE YEAR; Congressional Record Vol. 167, No. 130",https://www.congress.gov/congressional-record/volume-167/issue-130/extensions-of-remarks-section/article/E804-4,07/26/2021,,167,130,E804
"RECOGNIZING OFFICER DAVID LOAR AND OFFICER CHRISTOPHER SKINNER AS RECIPIENTS OF THE 2009 TOP COP AWARD; Congressional Record Vol. 155, No. 74",https://www.congress.gov/congressional-record/volume-155/issue-74/extensions-of-remarks-section/article/E1153-3,05/14/2009,,155,74,E1153
"CONGRATULATING OF THE CITY OF TEMPE, ARIZONA; Congressional Record Vol. 149, No. 108",https://www.congress.gov/congressional-record/volume-149/issue-108/extensions-of-remarks-section/article/E1546-1,07/21/2003,,149,108,E1546
"TRIBUTE TO CONGRESSMAN BRUCE VENTO; Congressional Record Vol. 146, No. 125",https://www.congress.gov/congressional-record/volume-146/issue-125/senate-section/article/S10133-1,10/10/2000,,146,125,S10133
"FALSE AND MISLEADING STATEMENTS IN STATE OF THE UNION ADDRESS; Congressional Record Vol. 170, No. 44",https://www.congress.gov/congressional-record/volume-170/issue-44/house-section/article/H1142-1,03/12/2024,,170,44,H1142
"Daily Digest/House Committee Meetings; Congressional Record Vol. 168, No. 85",https://www.congress.gov/congressional-record/volume-168/issue-85/daily-digest/article/D558-1,05/18/2022,,168,85,D558
"STATEMENTS ON INTRODUCED BILLS AND JOINT RESOLUTIONS; Congressional Record Vol. 167, No. 109",https://www.congress.gov/congressional-record/volume-167/issue-109/senate-section/article/S4729-1,06/23/2021,,167,109,S4729
"Introductory Statement on S. 2198; Congressional Record Vol. 167, No. 109",https://www.congress.gov/congressional-record/volume-167/issue-109/senate-section/article/S4729-2,06/23/2021,,167,109,S4729
"Introductory Statement on S. 4407; Congressional Record Vol. 166, No. 138",https://www.congress.gov/congressional-record/volume-166/issue-138/senate-section/article/S4731-2,08/04/2020,,166,138,S4731
"SECOND CHANCE ACT; Congressional Record Vol. 154, No. 57",https://www.congress.gov/congressional-record/volume-154/issue-57/senate-section/article/S2938-1,04/10/2008,,154,57,S2938
"HONORING MOTHER TERESA OF CALCUTTA; Congressional Record Vol. 143, No. 120",https://www.congress.gov/congressional-record/volume-143/issue-120/extensions-of-remarks-section/article/E1732-2,09/11/1997,,143,120,E1732
,https://www.congress.gov/bound-congressional-record/1990/06/20/136/senate-section/article/14739-14871,06/20/1990,,136,,14739-14871
"JUSTICE FOR VICTIMS OF TRAFFICKING ACT OF 2015; Congressional Record Vol. 161, No. 40",https://www.congress.gov/congressional-record/volume-161/issue-40/senate-section/article/S1349-2,03/10/2015,,161,40,S1349
"HONORING THE LIFE OF MIKE McGARVIN; Congressional Record Vol. 163, No. 119",https://www.congress.gov/congressional-record/volume-163/issue-119/extensions-of-remarks-section/article/E988-1,07/14/2017,,163,119,E988
"NATIONAL RUNAWAY PREVENTION MONTH; Congressional Record Vol. 155, No. 144",https://www.congress.gov/congressional-record/volume-155/issue-144/senate-section/article/S10254-1,10/07/2009,,155,144,S10254
"RECOGNIZING BOB AND TERRY WITMER; Congressional Record Vol. 169, No. 24",https://www.congress.gov/congressional-record/volume-169/issue-24/extensions-of-remarks-section/article/E95-1,02/06/2023,,169,24,E95
"Text of Senate Amendment 6177; Congressional Record Vol. 168, No. 158",https://www.congress.gov/congressional-record/volume-168/issue-158/senate-section/article/S5708-3,09/29/2022,,168,158,S5708
"HONORING BRAD AND CAROL WHITMORE AS IOWANS OF THE WEEK; Congressional Record Vol. 167, No. 125",https://www.congress.gov/congressional-record/volume-167/issue-125/extensions-of-remarks-section/article/E760-1,07/16/2021,,167,125,E760
"BIG HEROES, TINY HOMES--STUDENTS HELPING VETERANS; Congressional Record Vol. 164, No. 180",https://www.congress.gov/congressional-record/volume-164/issue-180/extensions-of-remarks-section/article/E1522-3,11/14/2018,,164,180,E1522
"COMMEMORATING THE 125TH ANNIVERSARY OF ST. JOSEPH CATHOLIC CHURCH IN PENSACOLA, FLORIDA; Congressional Record Vol. 162, No. 24",https://www.congress.gov/congressional-record/volume-162/issue-24/extensions-of-remarks-section/article/E159-3,02/10/2016,,162,24,E159
"HONORING MARVIS HOOD, JR.; Congressional Record Vol. 160, No. 152",https://www.congress.gov/congressional-record/volume-160/issue-152/extensions-of-remarks-section/article/E1817-4,12/12/2014,,160,152,E1817
"SUPPORTIVE HOUSING FOR THE ELDERLY; Congressional Record Vol. 154, No. 40",https://www.congress.gov/congressional-record/volume-154/issue-40/senate-section/article/S1814-2,03/10/2008,,154,40,S1814
"IN HONOR OF SHARON KELSO; Congressional Record Vol. 150, No. 82",https://www.congress.gov/congressional-record/volume-150/issue-82/extensions-of-remarks-section/article/E1121-4,06/15/2004,,150,82,E1121
"IN HONOR OF SISTER PATRICK CURRAN; Congressional Record Vol. 148, No. 89",https://www.congress.gov/congressional-record/volume-148/issue-89/extensions-of-remarks-section/article/E1190-3,06/28/2002,,148,89,E1190
"HOLD UP OF FINAL PASSAGE OF THE MISSING, EXPLOITED AND RUNAWAY CHILDREN PROTECTION ACT; Congressional Record Vol. 145, No. 114",https://www.congress.gov/congressional-record/volume-145/issue-114/senate-section/article/S10357-1,08/05/1999,,145,114,S10357
"STUDENT SUCCESS ACT; Congressional Record Vol. 161, No. 34",https://www.congress.gov/congressional-record/volume-161/issue-34/house-section/article/H1393-2,02/27/2015,,161,34,H1393
"AMENDMENTS SUBMITTED; Congressional Record Vol. 145, No. 73",https://www.congress.gov/congressional-record/volume-145/issue-73/senate-section/article/S5606-1,05/19/1999,,145,73,S5606
"HIGHLIGHTING THE STATE OF CALIFORNIA; Congressional Record Vol. 171, No. 65",https://www.congress.gov/congressional-record/volume-171/issue-65/house-section/article/H1588-1,04/10/2025,,171,65,H1588
"Text of Senate Amendment 269; Congressional Record Vol. 169, No. 119",https://www.congress.gov/congressional-record/volume-169/issue-119/senate-section/article/S2433-1,07/12/2023,,169,119,S2433
"PETITIONS AND MEMORIALS; Congressional Record Vol. 154, No. 128",https://www.congress.gov/congressional-record/volume-154/issue-128/senate-section/article/S7776-4,07/30/2008,,154,128,S7776
"SUPPORTING EFFORTS TO PROMOTE GREATER AWARENESS OF EFFECTIVE RUNAWAY YOUTH PREVENTION PROGRAMS; Congressional Record Vol. 151, No. 140",https://www.congress.gov/congressional-record/volume-151/issue-140/extensions-of-remarks-section/article/E2208-2,10/28/2005,,151,140,E2208
"HONORING KEITH CARSON, SUPERVISOR FOR ALAMEDA COUNTY'S 5TH DISTRICT; Congressional Record Vol. 170, No. 83",https://www.congress.gov/congressional-record/volume-170/issue-83/extensions-of-remarks-section/article/E494-5,05/14/2024,,170,83,E494
"RECOGNIZING BOB AND TERRY WIDMER; Congressional Record Vol. 169, No. 25",https://www.congress.gov/congressional-record/volume-169/issue-25/extensions-of-remarks-section/article/E99-3,02/07/2023,,169,25,E99
"OPIOID EPIDEMIC IS PUBLIC HEALTH CRISIS; Congressional Record Vol. 165, No. 8",https://www.congress.gov/congressional-record/volume-165/issue-8/house-section/article/H548-1,01/15/2019,,165,8,H548
"RECOGNIZING THOIS KIEL AND MARGARET YAEGER; Congressional Record Vol. 164, No. 124",https://www.congress.gov/congressional-record/volume-164/issue-124/house-section/article/H7092-2,07/24/2018,,164,124,H7092
"Daily Digest/Senate; Congressional Record Vol. 161, No. 45",https://www.congress.gov/congressional-record/volume-161/issue-45/daily-digest/article/D285-1,03/17/2015,,161,45,D285
"Daily Digest/House of Representatives; Congressional Record Vol. 161, No. 12",https://www.congress.gov/congressional-record/volume-161/issue-12/daily-digest/article/D58-2,01/26/2015,,161,12,D58
"IN RECOGNITION OF KITTY LOPEZ; Congressional Record Vol. 159, No. 114",https://www.congress.gov/congressional-record/volume-159/issue-114/extensions-of-remarks-section/article/E1230-1,08/02/2013,,159,114,E1230
"REMEMBERING KIP TIERNAN; Congressional Record Vol. 157, No. 104",https://www.congress.gov/congressional-record/volume-157/issue-104/senate-section/article/S4553-1,07/13/2011,,157,104,S4553
"HONORING JOHN AND JUNE ROGERS; Congressional Record Vol. 153, No. 174",https://www.congress.gov/congressional-record/volume-153/issue-174/extensions-of-remarks-section/article/E2379-5,11/09/2007,,153,174,E2379
"SLIMMING DOWN THE GOVERNMENT; Congressional Record Vol. 150, No. 21",https://www.congress.gov/congressional-record/volume-150/issue-21/extensions-of-remarks-section/article/E232-5,02/25/2004,,150,21,E232
"ADDITIONAL STATEMENTS; Congressional Record Vol. 143, No. 4",https://www.congress.gov/congressional-record/volume-143/issue-4/senate-section/article/S569-3,01/21/1997,,143,4,S569
"RECOGNIZING LITTLE CAESARS LOVE KITCHEN'S 30 YEARS OF MAKING A DIFFERENCE; Congressional Record Vol. 161, No. 64",https://www.congress.gov/congressional-record/volume-161/issue-64/extensions-of-remarks-section/article/E637-1,04/30/2015,,161,64,E637
"IN SUPPORT OF WOMEN'S HISTORY MONTH; Congressional Record Vol. 160, No. 42",https://www.congress.gov/congressional-record/volume-160/issue-42/extensions-of-remarks-section/article/E383-4,03/13/2014,,160,42,E383
"IN HONOR OF THE 20TH VENTURA COUNTY STAND DOWN; Congressional Record Vol. 158, No. 104",https://www.congress.gov/congressional-record/volume-158/issue-104/extensions-of-remarks-section/article/E1238-2,07/12/2012,,158,104,E1238
"HONORING RECIPIENTS OF THE 2009 FAIRFAX COUNTY HUMAN RIGHTS AWARDS; Congressional Record Vol. 155, No. 98",https://www.congress.gov/congressional-record/volume-155/issue-98/extensions-of-remarks-section/article/E1579-2,06/26/2009,,155,98,E1579
"DOMESTIC VIOLENCE AWARENESS MONTH; Congressional Record Vol. 147, No. 148",https://www.congress.gov/congressional-record/volume-147/issue-148/extensions-of-remarks-section/article/E1972-2,10/31/2001,,147,148,E1972
"DEPARTMENT OF VETERANS AFFAIRS AND HOUSING AND URBAN DEVELOPMENT, AND INDEPENDENT AGENCIES APPROPRIATIONS ACT, 2001; Congressional Record Vol. 146, No. 80",https://www.congress.gov/congressional-record/volume-146/issue-80/extensions-of-remarks-section/article/E1078-3,06/22/2000,,146,80,E1078
"VETERANS BENEFITS, HEALTH CARE, AND INFORMATION TECHNOLOGY ACT OF 2006; Congressional Record Vol. 152, No. 135",https://www.congress.gov/congressional-record/volume-152/issue-135/senate-section/article/S11803-1,12/08/2006,,152,135,S11803
"VETERANS BENEFITS IMPROVEMENT ACT OF 1999; Congressional Record Vol. 145, No. 94",https://www.congress.gov/congressional-record/volume-145/issue-94/house-section/article/H5002-5,06/29/1999,,145,94,H5002
"A TRIBUTE TO JWCH INSTITUTE ON THE OCCASION OF THE NON-PROFIT ORGANIZATION'S 50TH ANNIVERSARY OF PROVIDING QUALITY AND AFFORDABLE HEALTH CARE TO THE COUNTY'S UNDERSERVED COMMUNITIES; Congressional Record Vol. 156, No. 132",https://www.congress.gov/congressional-record/volume-156/issue-132/extensions-of-remarks-section/article/E1756-4,09/28/2010,,156,132,E1756
"STATEMENTS ON INTRODUCED BILLS AND JOINT RESOLUTIONS; Congressional Record Vol. 158, No. 98",https://www.congress.gov/congressional-record/volume-158/issue-98/senate-section/article/S4675-1,06/27/2012,,158,98,S4675
"STUDENT SUCCESS ACT; Congressional Record Vol. 159, No. 104",https://www.congress.gov/congressional-record/volume-159/issue-104/house-section/article/H4731-2,07/19/2013,,159,104,H4731
"Daily Digest/House Committee Meetings; Congressional Record Vol. 170, No. 108",https://www.congress.gov/congressional-record/volume-170/issue-108/daily-digest/article/D683-1,06/27/2024,,170,108,D683
"PUBLIC BILLS AND RESOLUTIONS; Congressional Record Vol. 168, No. 80",https://www.congress.gov/congressional-record/volume-168/issue-80/house-section/article/H4860-1,05/11/2022,,168,80,H4860
"TRIBAL HUD-VASH ACT OF 2017; Congressional Record Vol. 164, No. 85",https://www.congress.gov/congressional-record/volume-164/issue-85/senate-section/article/S2884-1,05/23/2018,,164,85,S2884
"VETERANS DAY; Congressional Record Vol. 161, No. 166",https://www.congress.gov/congressional-record/volume-161/issue-166/senate-section/article/S7855-1,11/09/2015,,161,166,S7855
"CELEBRATING THE 2009 SERVICE TO AMERICA MEDAL WINNERS; Congressional Record Vol. 155, No. 136",https://www.congress.gov/congressional-record/volume-155/issue-136/senate-section/article/S9833-1,09/24/2009,,155,136,S9833
"EARMARK DECLARATION; Congressional Record Vol. 155, No. 113",https://www.congress.gov/congressional-record/volume-155/issue-113/extensions-of-remarks-section/article/E1980-2,07/24/2009,,155,113,E1980
"SENATE RESOLUTION 319--COMMENDING RELIEF EFFORTS IN RESPONSE TO THE EARTHQUAKE IN SOUTH ASIA AND URGING A COMMITMENT BY THE UNITED STATES AND THE INTERNATIONAL COMMUNITY TO HELP REBUILD CRITICAL...; Congressional Record Vol. 151, No. 153",https://www.congress.gov/congressional-record/volume-151/issue-153/senate-section/article/S13183-2,11/17/2005,,151,153,S13183
"TRANSPORTATION, HOUSING AND URBAN DEVELOPMENT, AND RELATED AGENCIES APPROPRIATIONS ACT, 2014--Continued; Congressional Record Vol. 159, No. 111",https://www.congress.gov/congressional-record/volume-159/issue-111/house-section/article/H5149-1,07/30/2013,,159,111,H5149
"ADDITIONAL COSPONSORS; Congressional Record Vol. 156, No. 22",https://www.congress.gov/congressional-record/volume-156/issue-22/senate-section/article/S620-3,02/22/2010,,156,22,S620
"AMENDMENTS SUBMITTED; Congressional Record Vol. 141, No. 151",https://www.congress.gov/congressional-record/volume-141/issue-151/senate-section/article/S14319-1,09/26/1995,,141,151,S14319
,https://www.congress.gov/bound-congressional-record/1987/03/02/133/extensions-of-remarks-section/article/4451-4477,03/02/1987,,133,,4451-4477
"Introductory Statement on S. 65; Congressional Record Vol. 169, No. 16",https://www.congress.gov/congressional-record/volume-169/issue-16/senate-section/article/S99-4,01/25/2023,,169,16,S99
"MARTHA PENNINO POST OFFICE BUILDING; Congressional Record Vol. 150, No. 119",https://www.congress.gov/congressional-record/volume-150/issue-119/house-section/article/H7708-1,09/28/2004,,150,119,H7708
,https://www.congress.gov/bound-congressional-record/1987/03/05/133/daily-digest/article/114-121,03/05/1987,,133,,114-121
"CONTINUING APPROPRIATIONS RESOLUTION, 2013; Congressional Record Vol. 158, No. 123",https://www.congress.gov/congressional-record/volume-158/issue-123/house-section/article/H5969-1,09/13/2012,,158,123,H5969
"STATEMENTS ON INTRODUCED BILLS AND JOINT RESOLUTIONS; Congressional Record Vol. 157, No. 21",https://www.congress.gov/congressional-record/volume-157/issue-21/senate-section/article/S643-2,02/10/2011,,157,21,S643
"DEPARTMENT OF THE INTERIOR, ENVIRONMENT, AND RELATED AGENCIES APPROPRIATIONS ACT, 2018.; Congressional Record Vol. 163, No. 147",https://www.congress.gov/congressional-record/volume-163/issue-147/house-section/article/H7288-1,09/12/2017,,163,147,H7288
"TEXT OF AMENDMENTS; Congressional Record Vol. 152, No. 106",https://www.congress.gov/congressional-record/volume-152/issue-106/senate-section/article/S8861-3,08/03/2006,,152,106,S8861
"TEXT OF AMENDMENTS; Congressional Record Vol. 163, No. 146",https://www.congress.gov/congressional-record/volume-163/issue-146/senate-section/article/S5118-1,09/11/2017,,163,146,S5118
"CELEBRATING THE 30TH ANNIVERSARY OF COMMUNITY HOPE; Congressional Record Vol. 161, No. 53",https://www.congress.gov/congressional-record/volume-161/issue-53/extensions-of-remarks-section/article/E488-3,04/14/2015,,161,53,E488
"Daily Digest/Senate; Congressional Record Vol. 161, No. 41",https://www.congress.gov/congressional-record/volume-161/issue-41/daily-digest/article/D262-1,03/11/2015,,161,41,D262
"RECOGNIZING VIRGINIA SHELTON; Congressional Record Vol. 156, No. 51",https://www.congress.gov/congressional-record/volume-156/issue-51/house-section/article/H2480-1,04/13/2010,,156,51,H2480
"AMERICA NEEDS TO REVITALIZE WORK PHILOSOPHY; Congressional Record Vol. 142, No. 33",https://www.congress.gov/congressional-record/volume-142/issue-33/senate-section/article/S1885-1,03/12/1996,,142,33,S1885
"PERSONAL EXPLANATION
  Mr. HASTERT. Mr. Chairman, on rollcall No. 372, I was unavoidably 
detained.; Congressional Record Vol. 141, No. 97",https://www.congress.gov/congressional-record/volume-141/issue-97/house-section/article/H5937-2,06/14/1995,,141,97,H5937
"HONORING THE LEGACY OF COMMISSIONER ROY BROOKS; Congressional Record Vol. 171, No. 29",https://www.congress.gov/congressional-record/volume-171/issue-29/extensions-of-remarks-section/article/E120-3,02/12/2025,,171,29,E120
"TRIBUTE TO REVEREND CAROLINE HALL--CALIFORNIA'S 24TH CONGRESSIONAL DISTRICT WOMAN OF THE YEAR; Congressional Record Vol. 168, No. 124",https://www.congress.gov/congressional-record/volume-168/issue-124/extensions-of-remarks-section/article/E780-5,07/26/2022,,168,124,E780
"HOUSING IS A BASIC RIGHT; Congressional Record Vol. 167, No. 194",https://www.congress.gov/congressional-record/volume-167/issue-194/house-section/article/H6187-2,11/04/2021,,167,194,H6187
"TRIBUTE TO SHARON BAILEY; Congressional Record Vol. 162, No. 67",https://www.congress.gov/congressional-record/volume-162/issue-67/extensions-of-remarks-section/article/E628-4,04/29/2016,,162,67,E628
"HONORS TEMPLE EMANUEL ON THEIR 50TH ANNIVERSARY; Congressional Record Vol. 158, No. 67",https://www.congress.gov/congressional-record/volume-158/issue-67/extensions-of-remarks-section/article/E779-4,05/11/2012,,158,67,E779
"HELPING FAMILIES SAVE THEIR HOMES ACT OF 2009; Congressional Record Vol. 155, No. 83",https://www.congress.gov/congressional-record/volume-155/issue-83/extensions-of-remarks-section/article/E1307-5,06/04/2009,,155,83,E1307
"A TRIBUTE TO JENNIFER FLYNN; Congressional Record Vol. 151, No. 79",https://www.congress.gov/congressional-record/volume-151/issue-79/extensions-of-remarks-section/article/E1236-4,06/15/2005,,151,79,E1236
"COMMENDING THE INTERNATIONAL FINANCE DEPARTMENT LEGAL DEPARTMENT; Congressional Record Vol. 146, No. 87",https://www.congress.gov/congressional-record/volume-146/issue-87/extensions-of-remarks-section/article/E1193-2,07/10/2000,,146,87,E1193
,https://www.congress.gov/bound-congressional-record/1991/04/29/137/daily-digest/article/129-131,04/29/1991,,137,,129-131
"Text of Senate Amendment 3901; Congressional Record Vol. 171, No. 153",https://www.congress.gov/congressional-record/volume-171/issue-153/senate-section/article/S6743-4,09/18/2025,,171,153,S6743
"Text of Senate Amendment 3777; Congressional Record Vol. 171, No. 145",https://www.congress.gov/congressional-record/volume-171/issue-145/senate-section/article/S6335-5,09/04/2025,,171,145,S6335
"Text of Senate Amendment 3503; Congressional Record Vol. 171, No. 133",https://www.congress.gov/congressional-record/volume-171/issue-133/senate-section/article/S5262-1,08/01/2025,,171,133,S5262
"CONFERENCE REPORT ON H.R. 2099, DEPARTMENTS OF VETERANS AFFAIRS AND HOUSING AND URBAN DEVELOPMENT, AND INDEPENDENT AGENCIES APPROPRIATIONS ACT, 1996; Congressional Record Vol. 141, No. 189",https://www.congress.gov/congressional-record/volume-141/issue-189/house-section/article/H13750-1,11/29/1995,,141,189,H13750
,https://www.congress.gov/bound-congressional-record/1992/07/27/138/house-section/article/19368-19447,07/27/1992,,138,,19368-19447
"Text of Senate Amendment 4824; Congressional Record Vol. 154, No. 90",https://www.congress.gov/congressional-record/volume-154/issue-90/senate-section/article/S4976-1,06/03/2008,,154,90,S4976
"MORNING BUSINESS; Congressional Record Vol. 152, No. 71",https://www.congress.gov/congressional-record/volume-152/issue-71/senate-section/article/S5591-4,06/07/2006,,152,71,S5591
"HUD TRANSPARENCY ACT OF 2024; Congressional Record Vol. 170, No. 118",https://www.congress.gov/congressional-record/volume-170/issue-118/house-section/article/H4653-1,07/22/2024,,170,118,H4653
"PASSAGE OF H.R. 6964, THE JUVENILE JUSTICE REFORM ACT OF 2018; Congressional Record Vol. 164, No. 198",https://www.congress.gov/congressional-record/volume-164/issue-198/extensions-of-remarks-section/article/E1680-5,12/17/2018,,164,198,E1680
"Text of Senate Amendment 1078; Congressional Record Vol. 169, No. 130",https://www.congress.gov/congressional-record/volume-169/issue-130/senate-section/article/S3774-7,07/27/2023,,169,130,S3774
"Text of Senate Amendment 1062; Congressional Record Vol. 169, No. 129",https://www.congress.gov/congressional-record/volume-169/issue-129/senate-section/article/S3679-2,07/26/2023,,169,129,S3679
"Text of Senate Amendment 1072; Congressional Record Vol. 169, No. 129",https://www.congress.gov/congressional-record/volume-169/issue-129/senate-section/article/S3697-2,07/26/2023,,169,129,S3697
"Text of Senate Amendment 996; Congressional Record Vol. 169, No. 125",https://www.congress.gov/congressional-record/volume-169/issue-125/senate-section/article/S3482-2,07/20/2023,,169,125,S3482
"HONORING JOHN BURTON; Congressional Record Vol. 171, No. 147",https://www.congress.gov/congressional-record/volume-171/issue-147/house-section/article/H3897-5,09/09/2025,,171,147,H3897
"CRISIS AT THE SOUTHERN BORDER; Congressional Record Vol. 169, No. 80",https://www.congress.gov/congressional-record/volume-169/issue-80/house-section/article/H2249-5,05/11/2023,,169,80,H2249
"HONORING ERIC BURMEISTER; Congressional Record Vol. 166, No. 197",https://www.congress.gov/congressional-record/volume-166/issue-197/extensions-of-remarks-section/article/E1056-5,11/19/2020,,166,197,E1056
"REMEMBERING ARCHBISHOP FRANCIS T. HURLEY; Congressional Record Vol. 162, No. 11",https://www.congress.gov/congressional-record/volume-162/issue-11/senate-section/article/S128-2,01/20/2016,,162,11,S128
"SOUTHERN CALIFORNIA FIRES; Congressional Record Vol. 153, No. 161",https://www.congress.gov/congressional-record/volume-153/issue-161/extensions-of-remarks-section/article/E2218-2,10/23/2007,,153,161,E2218
"CONGRATULATIONS TO SAINT JOSEPH'S HOSPITAL; Congressional Record Vol. 151, No. 162",https://www.congress.gov/congressional-record/volume-151/issue-162/senate-section/article/S13779-1,12/16/2005,,151,162,S13779
"ADDITIONAL STATEMENTS; Congressional Record Vol. 147, No. 151",https://www.congress.gov/congressional-record/volume-147/issue-151/senate-section/article/S11435-3,11/05/2001,,147,151,S11435
"Daily Digest/House Committee Meetings; Congressional Record Vol. 147, No. 123",https://www.congress.gov/congressional-record/volume-147/issue-123/daily-digest/article/D914-1,09/20/2001,,147,123,D914
"RECOGNITION OF COBB FAMILY RESOURCES 40TH ANNIVERSARY; Congressional Record Vol. 146, No. 61",https://www.congress.gov/congressional-record/volume-146/issue-61/extensions-of-remarks-section/article/E747-1,05/17/2000,,146,61,E747
"NAN S. HUTCHINSON SENIOR HALL OF FAME HONOREES; Congressional Record Vol. 144, No. 60",https://www.congress.gov/congressional-record/volume-144/issue-60/senate-section/article/S4840-2,05/13/1998,,144,60,S4840
"HONORING AUGUST F. SCORNAIENCHI; Congressional Record Vol. 143, No. 156",https://www.congress.gov/congressional-record/volume-143/issue-156/extensions-of-remarks-section/article/E2249-4,11/08/1997,,143,156,E2249
"TRIBUTE TO MILDRED JONES; Congressional Record Vol. 143, No. 91",https://www.congress.gov/congressional-record/volume-143/issue-91/extensions-of-remarks-section/article/E1326-1,06/25/1997,,143,91,E1326
"RECOGNIZING GOOD SHEPHERD HOUSING AND FAMILY SERVICES; Congressional Record Vol. 166, No. 106",https://www.congress.gov/congressional-record/volume-166/issue-106/senate-section/article/S2805-3,06/09/2020,,166,106,S2805
"HONORING THE GAY AND LESBIAN ACTIVISTS ALLIANCE OF WASHINGTON, D.C.; Congressional Record Vol. 164, No. 58",https://www.congress.gov/congressional-record/volume-164/issue-58/extensions-of-remarks-section/article/E435-4,04/11/2018,,164,58,E435
"RECOGNIZING BILL LAUER FOR HIS LIFETIME OF CONTRIBUTIONS TO THE NORTHERN VIRGINIA COMMUNITY; Congressional Record Vol. 158, No. 159",https://www.congress.gov/congressional-record/volume-158/issue-159/extensions-of-remarks-section/article/E1901-1,12/11/2012,,158,159,E1901
"WE CAN'T HAVE GUNS AND BUTTER; Congressional Record Vol. 155, No. 27",https://www.congress.gov/congressional-record/volume-155/issue-27/house-section/article/H1135-1,02/10/2009,,155,27,H1135
"SEVERE RESTRICTIONS TO AFFORDABLE HOUSING FUND ILL-ADVISED; Congressional Record Vol. 151, No. 147",https://www.congress.gov/congressional-record/volume-151/issue-147/house-section/article/H9992-8,11/08/2005,,151,147,H9992
"TRIBUTE TO HON. TONY HALL; Congressional Record Vol. 148, No. 103",https://www.congress.gov/congressional-record/volume-148/issue-103/house-section/article/H5618-1,07/25/2002,,148,103,H5618
"CHARITABLE LANDMARK: ON VERGE OF EXTINCTION; Congressional Record Vol. 147, No. 167",https://www.congress.gov/congressional-record/volume-147/issue-167/extensions-of-remarks-section/article/E2209-1,12/05/2001,,147,167,E2209
"IN HONOR OF THE FIRST ANNIVERSARY OF THE COMPLETION OF THE KENMORE HOTEL RESTORATION PROJECT; Congressional Record Vol. 146, No. 100",https://www.congress.gov/congressional-record/volume-146/issue-100/extensions-of-remarks-section/article/E1349-2,07/27/2000,,146,100,E1349
"TRIBUTE TO THE REV. DR. GEORGE EDWARD McRAE; Congressional Record Vol. 145, No. 147",https://www.congress.gov/congressional-record/volume-145/issue-147/extensions-of-remarks-section/article/E2190-1,10/26/1999,,145,147,E2190
"PROVIDING FOR CONSIDERATION OF H.R. 2684, DEPARTMENTS OF VETERANS AFFAIRS AND HOUSING AND URBAN DEVELOPMENT, AND INDEPENDENT AGENCIES APPROPRIATIONS ACT, 2000; Congressional Record Vol. 145, No. 115",https://www.congress.gov/congressional-record/volume-145/issue-115/extensions-of-remarks-section/article/E1804-1,09/08/1999,,145,115,E1804
,https://www.congress.gov/bound-congressional-record/1987/03/03/133/house-section/article/4478-4558,03/03/1987,,133,,4478-4558
,https://www.congress.gov/bound-congressional-record/1988/10/13/134/house-section/article/30452-30599,10/13/1988,,134,,30452-30599
"RECOGNIZING NATIONAL HOMEOWNERSHIP MONTH; Congressional Record Vol. 148, No. 80",https://www.congress.gov/congressional-record/volume-148/issue-80/house-section/article/H3573-2,06/17/2002,,148,80,H3573
"VETERANS HOUSING, EMPLOYMENT PROGRAMS, AND EMPLOYMENT RIGHTS BENEFITS ACT OF 1995; Congressional Record Vol. 141, No. 197",https://www.congress.gov/congressional-record/volume-141/issue-197/house-section/article/H14336-4,12/12/1995,,141,197,H14336
"HOUSING IS CENTER OF ECONOMIC STABILITY AND PROSPERITY; Congressional Record Vol. 167, No. 185",https://www.congress.gov/congressional-record/volume-167/issue-185/house-section/article/H5784-1,10/21/2021,,167,185,H5784
"RECOGNIZING NATIONAL FOSTER CARE MONTH; Congressional Record Vol. 155, No. 69",https://www.congress.gov/congressional-record/volume-155/issue-69/house-section/article/H5188-2,05/06/2009,,155,69,H5188
"CONFERENCE REPORT ON H.R. 3074, TRANSPORTATION, HOUSING AND URBAN DEVELOPMENT, AND RELATED AGENCIES APPROPRIATIONS ACT, 2008; Congressional Record Vol. 153, No. 176",https://www.congress.gov/congressional-record/volume-153/issue-176/house-section/article/H13902-1,11/14/2007,,153,176,H13902
"Daily Digest/House of Representatives; Congressional Record Vol. 156, No. 44",https://www.congress.gov/congressional-record/volume-156/issue-44/daily-digest/article/D319-2,03/22/2010,,156,44,D319
"Daily Digest/CONGRESSIONAL PROGRAM AHEAD; Congressional Record Vol. 155, No. 137",https://www.congress.gov/congressional-record/volume-155/issue-137/daily-digest/article/D1094-2,09/25/2009,,155,137,D1094
"Daily Digest/House of Representatives; Congressional Record Vol. 166, No. 37",https://www.congress.gov/congressional-record/volume-166/issue-37/daily-digest/article/D187-1,02/25/2020,,166,37,D187
"Daily Digest/Senate; Congressional Record Vol. 161, No. 47",https://www.congress.gov/congressional-record/volume-161/issue-47/daily-digest/article/D305-1,03/19/2015,,161,47,D305
"Daily Digest/Senate; Congressional Record Vol. 161, No. 44",https://www.congress.gov/congressional-record/volume-161/issue-44/daily-digest/article/D276-1,03/16/2015,,161,44,D276
"Daily Digest/Senate; Congressional Record Vol. 161, No. 42",https://www.congress.gov/congressional-record/volume-161/issue-42/daily-digest/article/D267-1,03/12/2015,,161,42,D267
"WARREN HELLMAN; Congressional Record Vol. 157, No. 197",https://www.congress.gov/congressional-record/volume-157/issue-197/house-section/article/H10002-6,12/20/2011,,157,197,H10002
"Daily Digest/Senate Committee Meetings; Congressional Record Vol. 154, No. 69",https://www.congress.gov/congressional-record/volume-154/issue-69/daily-digest/article/D513-1,04/29/2008,,154,69,D513
"IN HONOR OF SUSAN MANHEIMER, RETIRING POLICE CHIEF OF SAN MATEO; Congressional Record Vol. 165, No. 187",https://www.congress.gov/congressional-record/volume-165/issue-187/extensions-of-remarks-section/article/E1492-2,11/21/2019,,165,187,E1492
"RECOGNIZING THE 24TH ANNUAL BEST OF RESTON AWARDS FOR COMMUNITY SERVICE; Congressional Record Vol. 161, No. 65",https://www.congress.gov/congressional-record/volume-161/issue-65/extensions-of-remarks-section/article/E642-1,05/01/2015,,161,65,E642
"TRIBUTE TO SAMUEL J. TENENBAUM; Congressional Record Vol. 152, No. 23",https://www.congress.gov/congressional-record/volume-152/issue-23/extensions-of-remarks-section/article/E232-3,02/28/2006,,152,23,E232
"SALUTING THE 2001 JOHNSON COUNTY, KANSAS YOUTH VOLUNTEER AWARD RECIPIENTS; Congressional Record Vol. 147, No. 60",https://www.congress.gov/congressional-record/volume-147/issue-60/extensions-of-remarks-section/article/E736-1,05/04/2001,,147,60,E736
"TRIBUTE TO FATHER LLOYD SPRINGER; Congressional Record Vol. 146, No. 105",https://www.congress.gov/congressional-record/volume-146/issue-105/extensions-of-remarks-section/article/E1437-2,09/11/2000,,146,105,E1437
"IN HONOR OF THE FIFTEENTH ANNIVERSARY OF THE NAM VETS ASSOCIATION OF THE CAPE AND ISLANDS, INC.; Congressional Record Vol. 144, No. 37",https://www.congress.gov/congressional-record/volume-144/issue-37/extensions-of-remarks-section/article/E505-3,03/27/1998,,144,37,E505
"CONFERENCE REPORT ON H.R. 3074, TRANSPORTATION, HOUSING AND URBAN DEVELOPMENT, AND RELATED AGENCIES APPROPRIATIONS ACT, 2008; Congressional Record Vol. 153, No. 176",https://www.congress.gov/congressional-record/volume-153/issue-176/house-section/article/H13896-1,11/14/2007,,153,176,H13896
"A TRIBUTE TO RAMONA RIPSTON, EXECUTIVE DIRECTOR OF THE ACLU OF SOUTHERN CALIFORNIA, ON THE OCCASION OF THE DEDICATION OF ITS NEW HEADQUARTERS NAMED IN HER HONOR; Congressional Record Vol. 154, No. 153",https://www.congress.gov/congressional-record/volume-154/issue-153/extensions-of-remarks-section/article/E1905-3,09/25/2008,,154,153,E1905
,https://www.congress.gov/bound-congressional-record/1987/03/16/133/house-section/article/5716-5724,03/16/1987,,133,,5716-5724
"ADDITIONAL COSPONSORS; Congressional Record Vol. 161, No. 37",https://www.congress.gov/congressional-record/volume-161/issue-37/senate-section/article/S1303-2,03/04/2015,,161,37,S1303
"SEQUESTRATION AND THE BUDGET; Congressional Record Vol. 159, No. 58",https://www.congress.gov/congressional-record/volume-159/issue-58/house-section/article/H2308-1,04/25/2013,,159,58,H2308
"Daily Digest/Senate Committee Meetings; Congressional Record Vol. 158, No. 98",https://www.congress.gov/congressional-record/volume-158/issue-98/daily-digest/article/D664-2,06/27/2012,,158,98,D664
"MILCON APPROPRIATIONS; Congressional Record Vol. 157, No. 108",https://www.congress.gov/congressional-record/volume-157/issue-108/senate-section/article/S4651-1,07/19/2011,,157,108,S4651
"TEXT OF AMENDMENTS; Congressional Record Vol. 155, No. 165",https://www.congress.gov/congressional-record/volume-155/issue-165/senate-section/article/S11256-1,11/06/2009,,155,165,S11256
"THE HEALTHY CHILDREN THROUGH BETTER NUTRITION ACT OF 2003; Congressional Record Vol. 149, No. 156",https://www.congress.gov/congressional-record/volume-149/issue-156/extensions-of-remarks-section/article/E2195-1,10/31/2003,,149,156,E2195
"Daily Digest/House Committee Meetings; Congressional Record Vol. 148, No. 115",https://www.congress.gov/congressional-record/volume-148/issue-115/daily-digest/article/D926-1,09/12/2002,,148,115,D926
"ABOLISH TRAFFICKING REAUTHORIZATION ACT OF 2022; Congressional Record Vol. 168, No. 200",https://www.congress.gov/congressional-record/volume-168/issue-200/house-section/article/H10018-1,12/22/2022,,168,200,H10018
"C. CLYDE ATKINS UNITED STATES COURTHOUSE; Congressional Record Vol. 153, No. 165",https://www.congress.gov/congressional-record/volume-153/issue-165/house-section/article/H12128-1,10/29/2007,,153,165,H12128
"VETERANS' COMPENSATION AND READJUSTMENT BENEFITS AMENDMENTS OF 1996; Congressional Record Vol. 142, No. 104",https://www.congress.gov/congressional-record/volume-142/issue-104/house-section/article/H7552-1,07/16/1996,,142,104,H7552
"Text of Senate Amendment 2242; Congressional Record Vol. 161, No. 109",https://www.congress.gov/congressional-record/volume-161/issue-109/senate-section/article/S5069-1,07/14/2015,,161,109,S5069
"Text of Senate Amendment 2152; Congressional Record Vol. 161, No. 105",https://www.congress.gov/congressional-record/volume-161/issue-105/senate-section/article/S4864-8,07/08/2015,,161,105,S4864
"ROCKFORD RESCUE MISSION: BRINGING THE COMMUNITY TOGETHER TO SOLVE COMMUNITY PROBLEMS; Congressional Record Vol. 142, No. 128",https://www.congress.gov/congressional-record/volume-142/issue-128/house-section/article/H10513-2,09/17/1996,,142,128,H10513
"HONORING ROSA LUCAS; Congressional Record Vol. 168, No. 47",https://www.congress.gov/congressional-record/volume-168/issue-47/house-section/article/H3748-3,03/16/2022,,168,47,H3748
"POVERTY AND THE HALF IN TEN CAMPAIGN; Congressional Record Vol. 157, No. 194",https://www.congress.gov/congressional-record/volume-157/issue-194/extensions-of-remarks-section/article/E2294-4,12/16/2011,,157,194,E2294
"WASHINGTON WASTE WATCHERS: DUPLICATION; Congressional Record Vol. 149, No. 140",https://www.congress.gov/congressional-record/volume-149/issue-140/house-section/article/H9254-2,10/07/2003,,149,140,H9254
"SHARING AND CARING HANDS; Congressional Record Vol. 141, No. 86",https://www.congress.gov/congressional-record/volume-141/issue-86/house-section/article/H5382-1,05/23/1995,,141,86,H5382
"RECOGNIZING THE DEPARTURE OF THE HONORABLE DON HORSLEY FROM THE SAN MATEO COUNTY BOARD OF SUPERVISORS; Congressional Record Vol. 168, No. 194",https://www.congress.gov/congressional-record/volume-168/issue-194/extensions-of-remarks-section/article/E1285-2,12/14/2022,,168,194,E1285
"RECOGNIZING SERGEANT MARY HERRERA, U.S. MARINE CORPS (RET.); Congressional Record Vol. 159, No. 174",https://www.congress.gov/congressional-record/volume-159/issue-174/extensions-of-remarks-section/article/E1822-2,12/10/2013,,159,174,E1822
"THE YOUTHBUILD TRANSFER ACT; Congressional Record Vol. 152, No. 109",https://www.congress.gov/congressional-record/volume-152/issue-109/extensions-of-remarks-section/article/E1664-3,09/07/2006,,152,109,E1664
"WORLD REFUGEE DAY; Congressional Record Vol. 152, No. 80",https://www.congress.gov/congressional-record/volume-152/issue-80/house-section/article/H4318-1,06/20/2006,,152,80,H4318
"HURRICANE WILMA AND RECONCILIATION; Congressional Record Vol. 151, No. 147",https://www.congress.gov/congressional-record/volume-151/issue-147/house-section/article/H9997-4,11/08/2005,,151,147,H9997
"VA-HUD APPROPRIATIONS BILL; Congressional Record Vol. 143, No. 105",https://www.congress.gov/congressional-record/volume-143/issue-105/senate-section/article/S7972-1,07/23/1997,,143,105,S7972
"EMERGENCY SUPPLEMENTAL APPROPRIATIONS FOR ADDITIONAL DISASTER ASSISTANCE AND RESCISSIONS FOR FISCAL YEAR 1995; Congressional Record Vol. 141, No. 52",https://www.congress.gov/congressional-record/volume-141/issue-52/extensions-of-remarks-section/article/E648-3,03/21/1995,,141,52,E648
"SENATE RESOLUTION 630--RECOGNIZING THE IMPORTANCE OF CONNECTING FOSTER
  YOUTH TO THE WORKFORCE THROUGH INTERNSHIP PROGRAMS, AND ENCOURAGING 
        EMPLOYERS TO INCREASE EMPLOYMENT OF FORMER...; Congressional Record Vol. 154, No. 127",https://www.congress.gov/congressional-record/volume-154/issue-127/senate-section/article/S7638-2,07/29/2008,,154,127,S7638
"HOUSING ASSISTANCE COUNCIL AUTHORIZATION ACT OF 2007; Congressional Record Vol. 153, No. 113",https://www.congress.gov/congressional-record/volume-153/issue-113/house-section/article/H7789-1,07/16/2007,,153,113,H7789
"SENSE OF CONGRESS REGARDING HUMANITARIAN ASSISTANCE TO COUNTRIES OF CARIBBEAN DEVASTATED BY HURRICANES CHARLEY, FRANCES, IVAN, AND JEANNE; Congressional Record Vol. 150, No. 123",https://www.congress.gov/congressional-record/volume-150/issue-123/house-section/article/H7997-1,10/04/2004,,150,123,H7997
"HONORING AMERICA'S VETERANS AND CARING FOR CAMP LEJEUNE FAMILIES ACT OF 2012; Congressional Record Vol. 158, No. 108",https://www.congress.gov/congressional-record/volume-158/issue-108/senate-section/article/S5154-4,07/18/2012,,158,108,S5154
,https://www.congress.gov/bound-congressional-record/1987/03/27/133/senate-section/article/7103-7217,03/27/1987,,133,,7103-7217
"CBC HONORS AMERICA'S VETERANS; Congressional Record Vol. 169, No. 86",https://www.congress.gov/congressional-record/volume-169/issue-86/house-section/article/H2486-5,05/22/2023,,169,86,H2486
"STATEMENTS ON INTRODUCED BILLS AND JOINT RESOLUTIONS; Congressional Record Vol. 156, No. 62",https://www.congress.gov/congressional-record/volume-156/issue-62/senate-section/article/S2804-1,04/29/2010,,156,62,S2804
"TEXT OF AMENDMENTS; Congressional Record Vol. 171, No. 153",https://www.congress.gov/congressional-record/volume-171/issue-153/senate-section/article/S6743-3,09/18/2025,,171,153,S6743
"ADDITIONAL COSPONSORS; Congressional Record Vol. 156, No. 94",https://www.congress.gov/congressional-record/volume-156/issue-94/senate-section/article/S5268-3,06/22/2010,,156,94,S5268
"ADMINISTRATION PROPOSAL CUTS HOUSING LIFELINE FOR PEOPLE WITH DISABILITIES; Congressional Record Vol. 150, No. 28",https://www.congress.gov/congressional-record/volume-150/issue-28/extensions-of-remarks-section/article/E315-4,03/08/2004,,150,28,E315
"HONORING JAMES BOLAND OF WEST HAVEN AND ALL OTHER ALL-AMERICORPS AWARD WINNERS ON THE FIFTH ANNIVERSARY OF AMERICORPS; Congressional Record Vol. 145, No. 143",https://www.congress.gov/congressional-record/volume-145/issue-143/extensions-of-remarks-section/article/E2146-1,10/20/1999,,145,143,E2146
"HUMAN RELATIONS COMMISSION OF SANTA CLARA COUNTY'S 15TH ANNUAL AWARDS BANQUET; Congressional Record Vol. 141, No. 35",https://www.congress.gov/congressional-record/volume-141/issue-35/extensions-of-remarks-section/article/E420-2,02/24/1995,,141,35,E420
"DEPARTMENTS OF VETERANS AFFAIRS AND HOUSING AND URBAN DEVELOPMENT, AND INDEPENDENT AGENCIES APPROPRIATIONS ACT, 1996; Congressional Record Vol. 141, No. 123",https://www.congress.gov/congressional-record/volume-141/issue-123/house-section/article/H7820-3,07/27/1995,,141,123,H7820
"RECOGNIZING THE ESTABLISHMENT OF HUNTERS FOR THE HUNGRY PROGRAMS ACROSS THE U.S.; Congressional Record Vol. 150, No. 124",https://www.congress.gov/congressional-record/volume-150/issue-124/house-section/article/H8136-2,10/05/2004,,150,124,H8136
"SENATE RESOLUTION 260--TO EXPRESS THE SENSE OF THE SENATE THAT THE FEDERAL INVESTMENT IN PROGRAMS THAT PROVIDE HEALTH CARE SERVICES TO UNINSURED AND LOW-INCOME INDIVIDUALS IN MEDICALLY UNDER SERVED...; Congressional Record Vol. 146, No. 18",https://www.congress.gov/congressional-record/volume-146/issue-18/senate-section/article/S824-1,02/24/2000,,146,18,S824
,https://www.congress.gov/bound-congressional-record/1988/02/04/134/extensions-of-remarks-section/article/1181-1198,02/04/1988,,134,,1181-1198
"REMEMBERING WILLIAM JOHN ""WILL"" OSTERTAG; Congressional Record Vol. 170, No. 171",https://www.congress.gov/congressional-record/volume-170/issue-171/extensions-of-remarks-section/article/E1169-5,11/19/2024,,170,171,E1169
"Daily Digest/Senate Committee Meetings; Congressional Record Vol. 169, No. 44",https://www.congress.gov/congressional-record/volume-169/issue-44/daily-digest/article/D204-1,03/08/2023,,169,44,D204
"Daily Digest/COMMITTEE MEETINGS FOR 2009-10-22; Congressional Record Vol. 155, No. 153",https://www.congress.gov/congressional-record/volume-155/issue-153/daily-digest/article/D1211-1,10/21/2009,,155,153,D1211
"TRIBUTE TO STELLA MAY BROWN WEACO; Congressional Record Vol. 155, No. 3",https://www.congress.gov/congressional-record/volume-155/issue-3/senate-section/article/S207-2,01/08/2009,,155,3,S207
"THE LIFE OF MURRAY BARR; Congressional Record Vol. 151, No. 5",https://www.congress.gov/congressional-record/volume-151/issue-5/senate-section/article/S425-1,01/25/2005,,151,5,S425
,https://www.congress.gov/bound-congressional-record/1983/10/03/129/extensions-of-remarks-section/article/26948-26956,10/03/1983,,129,,26948-26956
"HONORING ROBYN KRUEGER ON 40 YEARS OF DEDICATED SERVICE TO COMMUNITY MISSIONS OF NIAGARA FRONTIER, INC.; Congressional Record Vol. 163, No. 193",https://www.congress.gov/congressional-record/volume-163/issue-193/extensions-of-remarks-section/article/E1609-2,11/28/2017,,163,193,E1609
"COMMUNITY VOICES: WHY NUTRITION ASSISTANCE MATTERS; Congressional Record Vol. 161, No. 154",https://www.congress.gov/congressional-record/volume-161/issue-154/house-section/article/H7033-1,10/21/2015,,161,154,H7033
"TRIBUTE TO THE HONORABLE ZEV YAROSLAVSKY; Congressional Record Vol. 160, No. 59",https://www.congress.gov/congressional-record/volume-160/issue-59/extensions-of-remarks-section/article/E581-1,04/10/2014,,160,59,E581
"A TRIBUTE IN RECOGNITION OF THE 100 YEAR ANNIVERSARY OF THE MINISTRY OF THE CLARETIAN MISSIONARIES AT THE HISTORIC OUR LADY QUEEN OF ANGELS CHURCH, ""LA PLACITA""; Congressional Record Vol. 156, No. 53",https://www.congress.gov/congressional-record/volume-156/issue-53/extensions-of-remarks-section/article/E549-6,04/15/2010,,156,53,E549
"SENATE RESOLUTION 140--DESIGNATING THE WEEK OF AUGUST 10, 2003, AS ``NATIONAL HEALTH CENTER WEEK''; Congressional Record Vol. 149, No. 69",https://www.congress.gov/congressional-record/volume-149/issue-69/senate-section/article/S6004-1,05/09/2003,,149,69,S6004
"DENNIS O'DELL; VETERANS COME FIRST!; Congressional Record Vol. 147, No. 172",https://www.congress.gov/congressional-record/volume-147/issue-172/extensions-of-remarks-section/article/E2264-2,12/12/2001,,147,172,E2264
"VETERAN SERVICES; Congressional Record Vol. 143, No. 34",https://www.congress.gov/congressional-record/volume-143/issue-34/extensions-of-remarks-section/article/E483-1,03/17/1997,,143,34,E483
"CARE FOR THE MENTALLY ILL; Congressional Record Vol. 162, No. 30",https://www.congress.gov/congressional-record/volume-162/issue-30/house-section/article/H930-5,02/25/2016,,162,30,H930
"VETERANS' MENTAL HEALTH AND OTHER CARE IMPROVEMENTS ACT; Congressional Record Vol. 154, No. 160",https://www.congress.gov/congressional-record/volume-154/issue-160/senate-section/article/S10439-1,10/02/2008,,154,160,S10439
"STATEMENTS ON INTRODUCED BILLS AND JOINT RESOLUTIONS; Congressional Record Vol. 157, No. 176",https://www.congress.gov/congressional-record/volume-157/issue-176/senate-section/article/S7704-1,11/17/2011,,157,176,S7704
"Trump Executive Orders (Executive Session); Congressional Record Vol. 171, No. 20",https://www.congress.gov/congressional-record/volume-171/issue-20/senate-section/article/S514-1,01/30/2025,,171,20,S514
"AMERICAN RESCUE PLAN ACT OF 2021; Congressional Record Vol. 167, No. 46",https://www.congress.gov/congressional-record/volume-167/issue-46/senate-section/article/S1496-2,03/11/2021,,167,46,S1496
"Daily Digest/House of Representatives; Congressional Record Vol. 166, No. 121",https://www.congress.gov/congressional-record/volume-166/issue-121/daily-digest/article/D562-1,07/01/2020,,166,121,D562
"Introductory Statement on S. 1658; Congressional Record Vol. 163, No. 127",https://www.congress.gov/congressional-record/volume-163/issue-127/senate-section/article/S4427-2,07/27/2017,,163,127,S4427
"HONORING BONNIE LOWENTHAL'S CAREER OF PUBLIC SERVICE; Congressional Record Vol. 166, No. 30",https://www.congress.gov/congressional-record/volume-166/issue-30/extensions-of-remarks-section/article/E180-2,02/13/2020,,166,30,E180
"Introductory Statement on S. 2013; Congressional Record Vol. 161, No. 129",https://www.congress.gov/congressional-record/volume-161/issue-129/senate-section/article/S6535-2,09/09/2015,,161,129,S6535
"HELPING FAMILIES IN MENTAL HEALTH CRISIS ACT; Congressional Record Vol. 161, No. 92",https://www.congress.gov/congressional-record/volume-161/issue-92/house-section/article/H4008-2,06/10/2015,,161,92,H4008
"INTRODUCTION OF BILLS AND JOINT RESOLUTIONS; Congressional Record Vol. 160, No. 117",https://www.congress.gov/congressional-record/volume-160/issue-117/senate-section/article/S4903-2,07/24/2014,,160,117,S4903
"Daily Digest/Senate; Congressional Record Vol. 159, No. 157",https://www.congress.gov/congressional-record/volume-159/issue-157/daily-digest/article/D1056-1,11/06/2013,,159,157,D1056
"RECOGNIZING ANTHONY H. ``TONY'' GRIFFIN ON THE OCCASION OF HIS RETIREMENT AS FAIRFAX COUNTY EXECUTIVE; Congressional Record Vol. 158, No. 58",https://www.congress.gov/congressional-record/volume-158/issue-58/extensions-of-remarks-section/article/E609-1,04/23/2012,,158,58,E609
"SUBMITTED RESOLUTIONS; Congressional Record Vol. 149, No. 109",https://www.congress.gov/congressional-record/volume-149/issue-109/senate-section/article/S9737-1,07/22/2003,,149,109,S9737
"STUDENT WINS FIRST PLACE IN VFW SCHOLARSHIP CONTEST; Congressional Record Vol. 142, No. 48",https://www.congress.gov/congressional-record/volume-142/issue-48/extensions-of-remarks-section/article/E546-1,04/16/1996,,142,48,E546
"MENTAL HEALTH; Congressional Record Vol. 141, No. 2",https://www.congress.gov/congressional-record/volume-141/issue-2/extensions-of-remarks-section/article/E37-1,01/05/1995,,141,2,E37
,https://www.congress.gov/bound-congressional-record/1993/10/27/139/extensions-of-remarks-section/article/26499-26520,10/27/1993,,139,,26499-26520
"VETERANS' MENTAL HEALTH AND OTHER CARE IMPROVEMENTS ACT OF 2008; Congressional Record Vol. 154, No. 152",https://www.congress.gov/congressional-record/volume-154/issue-152/house-section/article/H9369-1,09/24/2008,,154,152,H9369
"SENATE CONCURRENT RESOLUTION 65--RECOGNIZING THE BENEFITS AND IMPORTANCE OF FEDERALLY-QUALIFIED HEALTH CENTERS AND THEIR MEDICAID PROSPECTIVE PAYMENT SYSTEM; Congressional Record Vol. 151, No. 153",https://www.congress.gov/congressional-record/volume-151/issue-153/senate-section/article/S13184-1,11/17/2005,,151,153,S13184
"ECONOMIC JUSTICE ISSUES; Congressional Record Vol. 165, No. 194",https://www.congress.gov/congressional-record/volume-165/issue-194/house-section/article/H9282-7,12/05/2019,,165,194,H9282
"ADDITIONAL COSPONSORS; Congressional Record Vol. 156, No. 93",https://www.congress.gov/congressional-record/volume-156/issue-93/senate-section/article/S5202-2,06/21/2010,,156,93,S5202
"PARTICIPANTS IN THE STUDENT CONGRESSIONAL TOWN MEETING; Congressional Record Vol. 146, No. 113",https://www.congress.gov/congressional-record/volume-146/issue-113/extensions-of-remarks-section/article/E1559-1,09/21/2000,,146,113,E1559
,https://www.congress.gov/bound-congressional-record/1989/02/06/135/extensions-of-remarks-section/article/1689-1707,02/06/1989,,135,,1689-1707
"PROVIDING FOR CONSIDERATION OF H.R. 1734, CIVILIAN PROPERTY REALIGNMENT ACT; Congressional Record Vol. 158, No. 19",https://www.congress.gov/congressional-record/volume-158/issue-19/house-section/article/H485-3,02/06/2012,,158,19,H485
"MEASURES REFERRED; Congressional Record Vol. 144, No. 20",https://www.congress.gov/congressional-record/volume-144/issue-20/senate-section/article/S1336-1,03/04/1998,,144,20,S1336
"MEASURES DISCHARGED; Congressional Record Vol. 155, No. 121",https://www.congress.gov/congressional-record/volume-155/issue-121/senate-section/article/S8863-6,08/05/2009,,155,121,S8863
"Text of Senate Amendment 310; Congressional Record Vol. 161, No. 44",https://www.congress.gov/congressional-record/volume-161/issue-44/senate-section/article/S1549-1,03/16/2015,,161,44,S1549
"Daily Digest/House of Representatives; Congressional Record Vol. 167, No. 104",https://www.congress.gov/congressional-record/volume-167/issue-104/daily-digest/article/D646-1,06/15/2021,,167,104,D646
"OPPOSING H.R. 5, THE LETTING OUR STUDENTS DOWN ACT; Congressional Record Vol. 159, No. 109",https://www.congress.gov/congressional-record/volume-159/issue-109/extensions-of-remarks-section/article/E1147-4,07/26/2013,,159,109,E1147
"STUDENT RESULTS ACT OF 1999; Congressional Record Vol. 145, No. 143",https://www.congress.gov/congressional-record/volume-145/issue-143/house-section/article/H10423-2,10/20/1999,,145,143,H10423
"SENATE BILL REFERRED; Congressional Record Vol. 161, No. 162",https://www.congress.gov/congressional-record/volume-161/issue-162/house-section/article/H7384-2,11/02/2015,,161,162,H7384
"AMANDA SAPIR'S VISION FOR AMERICA; Congressional Record Vol. 141, No. 45",https://www.congress.gov/congressional-record/volume-141/issue-45/extensions-of-remarks-section/article/E573-1,03/10/1995,,141,45,E573
,https://www.congress.gov/bound-congressional-record/1988/06/22/134/house-section/article/15584-15723,06/22/1988,,134,,15584-15723
,https://www.congress.gov/bound-congressional-record/1988/09/28/134/daily-digest/article/668-679,09/28/1988,,134,,668-679
"Constitutional Authority and Single Subject Statements; Congressional Record Vol. 170, No. 145",https://www.congress.gov/congressional-record/volume-170/issue-145/house-section/article/H5447-1,09/18/2024,,170,145,H5447
"PUBLIC BILLS AND RESOLUTIONS; Congressional Record Vol. 142, No. 132",https://www.congress.gov/congressional-record/volume-142/issue-132/house-section/article/H10767-2,09/23/1996,,142,132,H10767
"HEALTH CENTERS CONSOLIDATION ACT OF 1995; Congressional Record Vol. 142, No. 131",https://www.congress.gov/congressional-record/volume-142/issue-131/senate-section/article/S11110-2,09/20/1996,,142,131,S11110
"STATE OF MINNESOTA RESPONDS TO PRESIDENT'S FISCAL YEAR 2019 BUDGET PROPOSAL; Congressional Record Vol. 164, No. 44",https://www.congress.gov/congressional-record/volume-164/issue-44/extensions-of-remarks-section/article/E304-1,03/13/2018,,164,44,E304
"ENCOURAGING THE CONNECTING OF MEMBERS OF THE ARMED FORCES IN THE UNITED STATES TO SUPPORT STRUCTURES NECESSARY TO TRANSITION FROM THE BATTLEFIELD; Congressional Record Vol. 169, No. 187",https://www.congress.gov/congressional-record/volume-169/issue-187/house-section/article/H5705-1,11/13/2023,,169,187,H5705
"STATEMENTS ON INTRODUCED BILLS AND JOINT RESOLUTIONS; Congressional Record Vol. 167, No. 17",https://www.congress.gov/congressional-record/volume-167/issue-17/senate-section/article/S199-3,01/28/2021,,167,17,S199
"SENATE RESOLUTION 18--RESOLUTION EXPRESSING SYMPATHY FOR THE VICTIMS OF THE DEVASTATING EARTHQUAKE THAT STRUCK EL SALVADOR ON JANUARY 13, 2001; Congressional Record Vol. 147, No. 16",https://www.congress.gov/congressional-record/volume-147/issue-16/senate-section/article/S1089-2,02/06/2001,,147,16,S1089
"INTRODUCING H.R. 5524, RURAL VETERANS HEALTH CARE ACT OF 2006; Congressional Record Vol. 152, No. 70",https://www.congress.gov/congressional-record/volume-152/issue-70/extensions-of-remarks-section/article/E1024-1,06/06/2006,,152,70,E1024
"REPORTS OF COMMITTEES ON PUBLIC BILLS AND RESOLUTIONS; Congressional Record Vol. 144, No. 1",https://www.congress.gov/congressional-record/volume-144/issue-1/house-section/article/H62-1,01/27/1998,,144,1,H62
"HONORING PUBLIC CHILD WELFARE AGENCIES; Congressional Record Vol. 154, No. 78",https://www.congress.gov/congressional-record/volume-154/issue-78/house-section/article/H3717-1,05/13/2008,,154,78,H3717
"PERSONAL EXPLANATION; Congressional Record Vol. 164, No. 202",https://www.congress.gov/congressional-record/volume-164/issue-202/extensions-of-remarks-section/article/E1728-4,12/21/2018,,164,202,E1728
"POST-CLOSURE OF MILITARY BASES; Congressional Record Vol. 141, No. 80",https://www.congress.gov/congressional-record/volume-141/issue-80/senate-section/article/S6679-1,05/15/1995,,141,80,S6679
"Daily Digest/Senate Committee Meetings; Congressional Record Vol. 167, No. 110",https://www.congress.gov/congressional-record/volume-167/issue-110/daily-digest/article/D699-1,06/24/2021,,167,110,D699
"Daily Digest/House of Representatives; Congressional Record Vol. 166, No. 165",https://www.congress.gov/congressional-record/volume-166/issue-165/daily-digest/article/D840-1,09/23/2020,,166,165,D840
"Introductory Statement on S. 1703; Congressional Record Vol. 165, No. 93",https://www.congress.gov/congressional-record/volume-165/issue-93/senate-section/article/S3218-2,06/04/2019,,165,93,S3218
"Mental Health Awareness Month (Executive Calendar); Congressional Record Vol. 165, No. 85",https://www.congress.gov/congressional-record/volume-165/issue-85/senate-section/article/S2996-4,05/21/2019,,165,85,S2996
"BLOOMINGDALE VETERANS MEMORIAL POST OFFICE BUILDING; Congressional Record Vol. 164, No. 73",https://www.congress.gov/congressional-record/volume-164/issue-73/house-section/article/H3757-1,05/07/2018,,164,73,H3757
"INTRODUCTION OF BILLS AND JOINT RESOLUTIONS; Congressional Record Vol. 160, No. 49",https://www.congress.gov/congressional-record/volume-160/issue-49/senate-section/article/S1818-3,03/27/2014,,160,49,S1818
"Daily Digest/Senate Committee Meetings; Congressional Record Vol. 158, No. 42",https://www.congress.gov/congressional-record/volume-158/issue-42/daily-digest/article/D246-1,03/14/2012,,158,42,D246
"VETERANS' MENTAL HEALTH CARE IMPROVEMENTS ACT OF 2008; Congressional Record Vol. 154, No. 155",https://www.congress.gov/congressional-record/volume-154/issue-155/senate-section/article/S10017-1,09/27/2008,,154,155,S10017
"Daily Digest/Senate Committee Meetings; Congressional Record Vol. 153, No. 101",https://www.congress.gov/congressional-record/volume-153/issue-101/daily-digest/article/D874-1,06/21/2007,,153,101,D874
"Daily Digest/House of Representatives; Congressional Record Vol. 147, No. 139",https://www.congress.gov/congressional-record/volume-147/issue-139/daily-digest/article/D1024-1,10/16/2001,,147,139,D1024
"HOMES OVER TAX CUTS; Congressional Record Vol. 145, No. 114",https://www.congress.gov/congressional-record/volume-145/issue-114/extensions-of-remarks-section/article/E1794-3,08/05/1999,,145,114,E1794
"CONGRATULATING SANTA CLARA COUNTY HUMAN RELATIONS AWARD RECIPIENTS; Congressional Record Vol. 145, No. 33",https://www.congress.gov/congressional-record/volume-145/issue-33/extensions-of-remarks-section/article/E331-1,03/03/1999,,145,33,E331
"TRIBUTE TO ED BOHRER; Congressional Record Vol. 144, No. 120",https://www.congress.gov/congressional-record/volume-144/issue-120/house-section/article/H7615-1,09/11/1998,,144,120,H7615
"MEASURES REFERRED; Congressional Record Vol. 161, No. 13",https://www.congress.gov/congressional-record/volume-161/issue-13/senate-section/article/S541-2,01/27/2015,,161,13,S541
"MENTAL HEALTH AWARENESS WEEK 2003; Congressional Record Vol. 149, No. 138",https://www.congress.gov/congressional-record/volume-149/issue-138/extensions-of-remarks-section/article/E1961-4,10/02/2003,,149,138,E1961
"PROFILE OF FRAN QUIGLEY; Congressional Record Vol. 143, No. 56",https://www.congress.gov/congressional-record/volume-143/issue-56/extensions-of-remarks-section/article/E824-1,05/05/1997,,143,56,E824
,https://www.congress.gov/bound-congressional-record/1987/12/17/133/senate-section/article/35944-36078,12/17/1987,,133,,35944-36078
"ADDITIONAL COSPONSORS; Congressional Record Vol. 141, No. 148",https://www.congress.gov/congressional-record/volume-141/issue-148/senate-section/article/S14087-4,09/21/1995,,141,148,S14087
"Text of Senate Amendment 2948; Congressional Record Vol. 164, No. 102",https://www.congress.gov/congressional-record/volume-164/issue-102/senate-section/article/S4045-6,06/19/2018,,164,102,S4045
"RECOGNIZING PRICILLA CRUZ-SEADO; Congressional Record Vol. 171, No. 94",https://www.congress.gov/congressional-record/volume-171/issue-94/extensions-of-remarks-section/article/E511-2,06/03/2025,,171,94,E511
"RECOGNIZING PRICILLA CRUZ-SEADO; Congressional Record Vol. 171, No. 86",https://www.congress.gov/congressional-record/volume-171/issue-86/extensions-of-remarks-section/article/E466-2,05/21/2025,,171,86,E466
"RECOGNIZING KRYSTAL MARTINEZ; Congressional Record Vol. 171, No. 80",https://www.congress.gov/congressional-record/volume-171/issue-80/extensions-of-remarks-section/article/E417-1,05/13/2025,,171,80,E417
"RECOGNIZING DANIEL FLORES; Congressional Record Vol. 171, No. 70",https://www.congress.gov/congressional-record/volume-171/issue-70/extensions-of-remarks-section/article/E351-3,04/28/2025,,171,70,E351
"RECOGNIZING CAROL SMITH; Congressional Record Vol. 171, No. 69",https://www.congress.gov/congressional-record/volume-171/issue-69/extensions-of-remarks-section/article/E339-5,04/24/2025,,171,69,E339
"TRIBUTE TO GERALDINE CLAWSON; Congressional Record Vol. 144, No. 36",https://www.congress.gov/congressional-record/volume-144/issue-36/extensions-of-remarks-section/article/E493-1,03/26/1998,,144,36,E493
"TEXT OF AMENDMENTS; Congressional Record Vol. 154, No. 90",https://www.congress.gov/congressional-record/volume-154/issue-90/senate-section/article/S4974-2,06/03/2008,,154,90,S4974
"ADDITIONAL STATEMENTS; Congressional Record Vol. 161, No. 10",https://www.congress.gov/congressional-record/volume-161/issue-10/senate-section/article/S342-1,01/21/2015,,161,10,S342
"ZACHARY MARCOLINA; Congressional Record Vol. 166, No. 134",https://www.congress.gov/congressional-record/volume-166/issue-134/extensions-of-remarks-section/article/E693-4,07/29/2020,,166,134,E693
"PUBLIC HOUSING IMPERATIVES; Congressional Record Vol. 163, No. 182",https://www.congress.gov/congressional-record/volume-163/issue-182/house-section/article/H8647-4,11/08/2017,,163,182,H8647
"Introductory Statement on S. 1996; Congressional Record Vol. 144, No. 49",https://www.congress.gov/congressional-record/volume-144/issue-49/senate-section/article/S3715-3,04/28/1998,,144,49,S3715
"PROVIDING FOR CONSIDERATION OF H.R. 4635, DEPARTMENTS OF VETERANS AFFAIRS AND HOUSING AND URBAN DEVELOPMENT, AND INDEPENDENT AGENCIES APPROPRIATIONS ACT, 2001; Congressional Record Vol. 146, No. 75",https://www.congress.gov/congressional-record/volume-146/issue-75/house-section/article/H4489-5,06/15/2000,,146,75,H4489
"Text of Senate Amendment 2533; Congressional Record Vol. 166, No. 138",https://www.congress.gov/congressional-record/volume-166/issue-138/senate-section/article/S4809-1,08/04/2020,,166,138,S4809
"NEW FUNDS FOR FAMILY UNIFICATION PROGRAM; Congressional Record Vol. 164, No. 189",https://www.congress.gov/congressional-record/volume-164/issue-189/extensions-of-remarks-section/article/E1589-1,11/30/2018,,164,189,E1589
"ACKNOWLEDGE THE CONTRIBUTIONS OF STAND DOWN HOUSE; Congressional Record Vol. 154, No. 112",https://www.congress.gov/congressional-record/volume-154/issue-112/house-section/article/H6236-5,07/09/2008,,154,112,H6236
"CONGRATULATIONS TO JERRY BELL; Congressional Record Vol. 145, No. 47",https://www.congress.gov/congressional-record/volume-145/issue-47/extensions-of-remarks-section/article/E538-2,03/24/1999,,145,47,E538
"HONORING AMERICA'S VETERANS AND CARING FOR CAMP LEJEUNE FAMILIES ACT OF 2012; Congressional Record Vol. 158, No. 115",https://www.congress.gov/congressional-record/volume-158/issue-115/house-section/article/H5416-1,07/31/2012,,158,115,H5416
,https://www.congress.gov/bound-congressional-record/1987/03/18/133/senate-section/article/6005-6146,03/18/1987,,133,,6005-6146
"WE NEED A RESET; Congressional Record Vol. 165, No. 146",https://www.congress.gov/congressional-record/volume-165/issue-146/house-section/article/H7670-3,09/12/2019,,165,146,H7670
"THE NATIONAL DEFENSE AUTHORIZATION ACT FOR FISCAL YEAR 1996; Congressional Record Vol. 141, No. 130",https://www.congress.gov/congressional-record/volume-141/issue-130/senate-section/article/S11635-1,08/05/1995,,141,130,S11635
"RECOGNIZING FELICIA JONES; Congressional Record Vol. 171, No. 74",https://www.congress.gov/congressional-record/volume-171/issue-74/extensions-of-remarks-section/article/E385-1,05/05/2025,,171,74,E385
"PRIVILEGES OF THE FLOOR; Congressional Record Vol. 169, No. 196",https://www.congress.gov/congressional-record/volume-169/issue-196/senate-section/article/S5676-5,11/29/2023,,169,196,S5676
"HONORING REGINA DARDEN FOR RECEIVING THE TIDEWATER CHAPTER HUMANITARIAN AWARD; Congressional Record Vol. 165, No. 45",https://www.congress.gov/congressional-record/volume-165/issue-45/extensions-of-remarks-section/article/E297-4,03/13/2019,,165,45,E297
"Text of Senate Amendment 2862; Congressional Record Vol. 161, No. 171",https://www.congress.gov/congressional-record/volume-161/issue-171/senate-section/article/S8168-7,11/19/2015,,161,171,S8168
"COMMEMORATING GROUNDBREAKING FOR APSAALOOKE WARRIORS APARTMENT COMPLEX; Congressional Record Vol. 160, No. 69",https://www.congress.gov/congressional-record/volume-160/issue-69/house-section/article/H3948-1,05/08/2014,,160,69,H3948
"JOSHUA'S HEART FOUNDATION; Congressional Record Vol. 156, No. 75",https://www.congress.gov/congressional-record/volume-156/issue-75/house-section/article/H3514-3,05/18/2010,,156,75,H3514
"THE DEMOCRAT PARTY: THE PARTY OF ""OWE""; Congressional Record Vol. 155, No. 46",https://www.congress.gov/congressional-record/volume-155/issue-46/house-section/article/H3449-2,03/17/2009,,155,46,H3449
"CONGRATULATING HILL'S ANGELS; Congressional Record Vol. 154, No. 65",https://www.congress.gov/congressional-record/volume-154/issue-65/house-section/article/H2597-1,04/23/2008,,154,65,H2597
"INTRODUCTION OF BILLS AND JOINT RESOLUTIONS; Congressional Record Vol. 168, No. 107",https://www.congress.gov/congressional-record/volume-168/issue-107/senate-section/article/S3159-1,06/23/2022,,168,107,S3159
"STATE OF THE UNION ESSAY CONTEST FINALISTS; Congressional Record Vol. 163, No. 13",https://www.congress.gov/congressional-record/volume-163/issue-13/senate-section/article/S438-4,01/24/2017,,163,13,S438
"ADDITIONAL COSPONSORS; Congressional Record Vol. 156, No. 103",https://www.congress.gov/congressional-record/volume-156/issue-103/senate-section/article/S5786-3,07/13/2010,,156,103,S5786
"ADDITIONAL COSPONSORS; Congressional Record Vol. 155, No. 167",https://www.congress.gov/congressional-record/volume-155/issue-167/senate-section/article/S11290-4,11/09/2009,,155,167,S11290
"MIAMI-DADE TEACHER OF THE YEAR MYRNA BETANCOURT; Congressional Record Vol. 160, No. 24",https://www.congress.gov/congressional-record/volume-160/issue-24/house-section/article/H1701-2,02/10/2014,,160,24,H1701
"INTRODUCTION OF THE ``PREVENTION OF TRAFFICKING OF TSUNAMI ORPHANS ACT''; Congressional Record Vol. 151, No. 19",https://www.congress.gov/congressional-record/volume-151/issue-19/extensions-of-remarks-section/article/E281-2,02/18/2005,,151,19,E281
"Text of Senate Amendment 4671; Congressional Record Vol. 156, No. 132",https://www.congress.gov/congressional-record/volume-156/issue-132/senate-section/article/S7640-3,09/28/2010,,156,132,S7640
"MIDDLE CLASS HEALTH BENEFITS TAX REPEAL ACT OF 2019; Congressional Record Vol. 166, No. 63",https://www.congress.gov/congressional-record/volume-166/issue-63/extensions-of-remarks-section/article/E339-1,03/31/2020,,166,63,E339
"EXPRESSING SOLIDARITY WITH EL SALVADOR; Congressional Record Vol. 155, No. 183",https://www.congress.gov/congressional-record/volume-155/issue-183/house-section/article/H13567-1,12/08/2009,,155,183,H13567
"ADDITIONAL COSPONSORS; Congressional Record Vol. 155, No. 148",https://www.congress.gov/congressional-record/volume-155/issue-148/senate-section/article/S10434-4,10/14/2009,,155,148,S10434
,https://www.congress.gov/bound-congressional-record/1992/08/05/138/house-section/article/21480-21632,08/05/1992,,138,,21480-21632
"HONORING STACEY BUCKNER FOR RECEIVING THE TOM MILLER ADVOCACY AWARD; Congressional Record Vol. 170, No. 121",https://www.congress.gov/congressional-record/volume-170/issue-121/extensions-of-remarks-section/article/E772-3,07/25/2024,,170,121,E772
"Text of Senate Amendment 3032; Congressional Record Vol. 164, No. 103",https://www.congress.gov/congressional-record/volume-164/issue-103/senate-section/article/S4290-3,06/20/2018,,164,103,S4290
"RECOGNIZING GEORGIA MJARTAN; Congressional Record Vol. 163, No. 143",https://www.congress.gov/congressional-record/volume-163/issue-143/house-section/article/H6659-6,09/06/2017,,163,143,H6659
"TRIBUTE TO PINELLAS COUNTY HOUSING AUTHORITY; Congressional Record Vol. 162, No. 109",https://www.congress.gov/congressional-record/volume-162/issue-109/extensions-of-remarks-section/article/E1054-2,07/07/2016,,162,109,E1054
"TERRORIST ATTACKS IN PARIS; Congressional Record Vol. 161, No. 169",https://www.congress.gov/congressional-record/volume-161/issue-169/house-section/article/H8252-3,11/17/2015,,161,169,H8252
"SEQUESTRATION AND THE DEPARTMENT OF HOUSING AND URBAN DEVELOPMENT; Congressional Record Vol. 159, No. 73",https://www.congress.gov/congressional-record/volume-159/issue-73/house-section/article/H2849-6,05/22/2013,,159,73,H2849
"RECOGNIZING SWEET MISS GIVING'S; Congressional Record Vol. 155, No. 113",https://www.congress.gov/congressional-record/volume-155/issue-113/extensions-of-remarks-section/article/E2001-2,07/24/2009,,155,113,E2001
"COMMERCE, JUSTICE, SCIENCE, AND RELATED AGENCIES APPROPRIATIONS ACT, 2020; Congressional Record Vol. 165, No. 106",https://www.congress.gov/congressional-record/volume-165/issue-106/house-section/article/H5047-2,06/24/2019,,165,106,H5047
"TEXT OF AMENDMENTS; Congressional Record Vol. 162, No. 88",https://www.congress.gov/congressional-record/volume-162/issue-88/senate-section/article/S3416-1,06/06/2016,,162,88,S3416
"TRIBUTE TO SISTER THERESA SULLIVAN AND RECOGNIZING THE MACON DAYBREAK DAY RESOURCE CENTER TEAM; Congressional Record Vol. 169, No. 63",https://www.congress.gov/congressional-record/volume-169/issue-63/senate-section/article/S1132-5,04/17/2023,,169,63,S1132
"PRAISING DONARI JOY MOSBY; Congressional Record Vol. 166, No. 19",https://www.congress.gov/congressional-record/volume-166/issue-19/house-section/article/H644-8,01/29/2020,,166,19,H644
"HONORING THE OPENING OF THE ULSTER COUNTY PATRIOTS PROJECT; Congressional Record Vol. 160, No. 89",https://www.congress.gov/congressional-record/volume-160/issue-89/extensions-of-remarks-section/article/E941-1,06/10/2014,,160,89,E941
"IN RECOGNITION OF MERRILL BLUM; Congressional Record Vol. 160, No. 23",https://www.congress.gov/congressional-record/volume-160/issue-23/extensions-of-remarks-section/article/E180-3,02/06/2014,,160,23,E180
"JUSTICE FOR VICTIMS OF TRAFFICKING ACT OF 2015--Continued; Congressional Record Vol. 161, No. 40",https://www.congress.gov/congressional-record/volume-161/issue-40/senate-section/article/S1366-2,03/10/2015,,161,40,S1366
"STATEMENTS ON INTRODUCED BILLS AND JOINT RESOLUTIONS; Congressional Record Vol. 145, No. 60",https://www.congress.gov/congressional-record/volume-145/issue-60/senate-section/article/S4433-2,04/29/1999,,145,60,S4433
"Text of Senate Amendment 1701; Congressional Record Vol. 171, No. 60",https://www.congress.gov/congressional-record/volume-171/issue-60/senate-section/article/S2248-5,04/03/2025,,171,60,S2248
"ZACHARY HAMILTON EARNS EAGLE SCOUT RANK; Congressional Record Vol. 167, No. 59",https://www.congress.gov/congressional-record/volume-167/issue-59/extensions-of-remarks-section/article/E336-3,04/01/2021,,167,59,E336
"Text of Senate Amendment 180; Congressional Record Vol. 167, No. 20",https://www.congress.gov/congressional-record/volume-167/issue-20/senate-section/article/S351-6,02/03/2021,,167,20,S351
"WILL KELLER, MOLINA HEALTHCARE COMMUNITY CHAMPION; Congressional Record Vol. 164, No. 170",https://www.congress.gov/congressional-record/volume-164/issue-170/extensions-of-remarks-section/article/E1402-1,10/12/2018,,164,170,E1402
"CONGRATULATING MIAMI BRIDGE; Congressional Record Vol. 164, No. 116",https://www.congress.gov/congressional-record/volume-164/issue-116/house-section/article/H6051-1,07/11/2018,,164,116,H6051
"Text of Senate Amendment 1306; Congressional Record Vol. 163, No. 168",https://www.congress.gov/congressional-record/volume-163/issue-168/senate-section/article/S6575-8,10/18/2017,,163,168,S6575
"REMEMBERING RODGER McCONNELL; Congressional Record Vol. 162, No. 142",https://www.congress.gov/congressional-record/volume-162/issue-142/senate-section/article/S5906-2,09/20/2016,,162,142,S5906
"Text of Senate Amendment 1127; Congressional Record Vol. 161, No. 58",https://www.congress.gov/congressional-record/volume-161/issue-58/senate-section/article/S2308-1,04/21/2015,,161,58,S2308
"HONORING BARBARA MIKKELSEN; Congressional Record Vol. 157, No. 149",https://www.congress.gov/congressional-record/volume-157/issue-149/house-section/article/H6631-1,10/06/2011,,157,149,H6631
"ADELE O'TOOLE; Congressional Record Vol. 155, No. 169",https://www.congress.gov/congressional-record/volume-155/issue-169/extensions-of-remarks-section/article/E2763-1,11/16/2009,,155,169,E2763
"HONORING THE M&N AUGUSTINE FOUNDATION; Congressional Record Vol. 149, No. 124",https://www.congress.gov/congressional-record/volume-149/issue-124/house-section/article/H8090-5,09/10/2003,,149,124,H8090
"HONORING REVEREND THOMAS BOND; Congressional Record Vol. 149, No. 43",https://www.congress.gov/congressional-record/volume-149/issue-43/extensions-of-remarks-section/article/E505-3,03/18/2003,,149,43,E505
"REPORTS OF COMMITTEES ON PUBLIC BILLS AND RESOLUTIONS; Congressional Record Vol. 144, No. 19",https://www.congress.gov/congressional-record/volume-144/issue-19/house-section/article/H754-1,03/03/1998,,144,19,H754
"SUFFER THE LITTLE CHILDREN; Congressional Record Vol. 141, No. 55",https://www.congress.gov/congressional-record/volume-141/issue-55/house-section/article/H3739-1,03/24/1995,,141,55,H3739
,https://www.congress.gov/bound-congressional-record/1988/10/13/134/daily-digest/article/744-748,10/13/1988,,134,,744-748
"HONORING METRO TRANSIT POLICE OFFICER BEVERLY RODRIGUEZ; Congressional Record Vol. 171, No. 111",https://www.congress.gov/congressional-record/volume-171/issue-111/extensions-of-remarks-section/article/E632-2,06/27/2025,,171,111,E632
"RECOGNIZING ESSENTIAL LEGISLATION THAT SUPPORTS OUR NATION'S VETERANS; Congressional Record Vol. 171, No. 44",https://www.congress.gov/congressional-record/volume-171/issue-44/house-section/article/H1045-3,03/10/2025,,171,44,H1045
"60 YEARS OF THE PIONEER CENTER FOR HUMAN SERVICES; Congressional Record Vol. 164, No. 50",https://www.congress.gov/congressional-record/volume-164/issue-50/house-section/article/H2030-2,03/22/2018,,164,50,H2030
"HONORING MIRIAM STEINBERG; Congressional Record Vol. 163, No. 190",https://www.congress.gov/congressional-record/volume-163/issue-190/extensions-of-remarks-section/article/E1594-5,11/21/2017,,163,190,E1594
"CELEBRATING CAMILLUS HOUSE; Congressional Record Vol. 163, No. 109",https://www.congress.gov/congressional-record/volume-163/issue-109/house-section/article/H5167-5,06/26/2017,,163,109,H5167
"CONGRATULATING THE VERMONT CHRISTIAN CHURCH ON ITS 70TH ANNIVERSARY; Congressional Record Vol. 161, No. 141",https://www.congress.gov/congressional-record/volume-161/issue-141/extensions-of-remarks-section/article/E1379-5,09/29/2015,,161,141,E1379
"THE AMOS HOUSE; Congressional Record Vol. 160, No. 146",https://www.congress.gov/congressional-record/volume-160/issue-146/house-section/article/H8287-1,12/03/2014,,160,146,H8287
"PAYING TRIBUTE TO FRIENDS IN THE DESERT; Congressional Record Vol. 152, No. 48",https://www.congress.gov/congressional-record/volume-152/issue-48/extensions-of-remarks-section/article/E635-5,04/27/2006,,152,48,E635
"RECOGNIZING GUEST CHAPLAIN REVEREND ANTHONY MARCIANO; Congressional Record Vol. 151, No. 120",https://www.congress.gov/congressional-record/volume-151/issue-120/extensions-of-remarks-section/article/E1934-5,09/22/2005,,151,120,E1934
"20TH ANNIVERSARY OF THE BROTHER BENNO FOUNDATION; Congressional Record Vol. 149, No. 155",https://www.congress.gov/congressional-record/volume-149/issue-155/extensions-of-remarks-section/article/E2161-2,10/30/2003,,149,155,E2161
"RELIEF FOR DISASTER VICTIMS; Congressional Record Vol. 143, No. 75",https://www.congress.gov/congressional-record/volume-143/issue-75/house-section/article/H3281-2,06/04/1997,,143,75,H3281
,https://www.congress.gov/bound-congressional-record/1994/09/22/140/extensions-of-remarks-section/article/25520-25533,09/22/1994,,140,,25520-25533
"IN HONOR OF STAND DOWN OF SOUTH JERSEY VOLUNTEERS; Congressional Record Vol. 158, No. 153",https://www.congress.gov/congressional-record/volume-158/issue-153/extensions-of-remarks-section/article/E1864-1,12/03/2012,,158,153,E1864
"RECOGNIZING THE 125TH ANNIVERSARY OF THE SYRACUSE RESCUE MISSION; Congressional Record Vol. 158, No. 33",https://www.congress.gov/congressional-record/volume-158/issue-33/extensions-of-remarks-section/article/E305-2,03/01/2012,,158,33,E305
"LETTER OF COMMENDATION FOR MR. WILLARD ``SMITTY'' SMITH, USN (RET.); Congressional Record Vol. 157, No. 101",https://www.congress.gov/congressional-record/volume-157/issue-101/extensions-of-remarks-section/article/E1267-2,07/08/2011,,157,101,E1267
"HONORING CARMEN CARRASQUILLO; Congressional Record Vol. 166, No. 39",https://www.congress.gov/congressional-record/volume-166/issue-39/house-section/article/H1246-1,02/27/2020,,166,39,H1246
"Text of Senate Amendment 6185; Congressional Record Vol. 168, No. 158",https://www.congress.gov/congressional-record/volume-168/issue-158/senate-section/article/S5714-1,09/29/2022,,168,158,S5714
"Text of Senate Amendment 3987; Congressional Record Vol. 167, No. 190",https://www.congress.gov/congressional-record/volume-167/issue-190/senate-section/article/S7492-2,10/28/2021,,167,190,S7492
"Text of Senate Amendment 1973; Congressional Record Vol. 166, No. 117",https://www.congress.gov/congressional-record/volume-166/issue-117/senate-section/article/S3459-2,06/25/2020,,166,117,S3459
"Daily Digest/Senate Committee Meetings; Congressional Record Vol. 156, No. 77",https://www.congress.gov/congressional-record/volume-156/issue-77/daily-digest/article/D573-1,05/20/2010,,156,77,D573
"STATEMENT ON VETERAN'S LEGISLATION; Congressional Record Vol. 154, No. 84",https://www.congress.gov/congressional-record/volume-154/issue-84/extensions-of-remarks-section/article/E1002-2,05/21/2008,,154,84,E1002
"THE CARE ACT; Congressional Record Vol. 149, No. 158",https://www.congress.gov/congressional-record/volume-149/issue-158/senate-section/article/S13897-1,11/04/2003,,149,158,S13897
"JACKIE EBRON; Congressional Record Vol. 145, No. 51",https://www.congress.gov/congressional-record/volume-145/issue-51/senate-section/article/S3717-1,04/14/1999,,145,51,S3717
"UNHOUSED TRAGEDY; Congressional Record Vol. 171, No. 30",https://www.congress.gov/congressional-record/volume-171/issue-30/house-section/article/H691-3,02/13/2025,,171,30,H691
"UNEMPLOYMENT BENEFITS; Congressional Record Vol. 159, No. 176",https://www.congress.gov/congressional-record/volume-159/issue-176/house-section/article/H8088-3,12/12/2013,,159,176,H8088
"COMMEMORATING THE 50TH ANNIVERSARY OF PROJECT HEAD START; Congressional Record Vol. 161, No. 79",https://www.congress.gov/congressional-record/volume-161/issue-79/extensions-of-remarks-section/article/E774-2,05/21/2015,,161,79,E774
"IN RECOGNITION AND APPRECIATION OF MR. KENT HILL, DIRECTOR OF THE KANSAS CITY VA MEDICAL CENTER FOR 40 YEARS OF SERVICE TO OUR COUNTRY AND CONSUMMATE DEDICATION TO OUR VETERANS; Congressional Record Vol. 160, No. 137",https://www.congress.gov/congressional-record/volume-160/issue-137/extensions-of-remarks-section/article/E1549-2,11/12/2014,,160,137,E1549
"THE BIG PICTURE; Congressional Record Vol. 157, No. 35",https://www.congress.gov/congressional-record/volume-157/issue-35/senate-section/article/S1491-2,03/09/2011,,157,35,S1491
"HONORING PATRICK RYAN ON HIS RETIREMENT FROM THE HOUSE COMMITTEE ON VETERANS' AFFAIRS; Congressional Record Vol. 150, No. 135",https://www.congress.gov/congressional-record/volume-150/issue-135/extensions-of-remarks-section/article/E2074-2,11/20/2004,,150,135,E2074
"JESSE BROWN WILL NOT BE SILENCED; Congressional Record Vol. 141, No. 184",https://www.congress.gov/congressional-record/volume-141/issue-184/senate-section/article/S17421-6,11/18/1995,,141,184,S17421
,https://www.congress.gov/bound-congressional-record/1990/05/09/136/senate-section/article/9734-9821,05/09/1990,,136,,9734-9821
"TEXT OF AMENDMENTS; Congressional Record Vol. 158, No. 108",https://www.congress.gov/congressional-record/volume-158/issue-108/senate-section/article/S5139-2,07/18/2012,,158,108,S5139
"HONORING TEXAS-24 HOMETOWN HEROES BENNETT BRANDON AND HENRY; Congressional Record Vol. 171, No. 6",https://www.congress.gov/congressional-record/volume-171/issue-6/extensions-of-remarks-section/article/E18-2,01/13/2025,,171,6,E18
"RECOGNIZING MARY MARGARET BUTLER; Congressional Record Vol. 167, No. 52",https://www.congress.gov/congressional-record/volume-167/issue-52/house-section/article/H1604-4,03/19/2021,,167,52,H1604
"TRIBUTE TO THE LIFE OF DUANE CHAPMAN; Congressional Record Vol. 164, No. 201",https://www.congress.gov/congressional-record/volume-164/issue-201/extensions-of-remarks-section/article/E1716-1,12/20/2018,,164,201,E1716
"2017 CONTINUED APPROPRIATIONS; Congressional Record Vol. 163, No. 76",https://www.congress.gov/congressional-record/volume-163/issue-76/house-section/article/H3310-5,05/03/2017,,163,76,H3310
"RECOGNIZING THE JOURNEY HOME; Congressional Record Vol. 160, No. 53",https://www.congress.gov/congressional-record/volume-160/issue-53/extensions-of-remarks-section/article/E493-1,04/02/2014,,160,53,E493
"RECOGNIZING THE RETIREMENT OF JOHN RECORDS; Congressional Record Vol. 159, No. 85",https://www.congress.gov/congressional-record/volume-159/issue-85/extensions-of-remarks-section/article/E868-3,06/14/2013,,159,85,E868
"A TRIBUTE TO ALL OUR VETERANS; Congressional Record Vol. 156, No. 83",https://www.congress.gov/congressional-record/volume-156/issue-83/house-section/article/H4087-7,05/28/2010,,156,83,H4087
"RECOGNIZING THE NIGHT MINISTRY; Congressional Record Vol. 155, No. 139",https://www.congress.gov/congressional-record/volume-155/issue-139/extensions-of-remarks-section/article/E2403-2,09/30/2009,,155,139,E2403
"HONORING KALAMAZOO GOSPEL MISSION OF KALAMAZOO; Congressional Record Vol. 154, No. 117",https://www.congress.gov/congressional-record/volume-154/issue-117/extensions-of-remarks-section/article/E1477-1,07/16/2008,,154,117,E1477
"IN HONOR OF ANDREW SAAVEDRA; Congressional Record Vol. 153, No. 54",https://www.congress.gov/congressional-record/volume-153/issue-54/extensions-of-remarks-section/article/E654-1,03/28/2007,,153,54,E654
"Text of Senate Amendment 3753; Congressional Record Vol. 152, No. 49",https://www.congress.gov/congressional-record/volume-152/issue-49/senate-section/article/S3812-4,05/01/2006,,152,49,S3812
"HONORING DR. LOUISE R. D'OLIVEIRA; Congressional Record Vol. 149, No. 121",https://www.congress.gov/congressional-record/volume-149/issue-121/extensions-of-remarks-section/article/E1723-2,09/05/2003,,149,121,E1723
"IN HONOR OF ERIC DELUCIEN AND NEW DIRECTIONS, INC.; Congressional Record Vol. 144, No. 142",https://www.congress.gov/congressional-record/volume-144/issue-142/extensions-of-remarks-section/article/E2013-1,10/10/1998,,144,142,E2013
"DODGE DEVELOPMENT CENTER; Congressional Record Vol. 144, No. 134",https://www.congress.gov/congressional-record/volume-144/issue-134/senate-section/article/S11188-2,09/30/1998,,144,134,S11188
"HONORING CHAD MASCOE AS A DISTINGUISHED LEADER IN CENTRAL FLORIDA FOR CARIBBEAN HERITAGE MONTH; Congressional Record Vol. 169, No. 112",https://www.congress.gov/congressional-record/volume-169/issue-112/extensions-of-remarks-section/article/E621-3,06/27/2023,,169,112,E621
"HONORING AND RECOGNIZING THE YOUTHNETWORK CRISIS SHELTER; Congressional Record Vol. 150, No. 105",https://www.congress.gov/congressional-record/volume-150/issue-105/extensions-of-remarks-section/article/E1562-3,09/08/2004,,150,105,E1562
"RECOGNITION OF MS. SUE DILLON, FOUNDER AND PRESIDENT OF TAIL'S END FARM ANIMAL RESCUE; Congressional Record Vol. 146, No. 112",https://www.congress.gov/congressional-record/volume-146/issue-112/senate-section/article/S8819-2,09/20/2000,,146,112,S8819
"TRIBUTE TO THE LATE JUDGE C. CLYDE ATKINS; Congressional Record Vol. 145, No. 41",https://www.congress.gov/congressional-record/volume-145/issue-41/extensions-of-remarks-section/article/E447-2,03/16/1999,,145,41,E447
,https://www.congress.gov/bound-congressional-record/1987/02/24/133/daily-digest/article/76-82,02/24/1987,,133,,76-82
"HONORING CORPORAL ADRIAN MALDONADO, DEPUTY JAMES MACKEY, DEPUTY JASON COKER, DEPUTY TAMMY FOX, AND DEPUTY YANICK EXCEUS; Congressional Record Vol. 170, No. 179",https://www.congress.gov/congressional-record/volume-170/issue-179/extensions-of-remarks-section/article/E1218-3,12/04/2024,,170,179,E1218
"STATEMENTS ON INTRODUCED BILLS AND JOINT RESOLUTIONS; Congressional Record Vol. 146, No. 100",https://www.congress.gov/congressional-record/volume-146/issue-100/senate-section/article/S7841-1,07/27/2000,,146,100,S7841
"CONFERENCE REPORT ON H.R. 2099, DEPARTMENTS OF VETERANS AFFAIRS AND HOUSING AND URBAN DEVELOPMENT, AND INDEPENDENT AGENCIES APPROPRIATIONS ACT, 1996; Congressional Record Vol. 141, No. 199",https://www.congress.gov/congressional-record/volume-141/issue-199/extensions-of-remarks-section/article/E2370-2,12/14/1995,,141,199,E2370
"HONORING THE 2020 WOMEN OF THE YEAR; Congressional Record Vol. 166, No. 194",https://www.congress.gov/congressional-record/volume-166/issue-194/extensions-of-remarks-section/article/E1027-3,11/16/2020,,166,194,E1027
"MESSAGE FROM THE HOUSE; Congressional Record Vol. 161, No. 13",https://www.congress.gov/congressional-record/volume-161/issue-13/senate-section/article/S541-1,01/27/2015,,161,13,S541
"THE JEFFERSON CENTER; Congressional Record Vol. 165, No. 75",https://www.congress.gov/congressional-record/volume-165/issue-75/extensions-of-remarks-section/article/E547-1,05/07/2019,,165,75,E547
"RECOGNIZING SERGEANT VINCENT SCALISE; Congressional Record Vol. 163, No. 201",https://www.congress.gov/congressional-record/volume-163/issue-201/house-section/article/H9780-4,12/11/2017,,163,201,H9780
"Text of Senate Amendment 1860; Congressional Record Vol. 163, No. 196",https://www.congress.gov/congressional-record/volume-163/issue-196/senate-section/article/S7805-5,12/01/2017,,163,196,S7805
"RECOGNIZING MRS. LYNN JEWELL; Congressional Record Vol. 163, No. 180",https://www.congress.gov/congressional-record/volume-163/issue-180/extensions-of-remarks-section/article/E1508-5,11/06/2017,,163,180,E1508
"Text of Senate Amendment 2374; Congressional Record Vol. 155, No. 130",https://www.congress.gov/congressional-record/volume-155/issue-130/senate-section/article/S9382-6,09/15/2009,,155,130,S9382
"ANNOUNCING INTRODUCTION OF THE SHIELD ACT; Congressional Record Vol. 151, No. 75",https://www.congress.gov/congressional-record/volume-151/issue-75/house-section/article/H4193-6,06/08/2005,,151,75,H4193
"IN RECOGNITION OF THE DUFFY HEALTH CENTER; Congressional Record Vol. 163, No. 180",https://www.congress.gov/congressional-record/volume-163/issue-180/extensions-of-remarks-section/article/E1509-1,11/06/2017,,163,180,E1509
"RHODE ISLAND HOUSING; Congressional Record Vol. 160, No. 100",https://www.congress.gov/congressional-record/volume-160/issue-100/house-section/article/H5733-5,06/25/2014,,160,100,H5733
"IN RECOGNITION OF SISTER KATHLEEN KILBANE; Congressional Record Vol. 158, No. 32",https://www.congress.gov/congressional-record/volume-158/issue-32/extensions-of-remarks-section/article/E281-4,02/29/2012,,158,32,E281
"IN RECOGNITION OF CLEVELAND TENANTS ORGANIZATION; Congressional Record Vol. 157, No. 160",https://www.congress.gov/congressional-record/volume-157/issue-160/extensions-of-remarks-section/article/E1906-1,10/24/2011,,157,160,E1906
"IN RECOGNITION OF BOISE RESCUE MISSION; Congressional Record Vol. 154, No. 105",https://www.congress.gov/congressional-record/volume-154/issue-105/extensions-of-remarks-section/article/E1323-1,06/24/2008,,154,105,E1323
"PAYING TRIBUTE TO KATHLEEN DYE; Congressional Record Vol. 153, No. 25",https://www.congress.gov/congressional-record/volume-153/issue-25/extensions-of-remarks-section/article/E299-4,02/09/2007,,153,25,E299
"RECOGNIZING MR. RONALD L. BOOK; Congressional Record Vol. 152, No. 25",https://www.congress.gov/congressional-record/volume-152/issue-25/extensions-of-remarks-section/article/E260-4,03/02/2006,,152,25,E260
"IN HONOR OF THE 16TH ANNIVERSARY OF LET'S CELEBRATE, INC.; Congressional Record Vol. 144, No. 44",https://www.congress.gov/congressional-record/volume-144/issue-44/extensions-of-remarks-section/article/E599-2,04/21/1998,,144,44,E599
"STATEMENTS ON INTRODUCED BILLS AND JOINT RESOLUTIONS; Congressional Record Vol. 155, No. 168",https://www.congress.gov/congressional-record/volume-155/issue-168/senate-section/article/S11346-1,11/10/2009,,155,168,S11346
"WORK FORCE DEVELOPMENT ACT OF 1995; Congressional Record Vol. 141, No. 157",https://www.congress.gov/congressional-record/volume-141/issue-157/senate-section/article/S14962-2,10/11/1995,,141,157,S14962
"Daily Digest/COMMITTEE MEETINGS FOR 2019-09-20; Congressional Record Vol. 165, No. 151",https://www.congress.gov/congressional-record/volume-165/issue-151/daily-digest/article/D1040-1,09/19/2019,,165,151,D1040
"ADDRESSING THE UNEMPLOYMENT SYSTEM IN CALIFORNIA; Congressional Record Vol. 170, No. 181",https://www.congress.gov/congressional-record/volume-170/issue-181/house-section/article/H6423-1,12/06/2024,,170,181,H6423
"JEFFERSON CENTER FOR MENTAL HEALTH; Congressional Record Vol. 164, No. 28",https://www.congress.gov/congressional-record/volume-164/issue-28/extensions-of-remarks-section/article/E170-4,02/13/2018,,164,28,E170
"HONORING MS. MARIA GUEVARA; Congressional Record Vol. 162, No. 43",https://www.congress.gov/congressional-record/volume-162/issue-43/extensions-of-remarks-section/article/E338-1,03/17/2016,,162,43,E338
"Text of Senate Amendment 2833; Congressional Record Vol. 161, No. 170",https://www.congress.gov/congressional-record/volume-161/issue-170/senate-section/article/S8108-3,11/18/2015,,161,170,S8108
"IN RECOGNITION OF THE 45TH ANNIVERSARY OF SOS COMMUNITY SERVICES; Congressional Record Vol. 161, No. 121",https://www.congress.gov/congressional-record/volume-161/issue-121/extensions-of-remarks-section/article/E1183-2,07/29/2015,,161,121,E1183
"RECOGNIZING RODGER C. COLLINS; Congressional Record Vol. 160, No. 81",https://www.congress.gov/congressional-record/volume-160/issue-81/extensions-of-remarks-section/article/E842-5,05/28/2014,,160,81,E842
"HOMES FOR HEROES ACT; Congressional Record Vol. 158, No. 52",https://www.congress.gov/congressional-record/volume-158/issue-52/house-section/article/H1744-6,03/29/2012,,158,52,H1744
"HONORING MR. ELMER DUCKINFIELD; Congressional Record Vol. 155, No. 56",https://www.congress.gov/congressional-record/volume-155/issue-56/extensions-of-remarks-section/article/E856-2,04/02/2009,,155,56,E856
"NATIONAL SAFE PLACE WEEK; Congressional Record Vol. 155, No. 47",https://www.congress.gov/congressional-record/volume-155/issue-47/house-section/article/H3532-2,03/18/2009,,155,47,H3532
"TESTIMONY OF MICHELE DE JESU; Congressional Record Vol. 149, No. 148",https://www.congress.gov/congressional-record/volume-149/issue-148/extensions-of-remarks-section/article/E2108-4,10/21/2003,,149,148,E2108
"TRIBUTE TO CONGRESSMAN TONY HALL; Congressional Record Vol. 148, No. 105",https://www.congress.gov/congressional-record/volume-148/issue-105/extensions-of-remarks-section/article/E1459-1,07/29/2002,,148,105,E1459
"IN SPECIAL RECOGNITION OF PEGGY RODGERS; Congressional Record Vol. 145, No. 155",https://www.congress.gov/congressional-record/volume-145/issue-155/extensions-of-remarks-section/article/E2286-5,11/05/1999,,145,155,E2286
"LEGISLATIVE ASSAULT ON OUR CITIES; Congressional Record Vol. 141, No. 141",https://www.congress.gov/congressional-record/volume-141/issue-141/house-section/article/H8732-3,09/12/1995,,141,141,H8732
"FOSTER CARE INDEPENDENCE ACT OF 1999; Congressional Record Vol. 145, No. 165",https://www.congress.gov/congressional-record/volume-145/issue-165/senate-section/article/S15201-4,11/19/1999,,145,165,S15201
"RECOGNIZING WYATT DICKINSON, EAGLE SCOUT; Congressional Record Vol. 171, No. 122",https://www.congress.gov/congressional-record/volume-171/issue-122/extensions-of-remarks-section/article/E679-1,07/16/2025,,171,122,E679
"HONORING CONNOR FRANTZ FOR HIS WORK WITH VETERANS; Congressional Record Vol. 164, No. 161",https://www.congress.gov/congressional-record/volume-164/issue-161/extensions-of-remarks-section/article/E1332-1,09/28/2018,,164,161,E1332
"IN HONOR OF THE SILVER STAR FAMILIES OF AMERICA; Congressional Record Vol. 155, No. 65",https://www.congress.gov/congressional-record/volume-155/issue-65/extensions-of-remarks-section/article/E1023-4,04/30/2009,,155,65,E1023
"FULL CIRCLE: TURNING LIVES AROUND; Congressional Record Vol. 150, No. 133",https://www.congress.gov/congressional-record/volume-150/issue-133/extensions-of-remarks-section/article/E2034-1,11/18/2004,,150,133,E2034
"A TRIBUTE TO DAVE KULCHIN; Congressional Record Vol. 149, No. 74",https://www.congress.gov/congressional-record/volume-149/issue-74/extensions-of-remarks-section/article/E992-1,05/19/2003,,149,74,E992
"SALUTE TO DISTRICT OF COLUMBIA YOUTH VOLUNTEERS; Congressional Record Vol. 146, No. 54",https://www.congress.gov/congressional-record/volume-146/issue-54/extensions-of-remarks-section/article/E645-3,05/04/2000,,146,54,E645
"RECOGNIZING MORNINGSTAR MISSION AS AN OUTSTANDING HUMAN SERVICE AGENCY AND GLEN MARCUM AS AN OUTSTANDING INDIVIDUAL IN HUMAN SERVICES; Congressional Record Vol. 162, No. 62",https://www.congress.gov/congressional-record/volume-162/issue-62/extensions-of-remarks-section/article/E562-3,04/21/2016,,162,62,E562
"RECOGNIZING THE 25TH ANNIVERSARY OF PASTOR CLINTON HOUSE AND DR. MARY L. HOUSE'S PASTORAL SERVICE WITH MOUNTAINTOP FAITH MINISTRIES; Congressional Record Vol. 161, No. 134",https://www.congress.gov/congressional-record/volume-161/issue-134/senate-section/article/S6798-5,09/17/2015,,161,134,S6798
,https://www.congress.gov/bound-congressional-record/1986/06/05/132/house-section/article/12544-12625,06/05/1986,,132,,12544-12625
"EXPRESSING THE CONDOLENCES OF THE HOUSE ON THE DEATH OF DIANA, PRINCESS OF WALES; Congressional Record Vol. 143, No. 115",https://www.congress.gov/congressional-record/volume-143/issue-115/house-section/article/H6898-1,09/04/1997,,143,115,H6898
"Daily Digest/House Committee Meetings; Congressional Record Vol. 159, No. 120",https://www.congress.gov/congressional-record/volume-159/issue-120/daily-digest/article/D859-1,09/12/2013,,159,120,D859
"EXPLAINING THE SCHOOL LUNCH PROGRAM TO CHILDREN
  (Ms. SLAUGHTER asked and was given permission to address the House 
for 1 minute and to revise and extend her remarks.)
  Ms. SLAUGHTER. Mr...; Congressional Record Vol. 141, No. 37",https://www.congress.gov/congressional-record/volume-141/issue-37/house-section/article/H2319-3,02/28/1995,,141,37,H2319
"HONORING THE SERVICE OF TIM O'KEEFE; Congressional Record Vol. 168, No. 189",https://www.congress.gov/congressional-record/volume-168/issue-189/extensions-of-remarks-section/article/E1225-3,12/06/2022,,168,189,E1225
"HONORING ZOE ROYER; Congressional Record Vol. 166, No. 169",https://www.congress.gov/congressional-record/volume-166/issue-169/extensions-of-remarks-section/article/E895-4,09/29/2020,,166,169,E895
"RECOGNIZING RUSSELL ``ROOSTER'' VALENTI; Congressional Record Vol. 166, No. 19",https://www.congress.gov/congressional-record/volume-166/issue-19/house-section/article/H703-4,01/29/2020,,166,19,H703
"ADDITIONAL STATEMENTS; Congressional Record Vol. 161, No. 184",https://www.congress.gov/congressional-record/volume-161/issue-184/senate-section/article/S8791-3,12/17/2015,,161,184,S8791
"COMMENDING ZACH BONNER; Congressional Record Vol. 156, No. 2",https://www.congress.gov/congressional-record/volume-156/issue-2/extensions-of-remarks-section/article/E9-3,01/12/2010,,156,2,E9
,https://www.congress.gov/bound-congressional-record/1987/04/03/133/senate-section/article/7883-8005,04/03/1987,,133,,7883-8005
"RECOGNIZING THE 150TH ANNIVERSARY OF FIRST PRESBYTERIAN CHURCH OF ASHLAND; Congressional Record Vol. 171, No. 118",https://www.congress.gov/congressional-record/volume-171/issue-118/senate-section/article/S4284-2,07/09/2025,,171,118,S4284
"CYCLING FOR HOPE THE MISSION; Congressional Record Vol. 170, No. 80",https://www.congress.gov/congressional-record/volume-170/issue-80/house-section/article/H2949-6,05/08/2024,,170,80,H2949
"HONORING THE IMPRESSIVE SERVICE OF BETHANY MOULTRY; Congressional Record Vol. 170, No. 16",https://www.congress.gov/congressional-record/volume-170/issue-16/extensions-of-remarks-section/article/E85-2,01/29/2024,,170,16,E85
"RECOGNIZING MILITARY MISSIONS IN ACTION; Congressional Record Vol. 165, No. 196",https://www.congress.gov/congressional-record/volume-165/issue-196/senate-section/article/S6901-3,12/09/2019,,165,196,S6901
"WELCOMING REVEREND M. DAVIES KIRKLAND; Congressional Record Vol. 163, No. 100",https://www.congress.gov/congressional-record/volume-163/issue-100/house-section/article/H4865-6,06/13/2017,,163,100,H4865
"Text of Senate Amendment 1041; Congressional Record Vol. 161, No. 51",https://www.congress.gov/congressional-record/volume-161/issue-51/senate-section/article/S2070-6,03/26/2015,,161,51,S2070
"HONORING RUTH ARDEN; Congressional Record Vol. 156, No. 56",https://www.congress.gov/congressional-record/volume-156/issue-56/extensions-of-remarks-section/article/E588-3,04/20/2010,,156,56,E588
"HONORING GUEST CHAPLAIN, JOHN L. BEAVER, NATIONAL CHAPLAIN, THE AMERICAN LEGION; Congressional Record Vol. 156, No. 38",https://www.congress.gov/congressional-record/volume-156/issue-38/extensions-of-remarks-section/article/E389-2,03/16/2010,,156,38,E389
"HONORING THE SARASOTA SOUTH ELKS LODGE #2495; Congressional Record Vol. 154, No. 82",https://www.congress.gov/congressional-record/volume-154/issue-82/extensions-of-remarks-section/article/E965-3,05/19/2008,,154,82,E965
"TRIBUTE TO DOROTHY L. MOORE; Congressional Record Vol. 151, No. 50",https://www.congress.gov/congressional-record/volume-151/issue-50/extensions-of-remarks-section/article/E748-2,04/22/2005,,151,50,E748
"NEW JERSEY COMMUNITY DEVELOPMENT CORPORATION; Congressional Record Vol. 150, No. 131",https://www.congress.gov/congressional-record/volume-150/issue-131/senate-section/article/S11368-2,11/16/2004,,150,131,S11368
"AMVETS DEPARTMENT COMMANDER REGIS W. RILEY; Congressional Record Vol. 150, No. 77",https://www.congress.gov/congressional-record/volume-150/issue-77/senate-section/article/S6480-1,06/04/2004,,150,77,S6480
"A SALUTE TO HENRY F. MOZELL ON HIS RETIREMENT; Congressional Record Vol. 146, No. 102",https://www.congress.gov/congressional-record/volume-146/issue-102/extensions-of-remarks-section/article/E1412-3,09/06/2000,,146,102,E1412
"TRIBUTE TO THE MEDIA; Congressional Record Vol. 145, No. 54",https://www.congress.gov/congressional-record/volume-145/issue-54/extensions-of-remarks-section/article/E701-1,04/20/1999,,145,54,E701
"TRIBUTE TO ROBERT CONDON; Congressional Record Vol. 145, No. 39",https://www.congress.gov/congressional-record/volume-145/issue-39/senate-section/article/S2607-2,03/11/1999,,145,39,S2607
"MONTCLAIR DAYS OF CARING; Congressional Record Vol. 142, No. 64",https://www.congress.gov/congressional-record/volume-142/issue-64/extensions-of-remarks-section/article/E746-2,05/09/1996,,142,64,E746
"VETERANS HOUSING, EMPLOYMENT PROGRAMS, AND EMPLOYMENT RIGHTS BENEFITS ACT OF 1995; Congressional Record Vol. 141, No. 199",https://www.congress.gov/congressional-record/volume-141/issue-199/extensions-of-remarks-section/article/E2363-2,12/14/1995,,141,199,E2363
"CONGRATULATING YMCA OF THE ROSES CEO AND PRESIDENT LARRY RICHARDSON ON HIS RETIREMENT; Congressional Record Vol. 171, No. 101",https://www.congress.gov/congressional-record/volume-171/issue-101/extensions-of-remarks-section/article/E564-3,06/12/2025,,171,101,E564
"RECOGNIZING THE SERVICE OF COMMISSIONER ANTONIO WILLIAMS OF WAYNE COUNTY, NORTH CAROLINA; Congressional Record Vol. 170, No. 190",https://www.congress.gov/congressional-record/volume-170/issue-190/extensions-of-remarks-section/article/E1324-5,12/20/2024,,170,190,E1324
"HONORING KAYDENCE TATE ON RECEIVING THE 2024 YOUTH OF THE YEAR AWARD; Congressional Record Vol. 170, No. 33",https://www.congress.gov/congressional-record/volume-170/issue-33/extensions-of-remarks-section/article/E170-2,02/23/2024,,170,33,E170
"COMMEMORATING THE KIWANIS CLUB OF PASADENA CENTENNIAL ANNIVERSARY; Congressional Record Vol. 166, No. 40",https://www.congress.gov/congressional-record/volume-166/issue-40/extensions-of-remarks-section/article/E232-3,02/28/2020,,166,40,E232
"IN RECOGNITION OF THE 110TH ANNIVERSARY OF DETROIT RESCUE MISSION MINISTRIES; Congressional Record Vol. 165, No. 161",https://www.congress.gov/congressional-record/volume-165/issue-161/extensions-of-remarks-section/article/E1280-1,10/11/2019,,165,161,E1280
"IN RECOGNITION OF THE CLEVELAND MEDIATION CENTER; Congressional Record Vol. 157, No. 174",https://www.congress.gov/congressional-record/volume-157/issue-174/extensions-of-remarks-section/article/E2045-2,11/15/2011,,157,174,E2045
"IN HONOR OF THE 55TH ANNIVERSARY OF RECOVERY RESOURCES; Congressional Record Vol. 156, No. 151",https://www.congress.gov/congressional-record/volume-156/issue-151/extensions-of-remarks-section/article/E1970-2,11/18/2010,,156,151,E1970
"IN RECOGNITION OF ADOPT-A-CAT MONTH OF THE AMERICAN HUMANE ASSOCIATION; Congressional Record Vol. 156, No. 67",https://www.congress.gov/congressional-record/volume-156/issue-67/extensions-of-remarks-section/article/E776-4,05/06/2010,,156,67,E776
"TRIBUTE TO MOTHER ANN PARROTT ON HER 80TH BIRTHDAY; Congressional Record Vol. 151, No. 37",https://www.congress.gov/congressional-record/volume-151/issue-37/extensions-of-remarks-section/article/E531-5,04/05/2005,,151,37,E531
"IN HONOR OF JACOB KASKEY; Congressional Record Vol. 146, No. 34",https://www.congress.gov/congressional-record/volume-146/issue-34/extensions-of-remarks-section/article/E401-5,03/23/2000,,146,34,E401
"A TRIBUTE TO REVEREND THEBO AND THE OPEN DOOR MISSION; Congressional Record Vol. 144, No. 120",https://www.congress.gov/congressional-record/volume-144/issue-120/extensions-of-remarks-section/article/E1704-3,09/11/1998,,144,120,E1704
"TRIBUTE TO MR. BILL CROOKSTON; Congressional Record Vol. 143, No. 58",https://www.congress.gov/congressional-record/volume-143/issue-58/extensions-of-remarks-section/article/E858-4,05/07/1997,,143,58,E858
"IN HONOR OF 2006 LILLY REINTEGRATION AWARD HONORS CONNECTIONS COMMUNITY SUPPORT PROGRAMS, INC.; Congressional Record Vol. 152, No. 125",https://www.congress.gov/congressional-record/volume-152/issue-125/extensions-of-remarks-section/article/E1973-4,09/29/2006,,152,125,E1973
,https://www.congress.gov/bound-congressional-record/1987/03/02/133/daily-digest/article/97-99,03/02/1987,,133,,97-99
"PERSONAL EXPLANATION; Congressional Record Vol. 153, No. 84",https://www.congress.gov/congressional-record/volume-153/issue-84/house-section/article/H5564-1,05/22/2007,,153,84,H5564
"Introductory Statement on S. 1076; Congressional Record Vol. 145, No. 73",https://www.congress.gov/congressional-record/volume-145/issue-73/senate-section/article/S5587-3,05/19/1999,,145,73,S5587
"Daily Digest/House of Representatives; Congressional Record Vol. 155, No. 53",https://www.congress.gov/congressional-record/volume-155/issue-53/daily-digest/article/D338-1,03/30/2009,,155,53,D338
"INTERIOR, ENVIRONMENT, FINANCIAL SERVICES, AND GENERAL GOVERNMENT APPROPRIATIONS ACT, 2019; Congressional Record Vol. 164, No. 124",https://www.congress.gov/congressional-record/volume-164/issue-124/senate-section/article/S5230-1,07/24/2018,,164,124,S5230
"Daily Digest/House of Representatives; Congressional Record Vol. 167, No. 85",https://www.congress.gov/congressional-record/volume-167/issue-85/daily-digest/article/D525-1,05/17/2021,,167,85,D525
"ADDITIONAL COSPONSORS; Congressional Record Vol. 161, No. 127",https://www.congress.gov/congressional-record/volume-161/issue-127/senate-section/article/S6434-3,08/06/2015,,161,127,S6434
"INTRODUCTION OF H. RES. 92, RESOLUTION COMMEMORATING THE 50TH ANNIVERSARY OF PROJECT HEAD START; Congressional Record Vol. 161, No. 20",https://www.congress.gov/congressional-record/volume-161/issue-20/extensions-of-remarks-section/article/E172-4,02/05/2015,,161,20,E172
"Daily Digest/House Committee Meetings; Congressional Record Vol. 155, No. 82",https://www.congress.gov/congressional-record/volume-155/issue-82/daily-digest/article/D633-1,06/03/2009,,155,82,D633
"Daily Digest/House of Representatives; Congressional Record Vol. 149, No. 75",https://www.congress.gov/congressional-record/volume-149/issue-75/daily-digest/article/D554-1,05/20/2003,,149,75,D554
"Daily Digest/House of Representatives; Congressional Record Vol. 146, No. 126",https://www.congress.gov/congressional-record/volume-146/issue-126/daily-digest/article/D1064-2,10/11/2000,,146,126,D1064
"Daily Digest/House Committee Meetings; Congressional Record Vol. 145, No. 91",https://www.congress.gov/congressional-record/volume-145/issue-91/daily-digest/article/D726-1,06/24/1999,,145,91,D726
"REMEMBERING SENATOR JACOB JAVITS; Congressional Record Vol. 141, No. 43",https://www.congress.gov/congressional-record/volume-141/issue-43/senate-section/article/S3672-1,03/08/1995,,141,43,S3672
"AMENDMENTS SUBMITTED AND PROPOSED; Congressional Record Vol. 161, No. 160",https://www.congress.gov/congressional-record/volume-161/issue-160/senate-section/article/S7656-1,10/29/2015,,161,160,S7656
"JOSE BRACERO; Congressional Record Vol. 163, No. 116",https://www.congress.gov/congressional-record/volume-163/issue-116/extensions-of-remarks-section/article/E961-2,07/11/2017,,163,116,E961
"HONORING GLORIA FLAHERTY; Congressional Record Vol. 161, No. 139",https://www.congress.gov/congressional-record/volume-161/issue-139/extensions-of-remarks-section/article/E1365-3,09/25/2015,,161,139,E1365
"RECOGNIZING HELEN LEUZZI; Congressional Record Vol. 161, No. 64",https://www.congress.gov/congressional-record/volume-161/issue-64/extensions-of-remarks-section/article/E631-5,04/30/2015,,161,64,E631
"MESSAGE FROM THE HOUSE; Congressional Record Vol. 160, No. 117",https://www.congress.gov/congressional-record/volume-160/issue-117/senate-section/article/S4901-3,07/24/2014,,160,117,S4901
"RECOGNIZING UNITED METHODIST OUTREACH MINISTRIES; Congressional Record Vol. 159, No. 102",https://www.congress.gov/congressional-record/volume-159/issue-102/extensions-of-remarks-section/article/E1079-2,07/17/2013,,159,102,E1079
"REPORTS OF COMMITTEES ON PUBLIC BILLS AND RESOLUTIONS; Congressional Record Vol. 154, No. 160",https://www.congress.gov/congressional-record/volume-154/issue-160/house-section/article/H10699-1,10/02/2008,,154,160,H10699
"ADDITIONAL STATEMENTS; Congressional Record Vol. 154, No. 128",https://www.congress.gov/congressional-record/volume-154/issue-128/senate-section/article/S7772-1,07/30/2008,,154,128,S7772
"ADDITIONAL STATEMENTS; Congressional Record Vol. 154, No. 55",https://www.congress.gov/congressional-record/volume-154/issue-55/senate-section/article/S2739-4,04/08/2008,,154,55,S2739
"ADDITIONAL STATEMENTS; Congressional Record Vol. 153, No. 29",https://www.congress.gov/congressional-record/volume-153/issue-29/senate-section/article/S2019-2,02/15/2007,,153,29,S2019
"INTRODUCTION OF BILLS AND JOINT RESOLUTIONS; Congressional Record Vol. 151, No. 97",https://www.congress.gov/congressional-record/volume-151/issue-97/senate-section/article/S8419-2,07/18/2005,,151,97,S8419
"RECOGNIZING REAGAN GRAHAM, GOLD AWARD; Congressional Record Vol. 171, No. 72",https://www.congress.gov/congressional-record/volume-171/issue-72/extensions-of-remarks-section/article/E364-5,04/30/2025,,171,72,E364
"RECOGNIZING THE WESTCARE FOUNDATION; Congressional Record Vol. 170, No. 80",https://www.congress.gov/congressional-record/volume-170/issue-80/extensions-of-remarks-section/article/E465-5,05/08/2024,,170,80,E465
"100TH ANNIVERSARY OF THE PENNSYLVANIA AMERICAN LEGION; Congressional Record Vol. 164, No. 114",https://www.congress.gov/congressional-record/volume-164/issue-114/senate-section/article/S4841-2,07/09/2018,,164,114,S4841
"CONGRATULATING SHILOH BAPTIST CHURCH ON 100TH ANNIVERSARY; Congressional Record Vol. 163, No. 169",https://www.congress.gov/congressional-record/volume-163/issue-169/extensions-of-remarks-section/article/E1392-4,10/19/2017,,163,169,E1392
"RECOGNIZING PETER LaVALLEE AS CITIZEN OF THE YEAR; Congressional Record Vol. 160, No. 138",https://www.congress.gov/congressional-record/volume-160/issue-138/extensions-of-remarks-section/article/E1556-3,11/13/2014,,160,138,E1556
"HONORING MS. YRIS TAMARA PEREZ AGUILERA; Congressional Record Vol. 160, No. 49",https://www.congress.gov/congressional-record/volume-160/issue-49/extensions-of-remarks-section/article/E459-1,03/27/2014,,160,49,E459
"DEPARTMENT OF VETERANS AFFAIRS EXPIRING AUTHORITIES ACT OF 2013; Congressional Record Vol. 159, No. 131",https://www.congress.gov/congressional-record/volume-159/issue-131/extensions-of-remarks-section/article/E1399-3,09/28/2013,,159,131,E1399
"COMMENDATION OF DR. CHAD AUDI; Congressional Record Vol. 158, No. 17",https://www.congress.gov/congressional-record/volume-158/issue-17/extensions-of-remarks-section/article/E119-3,02/02/2012,,158,17,E119
"HONORING THE WORK OF ALEX KANKULA; Congressional Record Vol. 157, No. 162",https://www.congress.gov/congressional-record/volume-157/issue-162/extensions-of-remarks-section/article/E1939-2,10/26/2011,,157,162,E1939
"HONORING JANICE SCOTT; Congressional Record Vol. 157, No. 97",https://www.congress.gov/congressional-record/volume-157/issue-97/extensions-of-remarks-section/article/E1224-3,07/01/2011,,157,97,E1224
"A TRIBUTE TO SHARONNIE M. PERRY; Congressional Record Vol. 155, No. 152",https://www.congress.gov/congressional-record/volume-155/issue-152/extensions-of-remarks-section/article/E2577-5,10/20/2009,,155,152,E2577
"HONORING MS. JOY TRICKETT; Congressional Record Vol. 152, No. 124",https://www.congress.gov/congressional-record/volume-152/issue-124/extensions-of-remarks-section/article/E1858-2,09/28/2006,,152,124,E1858
"WELCOMING THE MOST REVEREND THOMAS WENSKI; Congressional Record Vol. 149, No. 146",https://www.congress.gov/congressional-record/volume-149/issue-146/house-section/article/H9619-7,10/17/2003,,149,146,H9619
"IN RECOGNITION OF ILLINOIS STATE REPRESENTATIVE MARY LOU COWLISHAW; Congressional Record Vol. 148, No. 117",https://www.congress.gov/congressional-record/volume-148/issue-117/extensions-of-remarks-section/article/E1579-1,09/17/2002,,148,117,E1579
"HONORING BOB KELSEY; Congressional Record Vol. 147, No. 178",https://www.congress.gov/congressional-record/volume-147/issue-178/extensions-of-remarks-section/article/E2372-3,12/20/2001,,147,178,E2372
"HONORING CHARLES HENNINGER; Congressional Record Vol. 147, No. 13",https://www.congress.gov/congressional-record/volume-147/issue-13/extensions-of-remarks-section/article/E73-3,01/31/2001,,147,13,E73
"SALUTE TO URSULA SHERMAN BERKELEY, CALIFORNIA; Congressional Record Vol. 146, No. 71",https://www.congress.gov/congressional-record/volume-146/issue-71/extensions-of-remarks-section/article/E924-3,06/09/2000,,146,71,E924
"MISS MICHIGAN SHANNON GRACE CLARK; Congressional Record Vol. 144, No. 141",https://www.congress.gov/congressional-record/volume-144/issue-141/senate-section/article/S12241-1,10/09/1998,,144,141,S12241
"CONGRATULATING THE HOUSTON COMETS, WNBA CHAMPIONS; Congressional Record Vol. 144, No. 118",https://www.congress.gov/congressional-record/volume-144/issue-118/extensions-of-remarks-section/article/E1672-1,09/09/1998,,144,118,E1672
"IN HONOR OF SUNIL AGHI, AN ADVOCATE FOR THE INDO-AMERICAN COMMUNITY; Congressional Record Vol. 144, No. 36",https://www.congress.gov/congressional-record/volume-144/issue-36/extensions-of-remarks-section/article/E486-2,03/26/1998,,144,36,E486
"TRIBUTE TO JESSE BROWN; Congressional Record Vol. 143, No. 112",https://www.congress.gov/congressional-record/volume-143/issue-112/extensions-of-remarks-section/article/E1580-2,08/01/1997,,143,112,E1580
"STAND DOWN '97; Congressional Record Vol. 143, No. 96",https://www.congress.gov/congressional-record/volume-143/issue-96/extensions-of-remarks-section/article/E1380-3,07/09/1997,,143,96,E1380
"Tribute to Alison Kear (Executive Session); Congressional Record Vol. 168, No. 75",https://www.congress.gov/congressional-record/volume-168/issue-75/senate-section/article/S2354-7,05/05/2022,,168,75,S2354
"UNANIMOUS-CONSENT REQUEST--H.R. 3074; Congressional Record Vol. 153, No. 178",https://www.congress.gov/congressional-record/volume-153/issue-178/senate-section/article/S14597-1,11/16/2007,,153,178,S14597
,https://www.congress.gov/bound-congressional-record/1987/03/30/133/daily-digest/article/205-208,03/30/1987,,133,,205-208
"HONORING THE DEVELOPMENT OF GARDNER HOUSE FOR AFFORDABLE HOUSING; Congressional Record Vol. 166, No. 151",https://www.congress.gov/congressional-record/volume-166/issue-151/extensions-of-remarks-section/article/E797-5,08/28/2020,,166,151,E797
"INTRODUCTION OF THE VETERAN EMPLOYMENT AND CHILD CARE ACCESS ACT; Congressional Record Vol. 164, No. 59",https://www.congress.gov/congressional-record/volume-164/issue-59/extensions-of-remarks-section/article/E443-3,04/12/2018,,164,59,E443
"IN RECOGNITION OF MONSIGNOR JOSEPH P. KELLY FOR SERVING THE DIOCESE OF SCRANTON FOR 50 YEARS; Congressional Record Vol. 162, No. 79",https://www.congress.gov/congressional-record/volume-162/issue-79/extensions-of-remarks-section/article/E733-1,05/18/2016,,162,79,E733
"THE INTRODUCTION OF THE VETERANS LEGAL SUPPORT ACT OF 2013; Congressional Record Vol. 159, No. 161",https://www.congress.gov/congressional-record/volume-159/issue-161/extensions-of-remarks-section/article/E1643-5,11/13/2013,,159,161,E1643
"IN HONOR OF JOSEPH'S HOME; Congressional Record Vol. 158, No. 99",https://www.congress.gov/congressional-record/volume-158/issue-99/extensions-of-remarks-section/article/E1179-2,06/28/2012,,158,99,E1179
"HONORING THE 110TH ANNIVERSARY OF THE UNION GOSPEL MISSION TWIN CITIES; Congressional Record Vol. 158, No. 57",https://www.congress.gov/congressional-record/volume-158/issue-57/extensions-of-remarks-section/article/E587-1,04/19/2012,,158,57,E587
"HONORING ASHEVILLE BUNCOMBE COMMUNITY CHRISTIAN MINISTRY OF ASHEVILLE, NORTH CAROLINA ON THE 20TH ANNIVERSARY OF ITS DOCTOR'S MEDICAL CLINIC; Congressional Record Vol. 157, No. 149",https://www.congress.gov/congressional-record/volume-157/issue-149/extensions-of-remarks-section/article/E1800-2,10/06/2011,,157,149,E1800
"CAREGIVERS AND VETERANS OMNIBUS HEALTH SERVICES ACT; Congressional Record Vol. 156, No. 58",https://www.congress.gov/congressional-record/volume-156/issue-58/extensions-of-remarks-section/article/E621-1,04/22/2010,,156,58,E621
"RECOGNIZING THE SOUTH EL MONTE EMERGENCY RESOURCES ASSOCIATION; Congressional Record Vol. 152, No. 88",https://www.congress.gov/congressional-record/volume-152/issue-88/extensions-of-remarks-section/article/E1356-2,07/10/2006,,152,88,E1356
"TRIBUTE TO MR. JOEL M. CARP ON HIS RETIREMENT FROM THE JEWISH FEDERATION OF METROPOLITAN CHICAGO; Congressional Record Vol. 152, No. 78",https://www.congress.gov/congressional-record/volume-152/issue-78/extensions-of-remarks-section/article/E1173-2,06/16/2006,,152,78,E1173
"IN HONOR OF THE GLENDALE SALVATION ARMY'S 80TH ANNIVERSARY; Congressional Record Vol. 151, No. 49",https://www.congress.gov/congressional-record/volume-151/issue-49/extensions-of-remarks-section/article/E730-1,04/21/2005,,151,49,E730
"IN HONOR OF LEIGH McCREARY, RECIPIENT OF THE 2002 WANDA OWEN YOUTH AWARD; Congressional Record Vol. 148, No. 62",https://www.congress.gov/congressional-record/volume-148/issue-62/extensions-of-remarks-section/article/E806-1,05/15/2002,,148,62,E806
"TRIBUTE TO RON AND BEVERLY GENDRON OF MANCHESTER ON THEIR RETIREMENT; Congressional Record Vol. 145, No. 11",https://www.congress.gov/congressional-record/volume-145/issue-11/senate-section/article/S929-1,01/22/1999,,145,11,S929
"INTRODUCING THE HEALTH CENTERS CONSOLIDATION ACT OF 1995; Congressional Record Vol. 141, No. 130",https://www.congress.gov/congressional-record/volume-141/issue-130/extensions-of-remarks-section/article/E1650-3,08/05/1995,,141,130,E1650
"TRANSPORTATION, TREASURY, HOUSING AND URBAN DEVELOPMENT, THE JUDICIARY, THE DISTRICT OF COLUMBIA, AND INDEPENDENT AGENCIES APPROPRIATIONS ACT, 2006; Congressional Record Vol. 151, No. 89",https://www.congress.gov/congressional-record/volume-151/issue-89/house-section/article/H5376-4,06/29/2005,,151,89,H5376
"HONORING CALL FOR HELP, INCORPORATED FOR 40 YEARS OF SERVICE TO PEOPLE IN NEED WITHIN THEIR COMMUNITY; Congressional Record Vol. 157, No. 79",https://www.congress.gov/congressional-record/volume-157/issue-79/extensions-of-remarks-section/article/E1041-3,06/03/2011,,157,79,E1041
"EXPRESSING SORROW OF THE HOUSE AT THE DEATH OF THE HONORABLE BRUCE VENTO, MEMBER OF CONGRESS FROM THE STATE OF MINNESOTA; Congressional Record Vol. 146, No. 127",https://www.congress.gov/congressional-record/volume-146/issue-127/extensions-of-remarks-section/article/E1752-1,10/12/2000,,146,127,E1752
"VETERANS BENEFITS ACT OF 1999; Congressional Record Vol. 145, No. 115",https://www.congress.gov/congressional-record/volume-145/issue-115/senate-section/article/S10637-2,09/08/1999,,145,115,S10637
"EQUAL ACCESS TO CONTRACEPTION FOR VETERANS ACT; Congressional Record Vol. 166, No. 165",https://www.congress.gov/congressional-record/volume-166/issue-165/house-section/article/H4770-1,09/23/2020,,166,165,H4770
"LIST OF PROJECTS REQUESTED TO RECEIVE FEDERAL FUNDING AS PART OF THE FY08 APPROPRIATIONS PROCESS; Congressional Record Vol. 153, No. 104",https://www.congress.gov/congressional-record/volume-153/issue-104/extensions-of-remarks-section/article/E1419-3,06/26/2007,,153,104,E1419
"SUBMITTED RESOLUTIONS; Congressional Record Vol. 151, No. 129",https://www.congress.gov/congressional-record/volume-151/issue-129/senate-section/article/S11237-1,10/06/2005,,151,129,S11237
,https://www.congress.gov/bound-congressional-record/1994/07/21/140/house-section/article/17274-17431,07/21/1994,,140,,17274-17431
"CONFERENCE REPORT ON H.R. 2116, VETERANS MILLENNIUM HEALTH CARE AND BENEFITS ACT; Congressional Record Vol. 145, No. 162",https://www.congress.gov/congressional-record/volume-145/issue-162/house-section/article/H11976-7,11/16/1999,,145,162,H11976
"ADVOCATING FOR PROGRESSIVE POLICIES FOR OUR VETERANS; Congressional Record Vol. 170, No. 168",https://www.congress.gov/congressional-record/volume-170/issue-168/house-section/article/H6003-1,11/14/2024,,170,168,H6003
"THE DREAM WILL SURVIVE; Congressional Record Vol. 164, No. 39",https://www.congress.gov/congressional-record/volume-164/issue-39/house-section/article/H1431-1,03/06/2018,,164,39,H1431
"DEPARTMENTS OF VETERANS AFFAIRS AND HOUSING AND URBAN DEVELOPMENT, AND INDEPENDENT AGENCIES APPROPRIATIONS ACT, 2004; Congressional Record Vol. 149, No. 112",https://www.congress.gov/congressional-record/volume-149/issue-112/house-section/article/H7655-1,07/25/2003,,149,112,H7655
"Daily Digest/House Committee Meetings; Congressional Record Vol. 167, No. 47",https://www.congress.gov/congressional-record/volume-167/issue-47/daily-digest/article/D236-4,03/12/2021,,167,47,D236
"MEASURES REFERRED; Congressional Record Vol. 166, No. 8",https://www.congress.gov/congressional-record/volume-166/issue-8/senate-section/article/S191-2,01/14/2020,,166,8,S191
"Daily Digest/House Committee Meetings; Congressional Record Vol. 165, No. 152",https://www.congress.gov/congressional-record/volume-165/issue-152/daily-digest/article/D1045-1,09/20/2019,,165,152,D1045
"MEASURES REFERRED; Congressional Record Vol. 160, No. 117",https://www.congress.gov/congressional-record/volume-160/issue-117/senate-section/article/S4902-1,07/24/2014,,160,117,S4902
"INTRODUCTION OF BILLS AND JOINT RESOLUTIONS; Congressional Record Vol. 145, No. 14",https://www.congress.gov/congressional-record/volume-145/issue-14/senate-section/article/S1010-3,01/26/1999,,145,14,S1010
"TRIBUTE TO JERI BARR; Congressional Record Vol. 165, No. 154",https://www.congress.gov/congressional-record/volume-165/issue-154/senate-section/article/S5662-3,09/24/2019,,165,154,S5662
"PETITIONS, ETC.; Congressional Record Vol. 165, No. 92",https://www.congress.gov/congressional-record/volume-165/issue-92/house-section/article/H4219-3,06/03/2019,,165,92,H4219
"HONORING ARIS ANAGNOS; Congressional Record Vol. 164, No. 174",https://www.congress.gov/congressional-record/volume-164/issue-174/extensions-of-remarks-section/article/E1462-2,10/26/2018,,164,174,E1462
"HONORING DONOVAN SMITH; Congressional Record Vol. 163, No. 171",https://www.congress.gov/congressional-record/volume-163/issue-171/extensions-of-remarks-section/article/E1415-5,10/24/2017,,163,171,E1415
"ADDITIONAL STATEMENTS; Congressional Record Vol. 158, No. 46",https://www.congress.gov/congressional-record/volume-158/issue-46/senate-section/article/S1844-2,03/20/2012,,158,46,S1844
"HONORING FAMILY SERVICES INC.; Congressional Record Vol. 154, No. 24",https://www.congress.gov/congressional-record/volume-154/issue-24/extensions-of-remarks-section/article/E177-1,02/13/2008,,154,24,E177
"Introductory Statement on S. 1415; Congressional Record Vol. 171, No. 65",https://www.congress.gov/congressional-record/volume-171/issue-65/senate-section/article/S2565-3,04/10/2025,,171,65,S2565
"RECOGNIZING ST. JOSEPH HEALTHCARE; Congressional Record Vol. 168, No. 113",https://www.congress.gov/congressional-record/volume-168/issue-113/senate-section/article/S3198-4,07/11/2022,,168,113,S3198
"HONORING THE LEGACY OF RUTH ELLIS; Congressional Record Vol. 168, No. 101",https://www.congress.gov/congressional-record/volume-168/issue-101/house-section/article/H5489-4,06/14/2022,,168,101,H5489
"HONORING LEWIS JORDAN; Congressional Record Vol. 168, No. 16",https://www.congress.gov/congressional-record/volume-168/issue-16/extensions-of-remarks-section/article/E66-1,01/25/2022,,168,16,E66
"HONORING THE PASADENA HOST LIONS CLUB'S CENTENNIAL ANNIVERSARY; Congressional Record Vol. 166, No. 39",https://www.congress.gov/congressional-record/volume-166/issue-39/extensions-of-remarks-section/article/E225-4,02/27/2020,,166,39,E225
"REMEMBERING DR. MARY LACEY; Congressional Record Vol. 165, No. 34",https://www.congress.gov/congressional-record/volume-165/issue-34/extensions-of-remarks-section/article/E199-2,02/25/2019,,165,34,E199
"REMEMBERING REV. MARY CLIMONS LACEY; Congressional Record Vol. 165, No. 33",https://www.congress.gov/congressional-record/volume-165/issue-33/extensions-of-remarks-section/article/E194-1,02/22/2019,,165,33,E194
"HONORING PENNGROVE COMMUNITY CHURCH; Congressional Record Vol. 164, No. 137",https://www.congress.gov/congressional-record/volume-164/issue-137/extensions-of-remarks-section/article/E1162-2,08/17/2018,,164,137,E1162
"CONGRATULATING THE HOUSING DEVELOPMENT CONSORTIUM ON ITS 30TH ANNIVERSARY; Congressional Record Vol. 164, No. 127",https://www.congress.gov/congressional-record/volume-164/issue-127/extensions-of-remarks-section/article/E1101-2,07/27/2018,,164,127,E1101
"IN RECOGNITION OF JOHN VAN CAMP FOR HIS DISTINGUISHED CAREER WITH SOUTHWEST SOLUTIONS; Congressional Record Vol. 164, No. 95",https://www.congress.gov/congressional-record/volume-164/issue-95/extensions-of-remarks-section/article/E816-4,06/08/2018,,164,95,E816
"HONORING OLEALIA BRADSHAW; Congressional Record Vol. 163, No. 90",https://www.congress.gov/congressional-record/volume-163/issue-90/extensions-of-remarks-section/article/E708-1,05/24/2017,,163,90,E708
"HONORING CECILIA CASSIDY; Congressional Record Vol. 159, No. 146",https://www.congress.gov/congressional-record/volume-159/issue-146/extensions-of-remarks-section/article/E1515-2,10/15/2013,,159,146,E1515
"HONORING MONSIGNOR GABRIEL GHANOUM; Congressional Record Vol. 157, No. 114",https://www.congress.gov/congressional-record/volume-157/issue-114/extensions-of-remarks-section/article/E1415-5,07/27/2011,,157,114,E1415
"A TRIBUTE TO DANIEL LEAL, M.D.; Congressional Record Vol. 154, No. 185",https://www.congress.gov/congressional-record/volume-154/issue-185/extensions-of-remarks-section/article/E2368-1,12/10/2008,,154,185,E2368
"HONORING JEANETTE L. STERNER OF HOLLY LAKE RANCH; Congressional Record Vol. 152, No. 135",https://www.congress.gov/congressional-record/volume-152/issue-135/extensions-of-remarks-section/article/E2200-2,12/08/2006,,152,135,E2200
"BEST FRIENDS KINDNESS TO ANIMALS WEEKEND; Congressional Record Vol. 152, No. 84",https://www.congress.gov/congressional-record/volume-152/issue-84/extensions-of-remarks-section/article/E1279-1,06/26/2006,,152,84,E1279
"IN RECOGNITION OF THE HEIGHTS PLAYERS; Congressional Record Vol. 152, No. 32",https://www.congress.gov/congressional-record/volume-152/issue-32/extensions-of-remarks-section/article/E352-3,03/14/2006,,152,32,E352
"TRIBUTE TO JESSIE HALE DOWNS; Congressional Record Vol. 151, No. 72",https://www.congress.gov/congressional-record/volume-151/issue-72/senate-section/article/S6016-3,05/26/2005,,151,72,S6016
"RECOGNIZING ST. VINCENT DE PAUL CENTER; Congressional Record Vol. 151, No. 18",https://www.congress.gov/congressional-record/volume-151/issue-18/extensions-of-remarks-section/article/E272-1,02/17/2005,,151,18,E272
"HONORING RITA CANNING; Congressional Record Vol. 151, No. 1",https://www.congress.gov/congressional-record/volume-151/issue-1/extensions-of-remarks-section/article/E22-1,01/04/2005,,151,1,E22
"TRIBUE TO MARTHA PENNINO; Congressional Record Vol. 150, No. 117",https://www.congress.gov/congressional-record/volume-150/issue-117/extensions-of-remarks-section/article/E1692-4,09/24/2004,,150,117,E1692
"HONORING ``MOTHER FAIRFAX'' MARTHA PENNINO; Congressional Record Vol. 150, No. 117",https://www.congress.gov/congressional-record/volume-150/issue-117/extensions-of-remarks-section/article/E1694-3,09/24/2004,,150,117,E1694
"IN RECOGNITION OF THE DETROIT RESCUE MISSION MINISTRIES; Congressional Record Vol. 150, No. 24",https://www.congress.gov/congressional-record/volume-150/issue-24/senate-section/article/S1930-2,03/01/2004,,150,24,S1930
"IN HONOR OF BISHOP DONALD HILLIARD, JR.; Congressional Record Vol. 148, No. 3",https://www.congress.gov/congressional-record/volume-148/issue-3/extensions-of-remarks-section/article/E30-2,01/25/2002,,148,3,E30
"THE FEMA EMERGENCY FOOD AND SHELTER ACT; Congressional Record Vol. 145, No. 156",https://www.congress.gov/congressional-record/volume-145/issue-156/senate-section/article/S14284-2,11/08/1999,,145,156,S14284
"SANTA CLARA COUNTY HOUSING TRUST FUND; Congressional Record Vol. 145, No. 90",https://www.congress.gov/congressional-record/volume-145/issue-90/senate-section/article/S7540-1,06/23/1999,,145,90,S7540
"A BILL DESIGNED TO HELP; Congressional Record Vol. 143, No. 85",https://www.congress.gov/congressional-record/volume-143/issue-85/extensions-of-remarks-section/article/E1249-1,06/18/1997,,143,85,E1249
"TRIBUTE TO DR. CAROL S. NORTH; Congressional Record Vol. 142, No. 96",https://www.congress.gov/congressional-record/volume-142/issue-96/extensions-of-remarks-section/article/E1181-3,06/26/1996,,142,96,E1181
"HONORING R.A.I.N. 50TH ANNIVERSARY; Congressional Record Vol. 161, No. 17",https://www.congress.gov/congressional-record/volume-161/issue-17/extensions-of-remarks-section/article/E149-1,02/02/2015,,161,17,E149
"IN HONOR AND REMEMBRANCE OF DAVID J. O'REILLY; Congressional Record Vol. 151, No. 22",https://www.congress.gov/congressional-record/volume-151/issue-22/extensions-of-remarks-section/article/E332-3,03/02/2005,,151,22,E332
"CELEBRATING THE 70TH ANNIVERSARY OF THE WOODLAND CHRISTIAN CHURCH IN HOUSTON, TEXAS; Congressional Record Vol. 148, No. 19",https://www.congress.gov/congressional-record/volume-148/issue-19/extensions-of-remarks-section/article/E224-1,02/28/2002,,148,19,E224
"TRIBUTE TO DAN SANDEL; Congressional Record Vol. 146, No. 75",https://www.congress.gov/congressional-record/volume-146/issue-75/extensions-of-remarks-section/article/E1022-1,06/15/2000,,146,75,E1022
"DEPARTMENTS OF VETERANS AFFAIRS AND HOUSING AND URBAN DEVELOPMENT, AND INDEPENDENT AGENCIES APPROPRIATIONS ACT, 1996; Congressional Record Vol. 141, No. 127",https://www.congress.gov/congressional-record/volume-141/issue-127/extensions-of-remarks-section/article/E1587-1,08/02/1995,,141,127,E1587
"INTRODUCTION OF BILLS AND JOINT RESOLUTIONS; Congressional Record Vol. 158, No. 92",https://www.congress.gov/congressional-record/volume-158/issue-92/senate-section/article/S4238-3,06/18/2012,,158,92,S4238
"INTRODUCTION OF BILLS AND JOINT RESOLUTIONS; Congressional Record Vol. 155, No. 172",https://www.congress.gov/congressional-record/volume-155/issue-172/senate-section/article/S11593-3,11/19/2009,,155,172,S11593
"HONORING WAYNE BEVILL; Congressional Record Vol. 147, No. 106",https://www.congress.gov/congressional-record/volume-147/issue-106/extensions-of-remarks-section/article/E1439-4,07/26/2001,,147,106,E1439
"RECOGNIZING LINDA MICHELE CONNER WITH A CONGRESSIONAL VETERAN COMMENDATION; Congressional Record Vol. 170, No. 152",https://www.congress.gov/congressional-record/volume-170/issue-152/extensions-of-remarks-section/article/E998-3,10/01/2024,,170,152,E998
"RECOGNIZING MAYOR OLIVIA TRUJILLO; Congressional Record Vol. 170, No. 49",https://www.congress.gov/congressional-record/volume-170/issue-49/extensions-of-remarks-section/article/E269-7,03/20/2024,,170,49,E269
"HONORING LAKISHA WASHINGTON AS A DISTINGUISHED LEADER IN CENTRAL FLORIDA FOR BLACK HISTORY MONTH; Congressional Record Vol. 169, No. 34",https://www.congress.gov/congressional-record/volume-169/issue-34/extensions-of-remarks-section/article/E137-3,02/21/2023,,169,34,E137
"INTERNATIONAL LGBTQI+ RIGHTS; Congressional Record Vol. 168, No. 94",https://www.congress.gov/congressional-record/volume-168/issue-94/extensions-of-remarks-section/article/E569-1,05/31/2022,,168,94,E569
"CELEBRATING THE 25TH ANNIVERSARY OF LUTHERAN SOCIAL SERVICES OF NEVADA-; Congressional Record Vol. 167, No. 146",https://www.congress.gov/congressional-record/volume-167/issue-146/extensions-of-remarks-section/article/E896-3,08/13/2021,,167,146,E896
"TRIBUTE TO WILLIAM ""BILL"" FLOYD ON HIS RETIREMENT; Congressional Record Vol. 166, No. 45",https://www.congress.gov/congressional-record/volume-166/issue-45/extensions-of-remarks-section/article/E278-3,03/09/2020,,166,45,E278
"RECOGNIZING CHARLES ANDERSON AS CONSTITUENT OF THE MONTH; Congressional Record Vol. 165, No. 186",https://www.congress.gov/congressional-record/volume-165/issue-186/extensions-of-remarks-section/article/E1482-7,11/20/2019,,165,186,E1482
"REPORTS OF COMMITTEES ON PUBLIC BILLS AND RESOLUTIONS; Congressional Record Vol. 164, No. 180",https://www.congress.gov/congressional-record/volume-164/issue-180/house-section/article/H9525-1,11/14/2018,,164,180,H9525
"HONORING THE MEMORY OF PHILIP JOHN CARRIGAN, JR.; Congressional Record Vol. 164, No. 24",https://www.congress.gov/congressional-record/volume-164/issue-24/extensions-of-remarks-section/article/E150-1,02/07/2018,,164,24,E150
"TRIBUTE TO SYLVIA BARNARD--CALIFORNIA'S 24TH CONGRESSIONAL WOMAN OF THE YEAR; Congressional Record Vol. 163, No. 50",https://www.congress.gov/congressional-record/volume-163/issue-50/extensions-of-remarks-section/article/E361-2,03/22/2017,,163,50,E361
"HONORING CITY OF REFUGE UCC; Congressional Record Vol. 162, No. 174",https://www.congress.gov/congressional-record/volume-162/issue-174/extensions-of-remarks-section/article/E1585-1,12/05/2016,,162,174,E1585
"REMEMBERING MARGARET SCHLICKMAN; Congressional Record Vol. 162, No. 108",https://www.congress.gov/congressional-record/volume-162/issue-108/senate-section/article/S4820-3,07/06/2016,,162,108,S4820
"END PREDATORY LENDING TO VETERANS; Congressional Record Vol. 161, No. 165",https://www.congress.gov/congressional-record/volume-161/issue-165/extensions-of-remarks-section/article/E1601-5,11/05/2015,,161,165,E1601
"CONGRATULATING DC CENTRAL KITCHEN; Congressional Record Vol. 161, No. 120",https://www.congress.gov/congressional-record/volume-161/issue-120/extensions-of-remarks-section/article/E1143-3,07/28/2015,,161,120,E1143
"HONORING BEATRICE CASTIGLIA-CATULLO; Congressional Record Vol. 161, No. 16",https://www.congress.gov/congressional-record/volume-161/issue-16/extensions-of-remarks-section/article/E139-1,01/30/2015,,161,16,E139
"RECOGNIZING DENNIS BOUCHER 2014 PAUL BUNYAN ``SERVICE ABOVE SELF'' AWARD RECIPIENT; Congressional Record Vol. 160, No. 105",https://www.congress.gov/congressional-record/volume-160/issue-105/extensions-of-remarks-section/article/E1113-2,07/08/2014,,160,105,E1113
"HONORING JACKSON-HINDS COMPREHENSIVE HEALTH CENTER; Congressional Record Vol. 160, No. 6",https://www.congress.gov/congressional-record/volume-160/issue-6/extensions-of-remarks-section/article/E47-3,01/10/2014,,160,6,E47
"A TRIBUTE TO THE LIFE OF KIP TOKUDA; Congressional Record Vol. 159, No. 113",https://www.congress.gov/congressional-record/volume-159/issue-113/extensions-of-remarks-section/article/E1182-2,08/01/2013,,159,113,E1182
"A TRIBUTE TO THE LIFE OF KIP TOKUDA; Congressional Record Vol. 159, No. 113",https://www.congress.gov/congressional-record/volume-159/issue-113/extensions-of-remarks-section/article/E1201-3,08/01/2013,,159,113,E1201
"A TRIBUTE TO MATTHEW OKEBIYI; Congressional Record Vol. 158, No. 93",https://www.congress.gov/congressional-record/volume-158/issue-93/extensions-of-remarks-section/article/E1084-2,06/19/2012,,158,93,E1084
"A TRIBUTE TO MONICA THOMAS; Congressional Record Vol. 158, No. 93",https://www.congress.gov/congressional-record/volume-158/issue-93/extensions-of-remarks-section/article/E1087-2,06/19/2012,,158,93,E1087
"RECOGNIZING THE CHURCH OF ST. MARY; Congressional Record Vol. 158, No. 59",https://www.congress.gov/congressional-record/volume-158/issue-59/extensions-of-remarks-section/article/E637-1,04/24/2012,,158,59,E637
"A TRIBUTE TO MS. SHARONNIE M. PERRY; Congressional Record Vol. 156, No. 160",https://www.congress.gov/congressional-record/volume-156/issue-160/extensions-of-remarks-section/article/E2075-1,12/07/2010,,156,160,E2075
"ADDITIONAL STATEMENTS; Congressional Record Vol. 155, No. 164",https://www.congress.gov/congressional-record/volume-155/issue-164/senate-section/article/S11203-1,11/05/2009,,155,164,S11203
"A TRIBUTE TO ABISHEK JAIN; Congressional Record Vol. 155, No. 34",https://www.congress.gov/congressional-record/volume-155/issue-34/extensions-of-remarks-section/article/E484-2,02/26/2009,,155,34,E484
"SENATE CONCURRENT RESOLUTION 102--EXPRESSING THE SENSE OF CONGRESS THAT ENSURING THE AVAILABILITY OF ADEQUATE HOUSING IS AN ESSENTIAL COMPONENT OF AN EFFECTIVE STRATEGY FOR THE PREVENTION AND...; Congressional Record Vol. 154, No. 152",https://www.congress.gov/congressional-record/volume-154/issue-152/senate-section/article/S9425-3,09/24/2008,,154,152,S9425
"IN RECOGNITION OF JACKSONVILLE ELKS LODGE #221; Congressional Record Vol. 153, No. 162",https://www.congress.gov/congressional-record/volume-153/issue-162/extensions-of-remarks-section/article/E2233-1,10/24/2007,,153,162,E2233
"SUPPORTING EFFORTS PROMOTING GREATER PUBLIC AWARENESS OF EFFECTIVE RUNAWAY YOUTH PREVENTION PROGRAMS; Congressional Record Vol. 152, No. 124",https://www.congress.gov/congressional-record/volume-152/issue-124/extensions-of-remarks-section/article/E1889-2,09/28/2006,,152,124,E1889
"A TRIBUTE TO THE HEIGHTS PLAYERS; Congressional Record Vol. 152, No. 38",https://www.congress.gov/congressional-record/volume-152/issue-38/extensions-of-remarks-section/article/E479-1,03/30/2006,,152,38,E479
"TRIBUTE TO ELDER EDWARD STANTON, SR.; Congressional Record Vol. 150, No. 75",https://www.congress.gov/congressional-record/volume-150/issue-75/extensions-of-remarks-section/article/E1003-7,06/02/2004,,150,75,E1003
"HONORING DOMESTIC VIOLENCE SHELTERS IN THE 9TH DISTRICT OF OHIO; Congressional Record Vol. 149, No. 41",https://www.congress.gov/congressional-record/volume-149/issue-41/extensions-of-remarks-section/article/E457-3,03/13/2003,,149,41,E457
"TRIBUTE TO BEA GADDY; Congressional Record Vol. 147, No. 135",https://www.congress.gov/congressional-record/volume-147/issue-135/extensions-of-remarks-section/article/E1838-1,10/10/2001,,147,135,E1838
"TRIBUTE TO MATTIE M. HOLLIMAN; Congressional Record Vol. 147, No. 53",https://www.congress.gov/congressional-record/volume-147/issue-53/extensions-of-remarks-section/article/E631-5,04/25/2001,,147,53,E631
"TRIBUTE TO THE CITY RESCUE MISSION OF SAGINAW, MICHIGAN; Congressional Record Vol. 146, No. 156",https://www.congress.gov/congressional-record/volume-146/issue-156/extensions-of-remarks-section/article/E2246-1,01/02/2001,,146,156,E2246
"CHRISTINA TORRICELLI AND THE FOOD DEPOT; Congressional Record Vol. 146, No. 146",https://www.congress.gov/congressional-record/volume-146/issue-146/extensions-of-remarks-section/article/E2098-4,11/14/2000,,146,146,E2098
"A TRIBUTE TO MS. ARETTA F. HOLLOMAN; Congressional Record Vol. 145, No. 81",https://www.congress.gov/congressional-record/volume-145/issue-81/extensions-of-remarks-section/article/E1189-4,06/09/1999,,145,81,E1189
"TRIBUTE TO DENNIS O'SULLIVAN; Congressional Record Vol. 145, No. 28",https://www.congress.gov/congressional-record/volume-145/issue-28/extensions-of-remarks-section/article/E246-2,02/23/1999,,145,28,E246
"HELP END DISCRIMINATION AGAINST OUR VETERANS WITH DISABILITIES; Congressional Record Vol. 143, No. 160",https://www.congress.gov/congressional-record/volume-143/issue-160/extensions-of-remarks-section/article/E2385-2,11/13/1997,,143,160,E2385
"TRIBUTE TO JEREMY MARKS-PELTZ; Congressional Record Vol. 142, No. 136",https://www.congress.gov/congressional-record/volume-142/issue-136/senate-section/article/S11569-2,09/27/1996,,142,136,S11569
"TRIBUTE TO THE KANSAS CITY METROPOLITAN LUTHERAN MINISTRY; Congressional Record Vol. 142, No. 112",https://www.congress.gov/congressional-record/volume-142/issue-112/extensions-of-remarks-section/article/E1388-2,07/26/1996,,142,112,E1388
"1995 YEAR OF THE VETERAN; Congressional Record Vol. 141, No. 43",https://www.congress.gov/congressional-record/volume-141/issue-43/extensions-of-remarks-section/article/E553-2,03/08/1995,,141,43,E553
"HONORING RICHARD TWISS ON THE OCCASION OF HIS RETIREMENT AS CHIEF OF POLICE FOR THE CITY OF INDIO POLICE DEPARTMENT; Congressional Record Vol. 162, No. 95",https://www.congress.gov/congressional-record/volume-162/issue-95/extensions-of-remarks-section/article/E919-2,06/15/2016,,162,95,E919
"IN RECOGNITION OF THE MARTIN SEVERANCE CHAPTER OF THE NATIONAL SOCIETY OF THE DAUGHTERS OF THE AMERICAN REVOLUTION; Congressional Record Vol. 160, No. 82",https://www.congress.gov/congressional-record/volume-160/issue-82/extensions-of-remarks-section/article/E865-3,05/29/2014,,160,82,E865
"WELCOMING DR. HAROLD BALES, DISTRICT SUPERINTENDENT, UNITED METHODIST CHURCH, SALISBURY, NORTH CAROLINA; Congressional Record Vol. 147, No. 123",https://www.congress.gov/congressional-record/volume-147/issue-123/house-section/article/H5737-8,09/20/2001,,147,123,H5737
"Daily Digest/House of Representatives; Congressional Record Vol. 165, No. 105",https://www.congress.gov/congressional-record/volume-165/issue-105/daily-digest/article/D733-3,06/21/2019,,165,105,D733
"Daily Digest/Highlights + Senate; Congressional Record Vol. 161, No. 59",https://www.congress.gov/congressional-record/volume-161/issue-59/daily-digest/article/D425-1,04/22/2015,,161,59,D425
"Introductory Statement on S. 1518; Congressional Record Vol. 159, No. 123",https://www.congress.gov/congressional-record/volume-159/issue-123/senate-section/article/S6598-2,09/18/2013,,159,123,S6598
"EXTRAORDINARY PUBLIC SERVICE STAFF; Congressional Record Vol. 152, No. 125",https://www.congress.gov/congressional-record/volume-152/issue-125/senate-section/article/S10670-2,09/29/2006,,152,125,S10670
"STATEMENTS ON INTRODUCED BILLS AND JOINT RESOLUTIONS; Congressional Record Vol. 152, No. 112",https://www.congress.gov/congressional-record/volume-152/issue-112/senate-section/article/S9363-1,09/12/2006,,152,112,S9363
"STATEMENTS ON INTRODUCED BILLS AND JOINT RESOLUTIONS; Congressional Record Vol. 151, No. 149",https://www.congress.gov/congressional-record/volume-151/issue-149/senate-section/article/S12684-1,11/10/2005,,151,149,S12684
"EXPRESSING CONDOLENCES OF THE HOUSE ON THE DEATH OF MOTHER TERESA OF CALCUTTA; Congressional Record Vol. 143, No. 120",https://www.congress.gov/congressional-record/volume-143/issue-120/house-section/article/H7248-1,09/11/1997,,143,120,H7248
"Text of Senate Amendment 6330; Congressional Record Vol. 168, No. 158",https://www.congress.gov/congressional-record/volume-168/issue-158/senate-section/article/S5827-5,09/29/2022,,168,158,S5827
"RECOGNIZING ESTABLISHMENT OF HUNTERS FOR THE HUNGRY PROGRAMS; Congressional Record Vol. 153, No. 142",https://www.congress.gov/congressional-record/volume-153/issue-142/house-section/article/H10720-1,09/24/2007,,153,142,H10720
"TRIBUTE TO THE HONORABLE LANE EVANS, MEMBER OF CONGRESS; Congressional Record Vol. 152, No. 134",https://www.congress.gov/congressional-record/volume-152/issue-134/house-section/article/H8971-3,12/07/2006,,152,134,H8971
"HONORING THE CONTRIBUTIONS OF WOMEN FROM NORTHWEST OHIO; Congressional Record Vol. 148, No. 37",https://www.congress.gov/congressional-record/volume-148/issue-37/extensions-of-remarks-section/article/E455-1,04/09/2002,,148,37,E455
"LEGISLATIVE SESSION; Congressional Record Vol. 165, No. 167",https://www.congress.gov/congressional-record/volume-165/issue-167/senate-section/article/S5947-1,10/22/2019,,165,167,S5947
"STUDENT SUCCESS ACT; Congressional Record Vol. 161, No. 33",https://www.congress.gov/congressional-record/volume-161/issue-33/house-section/article/H1193-3,02/26/2015,,161,33,H1193
,https://www.congress.gov/bound-congressional-record/1989/04/06/135/house-section/article/5667-5684,04/06/1989,,135,,5667-5684
"HONORING WEST SIDE COMMUNITY HEALTH SERVICES",https://www.congress.gov/congressional-record/volume-153/issue-140/extensions-of-remarks-section/article/E1935-1,09/20/2007,,153,140,E1935
"HONORING MR. CURTIS PORTER'S CAREER OF PUBLIC SERVICE; Congressional Record Vol. 171, No. 32",https://www.congress.gov/congressional-record/volume-171/issue-32/extensions-of-remarks-section/article/E136-1,02/18/2025,,171,32,E136
"RECOGNIZING HOUSING ASSISTANCE'S 50TH ANNIVERSARY; Congressional Record Vol. 170, No. 147",https://www.congress.gov/congressional-record/volume-170/issue-147/extensions-of-remarks-section/article/E935-4,09/20/2024,,170,147,E935
"RECOGNIZING SOURCE VERO BEACH; Congressional Record Vol. 166, No. 97",https://www.congress.gov/congressional-record/volume-166/issue-97/extensions-of-remarks-section/article/E478-1,05/22/2020,,166,97,E478
"HONORING JUDGE GORDON BARANCO; Congressional Record Vol. 162, No. 167",https://www.congress.gov/congressional-record/volume-162/issue-167/extensions-of-remarks-section/article/E1523-3,11/22/2016,,162,167,E1523
"HONORING JUDGE GORDON BARANCO; Congressional Record Vol. 162, No. 163",https://www.congress.gov/congressional-record/volume-162/issue-163/extensions-of-remarks-section/article/E1483-3,11/15/2016,,162,163,E1483
"WEST LOS ANGELES LEASING ACT OF 2016; Congressional Record Vol. 162, No. 142",https://www.congress.gov/congressional-record/volume-162/issue-142/extensions-of-remarks-section/article/E1315-2,09/20/2016,,162,142,E1315
"HONORING JUDGE MICHAEL POLLARD; Congressional Record Vol. 161, No. 114",https://www.congress.gov/congressional-record/volume-161/issue-114/extensions-of-remarks-section/article/E1088-1,07/21/2015,,161,114,E1088
"REMEMBERING ERNIE SCHOCH; Congressional Record Vol. 160, No. 69",https://www.congress.gov/congressional-record/volume-160/issue-69/senate-section/article/S2865-1,05/08/2014,,160,69,S2865
"HONORING BONNIE NEELY; Congressional Record Vol. 156, No. 165",https://www.congress.gov/congressional-record/volume-156/issue-165/extensions-of-remarks-section/article/E2123-3,12/14/2010,,156,165,E2123
"RECOGNIZING ALCALDESSA ELIZABETH KEMP; Congressional Record Vol. 155, No. 32",https://www.congress.gov/congressional-record/volume-155/issue-32/extensions-of-remarks-section/article/E324-2,02/24/2009,,155,32,E324
"RECOGNIZING ALCALDESSA ELIZABETH KEMP OF SONOMA, CALIFORNIA; Congressional Record Vol. 155, No. 32",https://www.congress.gov/congressional-record/volume-155/issue-32/extensions-of-remarks-section/article/E318-4,02/24/2009,,155,32,E318
"THE INTRODUCTION OF THE ""MIDWEST SCHOOLS DISASTER RELIEF ACT""; Congressional Record Vol. 154, No. 130",https://www.congress.gov/congressional-record/volume-154/issue-130/extensions-of-remarks-section/article/E1677-1,08/01/2008,,154,130,E1677
"COMMENDING NAHRO; Congressional Record Vol. 154, No. 111",https://www.congress.gov/congressional-record/volume-154/issue-111/extensions-of-remarks-section/article/E1407-1,07/08/2008,,154,111,E1407
"HONORING DENISE JONES; Congressional Record Vol. 154, No. 42",https://www.congress.gov/congressional-record/volume-154/issue-42/extensions-of-remarks-section/article/E372-2,03/12/2008,,154,42,E372
"FEDERAL FOOD DONATION ACT; Congressional Record Vol. 153, No. 177",https://www.congress.gov/congressional-record/volume-153/issue-177/extensions-of-remarks-section/article/E2451-3,11/15/2007,,153,177,E2451
"HONORING WEST SIDE COMMUNITY HEALTH SERVICES; Congressional Record Vol. 153, No. 140",https://www.congress.gov/congressional-record/volume-153/issue-140/extensions-of-remarks-section/article/E1935-2,09/20/2007,,153,140,E1935
"RETIREMENT OF ROBERT D. EVANS; Congressional Record Vol. 153, No. 57",https://www.congress.gov/congressional-record/volume-153/issue-57/senate-section/article/S4299-1,04/10/2007,,153,57,S4299
"HONORING JOEL M. CARP; Congressional Record Vol. 152, No. 61",https://www.congress.gov/congressional-record/volume-152/issue-61/extensions-of-remarks-section/article/E851-1,05/17/2006,,152,61,E851
"IN RECOGNITION OF MS. LINDA LEONARD; Congressional Record Vol. 151, No. 129",https://www.congress.gov/congressional-record/volume-151/issue-129/extensions-of-remarks-section/article/E2021-1,10/06/2005,,151,129,E2021
"TAKE OUR DAUGHTERS TO WORK DAY; Congressional Record Vol. 148, No. 48",https://www.congress.gov/congressional-record/volume-148/issue-48/senate-section/article/S3432-1,04/25/2002,,148,48,S3432
"TRIBUTE TO THE HONORABLE LOUIS STOKES; Congressional Record Vol. 144, No. 105",https://www.congress.gov/congressional-record/volume-144/issue-105/extensions-of-remarks-section/article/E1469-1,07/30/1998,,144,105,E1469
"TRIBUTE TO ANGENETTE ``ANGIE'' MARTIN; Congressional Record Vol. 143, No. 130",https://www.congress.gov/congressional-record/volume-143/issue-130/senate-section/article/S9984-2,09/25/1997,,143,130,S9984
"TEXT OF AMENDMENTS; Congressional Record Vol. 169, No. 63",https://www.congress.gov/congressional-record/volume-169/issue-63/senate-section/article/S1136-3,04/17/2023,,169,63,S1136
"YOUTH DRUG AND MENTAL HEALTH SERVICES ACT; Congressional Record Vol. 145, No. 153",https://www.congress.gov/congressional-record/volume-145/issue-153/senate-section/article/S13845-1,11/03/1999,,145,153,S13845
"HOUSING OPPORTUNITY AND RESPONSIBILITY ACT OF 1997; Congressional Record Vol. 143, No. 58",https://www.congress.gov/congressional-record/volume-143/issue-58/house-section/article/H2265-2,05/07/1997,,143,58,H2265
"HONORING REVEREND MATTHEW AARON QUAINOO AS A DISTINGUISED LEADER IN CENTRAL FLORIDA FOR BLACK HISTORY MONTH; Congressional Record Vol. 170, No. 33",https://www.congress.gov/congressional-record/volume-170/issue-33/extensions-of-remarks-section/article/E173-2,02/23/2024,,170,33,E173
"CELEBRATING SEPTA CHAIRMAN PASQUALE T. DEON, SR.'S RETIREMENT; Congressional Record Vol. 170, No. 14",https://www.congress.gov/congressional-record/volume-170/issue-14/extensions-of-remarks-section/article/E75-4,01/25/2024,,170,14,E75
"CONGRATULATING MICHAEL MIRRA ON HIS RETIREMENT AND THANKING HIM FOR SERVING HIS COMMUNITY; Congressional Record Vol. 167, No. 122",https://www.congress.gov/congressional-record/volume-167/issue-122/extensions-of-remarks-section/article/E755-5,07/13/2021,,167,122,E755
"RECOGNIZING MARGIE WAKEHAM FOR THIRTY YEARS OF PUBLIC SERVICE TO ORANGE COUNTY; Congressional Record Vol. 165, No. 187",https://www.congress.gov/congressional-record/volume-165/issue-187/extensions-of-remarks-section/article/E1486-2,11/21/2019,,165,187,E1486
"TRIBUTE TO CRESCENTA VALLEY'S 135TH ANNIVERSARY; Congressional Record Vol. 165, No. 145",https://www.congress.gov/congressional-record/volume-165/issue-145/extensions-of-remarks-section/article/E1127-2,09/11/2019,,165,145,E1127
"150TH ANNIVERSARY OF THE BENEVOLENT AND PROTECTIVE ORDER OF THE ELKS; Congressional Record Vol. 164, No. 30",https://www.congress.gov/congressional-record/volume-164/issue-30/senate-section/article/S1161-4,02/15/2018,,164,30,S1161
"AMERICAN LAW ENFORCEMENT HEROES ACT OF 2017; Congressional Record Vol. 163, No. 87",https://www.congress.gov/congressional-record/volume-163/issue-87/extensions-of-remarks-section/article/E677-2,05/19/2017,,163,87,E677
"HONORING NEW HOPE BAPTIST MISSIONARY CHURCH ON THEIR 50TH ANNIVERSARY; Congressional Record Vol. 157, No. 176",https://www.congress.gov/congressional-record/volume-157/issue-176/extensions-of-remarks-section/article/E2084-5,11/17/2011,,157,176,E2084
"HONORING THE CENTENARY OF MOTHER TERESA; Congressional Record Vol. 156, No. 125",https://www.congress.gov/congressional-record/volume-156/issue-125/extensions-of-remarks-section/article/E1676-3,09/16/2010,,156,125,E1676
"(At the request of Mr. Reid, the following statement was ordered to be printed in the Record.); Congressional Record Vol. 155, No. 77",https://www.congress.gov/congressional-record/volume-155/issue-77/senate-section/article/S5609-1,05/19/2009,,155,77,S5609
"CONGRATULATING JOE MADDON FOR HIS ACHIEVEMENTS IN PROFESSIONAL BASEBALL AND FOR HIS SUPPORT IN HELPING RESTORE THE HAZLETON ``CASTLE'' AUDITORIUM; Congressional Record Vol. 155, No. 7",https://www.congress.gov/congressional-record/volume-155/issue-7/extensions-of-remarks-section/article/E74-3,01/13/2009,,155,7,E74
"TRIBUTE TO LATE CONGRESSWOMAN JULIA CARSON; Congressional Record Vol. 153, No. 194",https://www.congress.gov/congressional-record/volume-153/issue-194/extensions-of-remarks-section/article/E2595-3,12/18/2007,,153,194,E2595
"TRIBUTE TO RABBI SOLOMON SCHIFF OF MIAMI; Congressional Record Vol. 152, No. 113",https://www.congress.gov/congressional-record/volume-152/issue-113/extensions-of-remarks-section/article/E1707-2,09/13/2006,,152,113,E1707
"TRIBUTE TO DR. BETH MARCUS; Congressional Record Vol. 152, No. 33",https://www.congress.gov/congressional-record/volume-152/issue-33/extensions-of-remarks-section/article/E369-3,03/15/2006,,152,33,E369
"IN HONOR AND RECOGNITION OF UNITED WAY AND BRIDGING THE GAP'S COLLABORATIVE EFFORT: 2-1-1/FIRST CALL FOR HELP AND HOUSINGCLEVELAND.ORG; Congressional Record Vol. 151, No. 152",https://www.congress.gov/congressional-record/volume-151/issue-152/extensions-of-remarks-section/article/E2369-1,11/16/2005,,151,152,E2369
"MOTHER TERESA: A BELOVED SAINT FOR OUR TIME; Congressional Record Vol. 149, No. 139",https://www.congress.gov/congressional-record/volume-149/issue-139/senate-section/article/S12443-1,10/03/2003,,149,139,S12443
"SENATE RESOLUTION 198--EXPRESSING SYMPATHY FOR THOSE KILLED AND INJURED IN THE RECENT EARTHQUAKES IN TURKEY AND GREECE AND COMMENDING TURKEY AND GREECE FOR THEIR RECENT EFFORTS IN OPENING A...; Congressional Record Vol. 145, No. 135",https://www.congress.gov/congressional-record/volume-145/issue-135/senate-section/article/S12244-1,10/07/1999,,145,135,S12244
"IN HONOR OF SISTER HARRIET HAMILTON, RECIPIENT OF THE UNITED WAY'S CONGRESSWOMAN MARY T. NORTON MEMORIAL AWARD; Congressional Record Vol. 145, No. 125",https://www.congress.gov/congressional-record/volume-145/issue-125/extensions-of-remarks-section/article/E1941-1,09/23/1999,,145,125,E1941
"A TRIBUTE TO STEVE OHLY--1998 ROBERT WOOD JOHNSON FOUNDATION COMMUNITY HEALTH LEADER; Congressional Record Vol. 144, No. 81",https://www.congress.gov/congressional-record/volume-144/issue-81/extensions-of-remarks-section/article/E1182-4,06/19/1998,,144,81,E1182
"JOHN HOGAN III, A VERY SPECIAL YOUNG MAN; Congressional Record Vol. 144, No. 7",https://www.congress.gov/congressional-record/volume-144/issue-7/extensions-of-remarks-section/article/E105-2,02/05/1998,,144,7,E105
"HONORING THE REVEREND DR. W. FRANKLYN RICHARDSON; Congressional Record Vol. 141, No. 59",https://www.congress.gov/congressional-record/volume-141/issue-59/extensions-of-remarks-section/article/E738-2,03/30/1995,,141,59,E738
"CONGRATULATING MR. LES CROSS ON HIS NEARLY TWO DECADES OF SUCCESS AT THE HELM OF DJO AND HIS CHARITABLE CONTRIBUTIONS TO THE SAN DIEGO COMMUNITY; Congressional Record Vol. 157, No. 98",https://www.congress.gov/congressional-record/volume-157/issue-98/extensions-of-remarks-section/article/E1225-2,07/05/2011,,157,98,E1225
"MILITARY CONSTRUCTION, VETERANS AFFAIRS AND RELATED AGENCIES APPROPRIATIONS ACT, 2010; Congressional Record Vol. 155, No. 164",https://www.congress.gov/congressional-record/volume-155/issue-164/senate-section/article/S11187-2,11/05/2009,,155,164,S11187
"MOURNING LOSS OF LIFE CAUSED BY EARTHQUAKE THAT OCCURRED ON OCTOBER 8, 2005, IN PAKISTAN AND INDIA; Congressional Record Vol. 151, No. 132",https://www.congress.gov/congressional-record/volume-151/issue-132/house-section/article/H8864-1,10/18/2005,,151,132,H8864
"TEXT OF AMENDMENTS; Congressional Record Vol. 156, No. 132",https://www.congress.gov/congressional-record/volume-156/issue-132/senate-section/article/S7638-4,09/28/2010,,156,132,S7638
"TRANSPORTATION, HOUSING AND URBAN DEVELOPMENT, AND RELATED AGENCIES APPROPRIATIONS ACT, 2016; Congressional Record Vol. 161, No. 170",https://www.congress.gov/congressional-record/volume-161/issue-170/senate-section/article/S8034-1,11/18/2015,,161,170,S8034
"MEASURES REFERRED; Congressional Record Vol. 166, No. 39",https://www.congress.gov/congressional-record/volume-166/issue-39/senate-section/article/S1215-1,02/27/2020,,166,39,S1215
"MESSAGE FROM THE HOUSE; Congressional Record Vol. 166, No. 8",https://www.congress.gov/congressional-record/volume-166/issue-8/senate-section/article/S191-1,01/14/2020,,166,8,S191
"TRIBUTE TO ERIK BECKER; Congressional Record Vol. 165, No. 131",https://www.congress.gov/congressional-record/volume-165/issue-131/senate-section/article/S5308-1,08/01/2019,,165,131,S5308
"ADDITIONAL STATEMENTS; Congressional Record Vol. 162, No. 137",https://www.congress.gov/congressional-record/volume-162/issue-137/senate-section/article/S5500-3,09/12/2016,,162,137,S5500
"INTRODUCTION OF BILLS AND JOINT RESOLUTIONS; Congressional Record Vol. 158, No. 98",https://www.congress.gov/congressional-record/volume-158/issue-98/senate-section/article/S4674-2,06/27/2012,,158,98,S4674
"FREEDOM WORKS AWARD TO FAMILY MISSIONS",https://www.congress.gov/congressional-record/volume-144/issue-21/house-section/article/H854-7,03/05/1998,,144,21,H854
"INTRODUCTION OF BILLS AND JOINT RESOLUTIONS; Congressional Record Vol. 141, No. 145",https://www.congress.gov/congressional-record/volume-141/issue-145/senate-section/article/S13728-3,09/18/1995,,141,145,S13728
,https://www.congress.gov/bound-congressional-record/1987/02/18/133/extensions-of-remarks-section/article/3463-3491,02/18/1987,,133,,3463-3491
"INTRODUCTION OF BILLS AND JOINT RESOLUTIONS; Congressional Record Vol. 159, No. 58",https://www.congress.gov/congressional-record/volume-159/issue-58/senate-section/article/S3028-2,04/25/2013,,159,58,S3028
"Text of Senate Amendment 1143; Congressional Record Vol. 169, No. 148",https://www.congress.gov/congressional-record/volume-169/issue-148/senate-section/article/S4454-1,09/13/2023,,169,148,S4454
"TRIBUTE TO NANCY BEYDA--28TH CONGRESSIONAL DISTRICT WOMAN OF THE YEAR; Congressional Record Vol. 168, No. 84",https://www.congress.gov/congressional-record/volume-168/issue-84/extensions-of-remarks-section/article/E514-4,05/17/2022,,168,84,E514
"REMARKS BY REPRESENTATIVE JARED HUFFMAN HONORING MAYOR GARY PHILLIPS; Congressional Record Vol. 166, No. 206",https://www.congress.gov/congressional-record/volume-166/issue-206/extensions-of-remarks-section/article/E1101-1,12/07/2020,,166,206,E1101
"HONORING JOHN DAVIS; Congressional Record Vol. 165, No. 46",https://www.congress.gov/congressional-record/volume-165/issue-46/extensions-of-remarks-section/article/E309-3,03/14/2019,,165,46,E309
"RECOGNIZING OUR LADY OF PEACE POST 1947; Congressional Record Vol. 163, No. 175",https://www.congress.gov/congressional-record/volume-163/issue-175/senate-section/article/S6873-3,10/30/2017,,163,175,S6873
"IN RECOGNITION OF THE 10TH ANNIVERSARY OF WOMEN GIVING BACK; Congressional Record Vol. 163, No. 76",https://www.congress.gov/congressional-record/volume-163/issue-76/extensions-of-remarks-section/article/E591-4,05/03/2017,,163,76,E591
"THIRTY-ONE GIVES OF COLUMBUS, OHIO; Congressional Record Vol. 161, No. 110",https://www.congress.gov/congressional-record/volume-161/issue-110/house-section/article/H5178-2,07/15/2015,,161,110,H5178
"RECOGNIZING THE CONTRIBUTIONS OF ORLANDO DAY NURSERY; Congressional Record Vol. 159, No. 151",https://www.congress.gov/congressional-record/volume-159/issue-151/extensions-of-remarks-section/article/E1579-2,10/28/2013,,159,151,E1579
"HOUSE ARMED SERVICES COMMITTEE AND HOUSE VETERANS AFFAIRS COMMITTEE JOINT HEARING; Congressional Record Vol. 158, No. 113",https://www.congress.gov/congressional-record/volume-158/issue-113/extensions-of-remarks-section/article/E1339-1,07/26/2012,,158,113,E1339
"A TRIBUTE TO HANNAH JORGENSEN; Congressional Record Vol. 158, No. 64",https://www.congress.gov/congressional-record/volume-158/issue-64/extensions-of-remarks-section/article/E724-3,05/08/2012,,158,64,E724
"HONORING THE TENTH ANNIVERSARY OF THE ISLAMIC CULTURAL CENTER OF FRESNO; Congressional Record Vol. 158, No. 59",https://www.congress.gov/congressional-record/volume-158/issue-59/extensions-of-remarks-section/article/E626-1,04/24/2012,,158,59,E626
"A TRIBUTE TO REVEREND DR. GEORGE F. REGAS; Congressional Record Vol. 157, No. 131",https://www.congress.gov/congressional-record/volume-157/issue-131/extensions-of-remarks-section/article/E1548-1,09/07/2011,,157,131,E1548
"WELCOMING THE GUEST CHAPLAIN; Congressional Record Vol. 157, No. 105",https://www.congress.gov/congressional-record/volume-157/issue-105/senate-section/article/S4567-5,07/14/2011,,157,105,S4567
"A TRIBUTE TO NEW REVELATION MISSIONARY BAPTIST CHURCH; Congressional Record Vol. 157, No. 23",https://www.congress.gov/congressional-record/volume-157/issue-23/extensions-of-remarks-section/article/E218-2,02/14/2011,,157,23,E218
"RECOGNIZING THE 25TH ANNIVERSARY OF CHRISTIAN RELIEF SERVICES CHARITIES; Congressional Record Vol. 156, No. 67",https://www.congress.gov/congressional-record/volume-156/issue-67/extensions-of-remarks-section/article/E771-3,05/06/2010,,156,67,E771
"THE REINTRODUCTION OF RECOMMITMENT TO INTERNATIONAL HUMAN AND CIVIL RIGHTS RESOLUTION; Congressional Record Vol. 155, No. 70",https://www.congress.gov/congressional-record/volume-155/issue-70/extensions-of-remarks-section/article/E1108-2,05/07/2009,,155,70,E1108
"HONORING THE MEMORY OF JAMIE CATLIN PRAYTOR; Congressional Record Vol. 154, No. 177",https://www.congress.gov/congressional-record/volume-154/issue-177/extensions-of-remarks-section/article/E2323-2,11/20/2008,,154,177,E2323
"TRIBUTE TO CYNTHIA SCHNEIDER; Congressional Record Vol. 154, No. 79",https://www.congress.gov/congressional-record/volume-154/issue-79/extensions-of-remarks-section/article/E910-1,05/14/2008,,154,79,E910
"ED AND MARILYN FITZGERALD: HONORING LIFETIMES OF COMMUNITY SERVICE; Congressional Record Vol. 153, No. 166",https://www.congress.gov/congressional-record/volume-153/issue-166/extensions-of-remarks-section/article/E2276-2,10/30/2007,,153,166,E2276
"IN MEMORY OF WILLIAM R. ROBERTSON; Congressional Record Vol. 152, No. 9",https://www.congress.gov/congressional-record/volume-152/issue-9/senate-section/article/S364-2,01/31/2006,,152,9,S364
"DEPARTMENTS OF VETERANS AFFAIRS AND HOUSING AND URBAN DEVELOPMENT, AND INDEPENDENT AGENCIES APPROPRIATION ACT, 2000; Congressional Record Vol. 145, No. 118",https://www.congress.gov/congressional-record/volume-145/issue-118/extensions-of-remarks-section/article/E1847-3,09/13/1999,,145,118,E1847
"RECOGNIZING THE 39TH ANNIVERSARY OF CATHOLICS FOR HOUSING, INC. AND 2018 FATHER GERARD CREEDON HOUSING AWARD RECIPIENTS; Congressional Record Vol. 164, No. 183",https://www.congress.gov/congressional-record/volume-164/issue-183/extensions-of-remarks-section/article/E1542-5,11/20/2018,,164,183,E1542
"A TRIBUTE TO ANITA MARTIN, 29TH CONGRESSIONAL DISTRICT WOMAN OF THE YEAR--2011; Congressional Record Vol. 157, No. 41",https://www.congress.gov/congressional-record/volume-157/issue-41/extensions-of-remarks-section/article/E516-4,03/17/2011,,157,41,E516
"TRANSPORTATION, HOUSING AND URBAN DEVELOPMENT, AND RELATED AGENCIES APPROPRIATIONS ACT, 2011; Congressional Record Vol. 156, No. 113",https://www.congress.gov/congressional-record/volume-156/issue-113/house-section/article/H6310-1,07/29/2010,,156,113,H6310
"ADDITIONAL COSPONSORS; Congressional Record Vol. 160, No. 133",https://www.congress.gov/congressional-record/volume-160/issue-133/senate-section/article/S5698-2,09/17/2014,,160,133,S5698
"RECOGNIZING ESTABLISHMENT OF HUNTERS FOR THE HUNGRY; Congressional Record Vol. 155, No. 109",https://www.congress.gov/congressional-record/volume-155/issue-109/house-section/article/H8369-2,07/20/2009,,155,109,H8369
"CHILD NUTRITION REAUTHORIZATION; Congressional Record Vol. 144, No. 145",https://www.congress.gov/congressional-record/volume-144/issue-145/senate-section/article/S12452-3,10/13/1998,,144,145,S12452
"EXPRESSING CONDOLENCES TO ITALIAN EARTHQUAKE VICTIMS; Congressional Record Vol. 155, No. 89",https://www.congress.gov/congressional-record/volume-155/issue-89/house-section/article/H6750-1,06/15/2009,,155,89,H6750
"FEDERAL ASSETS SALE AND TRANSFER ACT OF 2016; Congressional Record Vol. 162, No. 81",https://www.congress.gov/congressional-record/volume-162/issue-81/house-section/article/H2933-1,05/23/2016,,162,81,H2933
"RECOGNIZING SHAWN WOODRUFF; Congressional Record Vol. 171, No. 95",https://www.congress.gov/congressional-record/volume-171/issue-95/extensions-of-remarks-section/article/E524-1,06/04/2025,,171,95,E524
"COMMEMORATING COMMUNITY BLOCK GRANT'S 50TH ANNIVERSARY; Congressional Record Vol. 170, No. 144",https://www.congress.gov/congressional-record/volume-170/issue-144/house-section/article/H5241-4,09/17/2024,,170,144,H5241
"ADDITIONAL STATEMENTS; Congressional Record Vol. 170, No. 140",https://www.congress.gov/congressional-record/volume-170/issue-140/senate-section/article/S5933-1,09/10/2024,,170,140,S5933
"HONORING THE LIFE OF LEE DANKER; Congressional Record Vol. 168, No. 149",https://www.congress.gov/congressional-record/volume-168/issue-149/extensions-of-remarks-section/article/E943-2,09/15/2022,,168,149,E943
"RECOGNIZING MAXIM SKRIPNIK AND GOSTOMEL ANIMAL SHELTER; Congressional Record Vol. 167, No. 168",https://www.congress.gov/congressional-record/volume-167/issue-168/house-section/article/H5180-1,09/27/2021,,167,168,H5180
"MESSAGES FROM THE HOUSE; Congressional Record Vol. 166, No. 39",https://www.congress.gov/congressional-record/volume-166/issue-39/senate-section/article/S1214-6,02/27/2020,,166,39,S1214
"TRIBUTE TO SARAH CARPENTER; Congressional Record Vol. 164, No. 180",https://www.congress.gov/congressional-record/volume-164/issue-180/senate-section/article/S6959-1,11/14/2018,,164,180,S6959
"HONORING THE LIFE OF ADELAIDE MARGARET CONNAUGHTON; Congressional Record Vol. 164, No. 166",https://www.congress.gov/congressional-record/volume-164/issue-166/extensions-of-remarks-section/article/E1365-5,10/05/2018,,164,166,E1365
"RECOGNIZING THE DEDICATED SERVICE OF MR. JOHN MORAN; Congressional Record Vol. 160, No. 36",https://www.congress.gov/congressional-record/volume-160/issue-36/extensions-of-remarks-section/article/E299-6,03/04/2014,,160,36,E299
"Text of Senate Amendment 2784; Congressional Record Vol. 160, No. 33",https://www.congress.gov/congressional-record/volume-160/issue-33/senate-section/article/S1241-1,02/27/2014,,160,33,S1241
"HONORING MR. THOMAS C. GAGEN; Congressional Record Vol. 157, No. 161",https://www.congress.gov/congressional-record/volume-157/issue-161/extensions-of-remarks-section/article/E1922-3,10/25/2011,,157,161,E1922
"HONORING BARBARA ANN KAZEN; Congressional Record Vol. 157, No. 60",https://www.congress.gov/congressional-record/volume-157/issue-60/extensions-of-remarks-section/article/E816-2,05/05/2011,,157,60,E816
"INTRODUCTION OF BILLS AND JOINT RESOLUTIONS; Congressional Record Vol. 157, No. 38",https://www.congress.gov/congressional-record/volume-157/issue-38/senate-section/article/S1600-2,03/14/2011,,157,38,S1600
"HONORING CESILIA LOMELI-PEREZ, FNP, MPH; Congressional Record Vol. 154, No. 177",https://www.congress.gov/congressional-record/volume-154/issue-177/extensions-of-remarks-section/article/E2304-3,11/20/2008,,154,177,E2304
"100TH ANNIVERSARY OF THE YWCA OF SAN DIEGO COUNTY; Congressional Record Vol. 154, No. 41",https://www.congress.gov/congressional-record/volume-154/issue-41/senate-section/article/S1873-1,03/11/2008,,154,41,S1873
"MINNESOTANS SUPPORT HURRICANE SURVIVORS; Congressional Record Vol. 151, No. 110",https://www.congress.gov/congressional-record/volume-151/issue-110/house-section/article/H7702-3,09/07/2005,,151,110,H7702
"HONORING CLIFF HARTLE ON OCCASION OF HIS RETIREMENT; Congressional Record Vol. 146, No. 138",https://www.congress.gov/congressional-record/volume-146/issue-138/extensions-of-remarks-section/article/E1993-1,10/28/2000,,146,138,E1993
"Introductory Statement on S. 1872; Congressional Record Vol. 145, No. 155",https://www.congress.gov/congressional-record/volume-145/issue-155/senate-section/article/S14090-1,11/05/1999,,145,155,S14090
"SECRETARY OF VETERANS AFFAIRS, JESSE BROWN; Congressional Record Vol. 142, No. 14",https://www.congress.gov/congressional-record/volume-142/issue-14/extensions-of-remarks-section/article/E135-1,02/01/1996,,142,14,E135
"EAGLE SCOUT HONORED; Congressional Record Vol. 141, No. 167",https://www.congress.gov/congressional-record/volume-141/issue-167/extensions-of-remarks-section/article/E2038-2,10/26/1995,,141,167,E2038
"Daily Digest/House Committee Meetings; Congressional Record Vol. 164, No. 81",https://www.congress.gov/congressional-record/volume-164/issue-81/daily-digest/article/D546-1,05/17/2018,,164,81,D546
"ADDITIONAL COSPONSORS; Congressional Record Vol. 162, No. 57",https://www.congress.gov/congressional-record/volume-162/issue-57/senate-section/article/S2099-2,04/14/2016,,162,57,S2099
"TRIBUTE TO KAREN FLOCK--CALIFORNIA'S 24TH CONGRESSIONAL WOMAN OF THE YEAR; Congressional Record Vol. 170, No. 79",https://www.congress.gov/congressional-record/volume-170/issue-79/extensions-of-remarks-section/article/E457-1,05/07/2024,,170,79,E457
"TRIBUTE TO GAIL CRAWFORD--CALIFORNIA'S 24TH CONGRESSIONAL WOMAN OF THE YEAR; Congressional Record Vol. 170, No. 79",https://www.congress.gov/congressional-record/volume-170/issue-79/extensions-of-remarks-section/article/E455-5,05/07/2024,,170,79,E455
"RECOGNIZING MICHAEL O'REILLY AS THE ROTARY CLUB OF HERNDON-RESTON'S CITIZEN OF THE YEAR; Congressional Record Vol. 169, No. 80",https://www.congress.gov/congressional-record/volume-169/issue-80/extensions-of-remarks-section/article/E425-2,05/11/2023,,169,80,E425
"IN HONOR OF THE HOUSING AUTHORITY OF THE COUNTY OF MONTEREY; Congressional Record Vol. 162, No. 45",https://www.congress.gov/congressional-record/volume-162/issue-45/extensions-of-remarks-section/article/E361-5,03/22/2016,,162,45,E361
"RECOGNIZING MAY AS NATIONAL FOSTER CARE MONTH; Congressional Record Vol. 160, No. 70",https://www.congress.gov/congressional-record/volume-160/issue-70/extensions-of-remarks-section/article/E739-3,05/09/2014,,160,70,E739
"CONGRATULATING THE KNIGHTS OF COLUMBUS RODRIGO COUNCIL, NO. 44 ON THE CELEBRATION OF THEIR 125TH ANNIVERSARY; Congressional Record Vol. 159, No. 85",https://www.congress.gov/congressional-record/volume-159/issue-85/extensions-of-remarks-section/article/E867-1,06/14/2013,,159,85,E867
"CONGRATULATING MARLENE BLUM FOR RECEIVING THE 2011 LAWRENCE V. FOWLER AWARD; Congressional Record Vol. 157, No. 186",https://www.congress.gov/congressional-record/volume-157/issue-186/extensions-of-remarks-section/article/E2186-1,12/06/2011,,157,186,E2186
"URGING MORE AID TO PAKISTAN FOR EARTHQUAKE VICTIMS; Congressional Record Vol. 151, No. 161",https://www.congress.gov/congressional-record/volume-151/issue-161/extensions-of-remarks-section/article/E2555-1,12/15/2005,,151,161,E2555
"IN HONOR AND REMEMBRANCE OF CARDINAL JAMES A. HICKEY; Congressional Record Vol. 150, No. 133",https://www.congress.gov/congressional-record/volume-150/issue-133/extensions-of-remarks-section/article/E2019-1,11/18/2004,,150,133,E2019
"CELEBRATING THE SUCCESS OF WEST VIRGINIA HEALTH RIGHT, INC.; Congressional Record Vol. 146, No. 130",https://www.congress.gov/congressional-record/volume-146/issue-130/senate-section/article/S10617-3,10/17/2000,,146,130,S10617
"COMMENDING VOLUNTEER EFFORTS DURING THE SUPERTYPHOON PAKA; Congressional Record Vol. 144, No. 11",https://www.congress.gov/congressional-record/volume-144/issue-11/extensions-of-remarks-section/article/E188-3,02/12/1998,,144,11,E188
"IN HONOR OF ``LET'S CELEBRATE''--MAKING A DIFFERENCE IN THE LIVES OF JERSEY CITY RESIDENTS FOR 15 YEARS; Congressional Record Vol. 143, No. 50",https://www.congress.gov/congressional-record/volume-143/issue-50/extensions-of-remarks-section/article/E751-2,04/24/1997,,143,50,E751
"DEPARTMENT OF VETERANS AFFAIRS EXPIRING AUTHORITIES ACT OF 2016; Congressional Record Vol. 162, No. 141",https://www.congress.gov/congressional-record/volume-162/issue-141/senate-section/article/S5876-1,09/19/2016,,162,141,S5876
"LEGAL SERVICE CORPORATION'S 40TH ANNIVERSARY; Congressional Record Vol. 160, No. 117",https://www.congress.gov/congressional-record/volume-160/issue-117/senate-section/article/S4897-2,07/24/2014,,160,117,S4897
"THE GRAPES OF WRATH; Congressional Record Vol. 148, No. 137",https://www.congress.gov/congressional-record/volume-148/issue-137/extensions-of-remarks-section/article/E1924-1,10/17/2002,,148,137,E1924
"AMENDMENTS SUBMITTED; Congressional Record Vol. 141, No. 130",https://www.congress.gov/congressional-record/volume-141/issue-130/senate-section/article/S11606-3,08/05/1995,,141,130,S11606
"TRANSPORTATION, HOUSING AND URBAN DEVELOPMENT, AND RELATED AGENCIES APPROPRIATIONS ACT, 2010; Congressional Record Vol. 155, No. 127",https://www.congress.gov/congressional-record/volume-155/issue-127/senate-section/article/S9233-2,09/10/2009,,155,127,S9233
,https://www.congress.gov/bound-congressional-record/1992/09/14/138/senate-section/article/24651-24765,09/14/1992,,138,,24651-24765
"THE HEALTH CENTERS CONSOLIDATION ACT OF 1996; Congressional Record Vol. 142, No. 131",https://www.congress.gov/congressional-record/volume-142/issue-131/senate-section/article/S11096-1,09/20/1996,,142,131,S11096
"Daily Digest/COMMITTEE MEETINGS FOR 2020-01-14; Congressional Record Vol. 166, No. 7",https://www.congress.gov/congressional-record/volume-166/issue-7/daily-digest/article/D39-1,01/13/2020,,166,7,D39
"TRIBUTE TO DENNIS DOUGHERTY; Congressional Record Vol. 160, No. 118",https://www.congress.gov/congressional-record/volume-160/issue-118/extensions-of-remarks-section/article/E1239-3,07/25/2014,,160,118,E1239
"HONORING BILL ROSENDAHL; Congressional Record Vol. 159, No. 147",https://www.congress.gov/congressional-record/volume-159/issue-147/extensions-of-remarks-section/article/E1519-5,10/16/2013,,159,147,E1519
"HONORING THE LIFE OF SAM KARAS; Congressional Record Vol. 149, No. 41",https://www.congress.gov/congressional-record/volume-149/issue-41/extensions-of-remarks-section/article/E476-1,03/13/2003,,149,41,E476
"JOE MOAKLEY'S LEGACY; Congressional Record Vol. 147, No. 103",https://www.congress.gov/congressional-record/volume-147/issue-103/extensions-of-remarks-section/article/E1393-1,07/23/2001,,147,103,E1393
"HONORING THE 50TH ANNIVERSARY OF THE BAR ASSOCIATION OF SAN FRANCISCO; Congressional Record Vol. 168, No. 73",https://www.congress.gov/congressional-record/volume-168/issue-73/extensions-of-remarks-section/article/E447-2,05/03/2022,,168,73,E447
"HONORING ALYCIA BELLE AS A 28TH CONGRESSIONAL DISTRICT WOMAN OF THE YEAR; Congressional Record Vol. 167, No. 130",https://www.congress.gov/congressional-record/volume-167/issue-130/extensions-of-remarks-section/article/E817-1,07/26/2021,,167,130,E817
"HONORING THE SERVICE OF EIZO KOBAYASHI; Congressional Record Vol. 166, No. 25",https://www.congress.gov/congressional-record/volume-166/issue-25/extensions-of-remarks-section/article/E146-5,02/06/2020,,166,25,E146
"TRIBUTE TO NINA SORKIN--28TH CONGRESSIONAL DISTRICT WOMAN OF THE YEAR; Congressional Record Vol. 164, No. 60",https://www.congress.gov/congressional-record/volume-164/issue-60/extensions-of-remarks-section/article/E458-2,04/13/2018,,164,60,E458
"20TH ANNIVERSARY OF SOJOURNER TRUTH HOUSE; Congressional Record Vol. 163, No. 142",https://www.congress.gov/congressional-record/volume-163/issue-142/extensions-of-remarks-section/article/E1160-3,09/05/2017,,163,142,E1160
"RECOGNIZING FOSTER CARE MONTH; Congressional Record Vol. 161, No. 76",https://www.congress.gov/congressional-record/volume-161/issue-76/extensions-of-remarks-section/article/E736-4,05/18/2015,,161,76,E736
"TRIBUTE TO PALMER DePAULIS; Congressional Record Vol. 159, No. 146",https://www.congress.gov/congressional-record/volume-159/issue-146/senate-section/article/S7500-2,10/15/2013,,159,146,S7500
"RECOGNIZING THE SERVICE OF PAMELA KALLSEN; Congressional Record Vol. 159, No. 111",https://www.congress.gov/congressional-record/volume-159/issue-111/extensions-of-remarks-section/article/E1158-1,07/30/2013,,159,111,E1158
"DEDICATION OF THE RYAN WINSLOW VETERANS CENTER; Congressional Record Vol. 158, No. 166",https://www.congress.gov/congressional-record/volume-158/issue-166/extensions-of-remarks-section/article/E1986-4,12/21/2012,,158,166,E1986
"TRIBUTE TO JOHN GRAY; Congressional Record Vol. 158, No. 159",https://www.congress.gov/congressional-record/volume-158/issue-159/senate-section/article/S7743-3,12/11/2012,,158,159,S7743
"HONORING THE LIFE OF ALLEN WHITLEY MELVILLE; Congressional Record Vol. 158, No. 18",https://www.congress.gov/congressional-record/volume-158/issue-18/extensions-of-remarks-section/article/E136-1,02/03/2012,,158,18,E136
"Text of Senate Amendment 178; Congressional Record Vol. 157, No. 39",https://www.congress.gov/congressional-record/volume-157/issue-39/senate-section/article/S1684-7,03/15/2011,,157,39,S1684
"IN HONOR OF GEORGE AND ROSEMARY ESSEFF; Congressional Record Vol. 155, No. 73",https://www.congress.gov/congressional-record/volume-155/issue-73/extensions-of-remarks-section/article/E1139-2,05/13/2009,,155,73,E1139
"A MODEL OF GENEROSITY; Congressional Record Vol. 152, No. 90",https://www.congress.gov/congressional-record/volume-152/issue-90/extensions-of-remarks-section/article/E1384-1,07/12/2006,,152,90,E1384
"HONORING MARTHA VIRGINIA PENNINO; Congressional Record Vol. 150, No. 114",https://www.congress.gov/congressional-record/volume-150/issue-114/extensions-of-remarks-section/article/E1657-4,09/21/2004,,150,114,E1657
"HONORING SUSAN BOOTH FOR HER OUTSTANDING COMMITMENT TO PUBLIC SERVICE; Congressional Record Vol. 150, No. 20",https://www.congress.gov/congressional-record/volume-150/issue-20/extensions-of-remarks-section/article/E198-1,02/24/2004,,150,20,E198
"HONORING SUSAN BOOTH FOR HER OUTSTANDING COMMITMENT TO PUBLIC SERVICE; Congressional Record Vol. 149, No. 96",https://www.congress.gov/congressional-record/volume-149/issue-96/extensions-of-remarks-section/article/E1373-2,06/26/2003,,149,96,E1373
"IN HONOR OF FATHER FLOYD LOTITO; Congressional Record Vol. 149, No. 74",https://www.congress.gov/congressional-record/volume-149/issue-74/extensions-of-remarks-section/article/E996-2,05/19/2003,,149,74,E996
"NATIONAL RUNAWAY PREVENTION MONTH; Congressional Record Vol. 148, No. 151",https://www.congress.gov/congressional-record/volume-148/issue-151/senate-section/article/S11789-4,11/20/2002,,148,151,S11789
"OBITUARY OF EVA LOU BILLINGSLEY RUSSELL; Congressional Record Vol. 147, No. 178",https://www.congress.gov/congressional-record/volume-147/issue-178/extensions-of-remarks-section/article/E2385-2,12/20/2001,,147,178,E2385
"SOUTHEASTERN MICHIGAN CHAPTER OF THE AMERICAN RED CROSS SEVENTH ANNUAL RHAPSODY IN RED MASQUERADE BALL; Congressional Record Vol. 146, No. 37",https://www.congress.gov/congressional-record/volume-146/issue-37/senate-section/article/S1880-3,03/29/2000,,146,37,S1880
"HONORING BROTHER RONALD GIANNONE; Congressional Record Vol. 146, No. 1",https://www.congress.gov/congressional-record/volume-146/issue-1/senate-section/article/S43-1,01/24/2000,,146,1,S43
"IN PRAISE OF CHARLOTTE, NORTH CAROLINA'S ``UNITY AGAINST HUNGER AND POVERTY''; Congressional Record Vol. 144, No. 144",https://www.congress.gov/congressional-record/volume-144/issue-144/extensions-of-remarks-section/article/E2101-3,10/12/1998,,144,144,E2101
"AMERICAN LEADERSHIP NECESSARY TO END SIEGE OF KOSOVA; Congressional Record Vol. 144, No. 72",https://www.congress.gov/congressional-record/volume-144/issue-72/house-section/article/H4233-4,06/05/1998,,144,72,H4233
,https://www.congress.gov/bound-congressional-record/1984/09/14/130/extensions-of-remarks-section/article/25505-25519,09/14/1984,,130,,25505-25519
"TRANSPORTATION, HOUSING AND URBAN DEVELOPMENT, AND RELATED AGENCIES APPROPRIATIONS ACT, 2010; Congressional Record Vol. 155, No. 133",https://www.congress.gov/congressional-record/volume-155/issue-133/senate-section/article/S9595-3,09/21/2009,,155,133,S9595
,https://www.congress.gov/bound-congressional-record/1986/06/03/132/daily-digest/article/356-361,06/03/1986,,132,,356-361
,https://www.congress.gov/bound-congressional-record/1990/06/27/136/senate-section/article/15852-16077,06/27/1990,,136,,15852-16077
"INFLATION IN AMERICA; Congressional Record Vol. 168, No. 117",https://www.congress.gov/congressional-record/volume-168/issue-117/house-section/article/H6675-1,07/15/2022,,168,117,H6675
"WAIVING POINTS OF ORDER AGAINST CONFERENCE REPORT ON H.R. 2620, DEPARTMENTS OF VETERANS AFFAIRS AND HOUSING AND URBAN DEVELOPMENT, AND INDEPENDENT AGENCIES APPROPRIATIONS ACT, 2002; Congressional Record Vol. 147, No. 154",https://www.congress.gov/congressional-record/volume-147/issue-154/house-section/article/H7919-1,11/08/2001,,147,154,H7919
"Daily Digest/Senate; Congressional Record Vol. 149, No. 134",https://www.congress.gov/congressional-record/volume-149/issue-134/daily-digest/article/D1054-1,09/26/2003,,149,134,D1054
"DEPENDABLE EMPLOYMENT AND LIVING IMPROVEMENTS FOR VETERANS ECONOMIC RECOVERY ACT; Congressional Record Vol. 166, No. 213",https://www.congress.gov/congressional-record/volume-166/issue-213/house-section/article/H7169-4,12/16/2020,,166,213,H7169
"PUBLIC BILLS AND RESOLUTIONS; Congressional Record Vol. 171, No. 78",https://www.congress.gov/congressional-record/volume-171/issue-78/house-section/article/H1947-8,05/09/2025,,171,78,H1947
"TRIBUTE TO JEANNE KOHL-WELLES; Congressional Record Vol. 169, No. 69",https://www.congress.gov/congressional-record/volume-169/issue-69/senate-section/article/S1336-2,04/25/2023,,169,69,S1336
"Daily Digest/House Committee Meetings; Congressional Record Vol. 169, No. 58",https://www.congress.gov/congressional-record/volume-169/issue-58/daily-digest/article/D310-1,03/30/2023,,169,58,D310
"COMBATING THE INHUMANE PRACTICES AT PUPPY MILLS; Congressional Record Vol. 166, No. 47",https://www.congress.gov/congressional-record/volume-166/issue-47/house-section/article/H1596-2,03/11/2020,,166,47,H1596
"Daily Digest/House of Representatives; Congressional Record Vol. 164, No. 180",https://www.congress.gov/congressional-record/volume-164/issue-180/daily-digest/article/D1173-1,11/14/2018,,164,180,D1173
"INTRODUCTION OF BILLS AND JOINT RESOLUTIONS; Congressional Record Vol. 163, No. 147",https://www.congress.gov/congressional-record/volume-163/issue-147/senate-section/article/S5215-1,09/12/2017,,163,147,S5215
"TRIBUTE TO DR. SHEILA CROWLEY; Congressional Record Vol. 162, No. 66",https://www.congress.gov/congressional-record/volume-162/issue-66/senate-section/article/S2551-1,04/28/2016,,162,66,S2551
"EXECUTIVE COMMUNICATIONS, ETC.; Congressional Record Vol. 157, No. 202",https://www.congress.gov/congressional-record/volume-157/issue-202/house-section/article/H10036-2,01/03/2012,,157,202,H10036
"A TRIBUTE TO WILLIAM WHITAKER; Congressional Record Vol. 156, No. 90",https://www.congress.gov/congressional-record/volume-156/issue-90/extensions-of-remarks-section/article/E1116-1,06/16/2010,,156,90,E1116
"EARMARK DECLARATION; Congressional Record Vol. 155, No. 113",https://www.congress.gov/congressional-record/volume-155/issue-113/extensions-of-remarks-section/article/E1980-1,07/24/2009,,155,113,E1980
"HONORING ANNE A. ANDREWS, FAIRFAX COUNTY'S CITIZEN OF THE YEAR; Congressional Record Vol. 155, No. 44",https://www.congress.gov/congressional-record/volume-155/issue-44/extensions-of-remarks-section/article/E666-2,03/12/2009,,155,44,E666
"HONORING SY LENZ, OF SONOMA, CALIFORNIA; Congressional Record Vol. 154, No. 24",https://www.congress.gov/congressional-record/volume-154/issue-24/extensions-of-remarks-section/article/E180-5,02/13/2008,,154,24,E180
"HONORING SY LENZ; Congressional Record Vol. 154, No. 24",https://www.congress.gov/congressional-record/volume-154/issue-24/extensions-of-remarks-section/article/E181-1,02/13/2008,,154,24,E181
"HONORING BISHOP ERNESTINE C. REEMS; Congressional Record Vol. 149, No. 137",https://www.congress.gov/congressional-record/volume-149/issue-137/extensions-of-remarks-section/article/E1944-4,10/01/2003,,149,137,E1944
"IN HONOR OF LILLY COX-KELLAR; Congressional Record Vol. 149, No. 44",https://www.congress.gov/congressional-record/volume-149/issue-44/extensions-of-remarks-section/article/E517-1,03/19/2003,,149,44,E517
"IN HONOR OF DOROTHY ISAAC FAUSTINO; Congressional Record Vol. 147, No. 169",https://www.congress.gov/congressional-record/volume-147/issue-169/extensions-of-remarks-section/article/E2221-2,12/07/2001,,147,169,E2221
"Daily Digest/COMMITTEE MEETINGS FOR 2001-09-20; Congressional Record Vol. 147, No. 122",https://www.congress.gov/congressional-record/volume-147/issue-122/daily-digest/article/D909-1,09/19/2001,,147,122,D909
"TRIBUTE TO THE LATE CORA HOLLAND; Congressional Record Vol. 147, No. 119",https://www.congress.gov/congressional-record/volume-147/issue-119/extensions-of-remarks-section/article/E1645-3,09/13/2001,,147,119,E1645
"ADDITIONAL COSPONSORS; Congressional Record Vol. 145, No. 44",https://www.congress.gov/congressional-record/volume-145/issue-44/senate-section/article/S3015-2,03/19/1999,,145,44,S3015
"MESSAGES FROM THE HOUSE; Congressional Record Vol. 144, No. 20",https://www.congress.gov/congressional-record/volume-144/issue-20/senate-section/article/S1335-2,03/04/1998,,144,20,S1335
"THE 25TH ANNIVERSARY OF RURAL HEALTH CORPORATION; Congressional Record Vol. 142, No. 65",https://www.congress.gov/congressional-record/volume-142/issue-65/extensions-of-remarks-section/article/E764-1,05/10/1996,,142,65,E764
"RECOGNIZING PA-1'S HOMETOWN HERO: SHIR AMI REFORM SYNAGOGUE; Congressional Record Vol. 170, No. 187",https://www.congress.gov/congressional-record/volume-170/issue-187/extensions-of-remarks-section/article/E1290-2,12/17/2024,,170,187,E1290
"RECOGNIZING NADINE WOODWARD; Congressional Record Vol. 169, No. 207",https://www.congress.gov/congressional-record/volume-169/issue-207/extensions-of-remarks-section/article/E1239-5,12/15/2023,,169,207,E1239
"HONORING THE LIFE OF WILLIAM ""BILL"" CZMYR, JR.; Congressional Record Vol. 169, No. 181",https://www.congress.gov/congressional-record/volume-169/issue-181/extensions-of-remarks-section/article/E1045-3,11/02/2023,,169,181,E1045
"AMERICAN RESCUE PLAN ACT OF 2021; Congressional Record Vol. 167, No. 51",https://www.congress.gov/congressional-record/volume-167/issue-51/senate-section/article/S1624-2,03/18/2021,,167,51,S1624
"Nomination of Brian D. Montgomery (Executive Session); Congressional Record Vol. 166, No. 88",https://www.congress.gov/congressional-record/volume-166/issue-88/senate-section/article/S2338-1,05/11/2020,,166,88,S2338
"TRIBUTE TO DETECTIVE SHANNON GEANEY--28TH CONGRESSIONAL DISTRICT WOMAN OF THE YEAR; Congressional Record Vol. 166, No. 46",https://www.congress.gov/congressional-record/volume-166/issue-46/extensions-of-remarks-section/article/E287-4,03/10/2020,,166,46,E287
"HONORING THE LIFE OF EDITH CUNNANE; Congressional Record Vol. 166, No. 6",https://www.congress.gov/congressional-record/volume-166/issue-6/extensions-of-remarks-section/article/E25-1,01/10/2020,,166,6,E25
"RECOGNIZING CHRISTIAN RELIEF SERVICES CHARITIES; Congressional Record Vol. 164, No. 158",https://www.congress.gov/congressional-record/volume-164/issue-158/extensions-of-remarks-section/article/E1287-6,09/25/2018,,164,158,E1287
"TAX REFORM; Congressional Record Vol. 164, No. 43",https://www.congress.gov/congressional-record/volume-164/issue-43/senate-section/article/S1618-1,03/12/2018,,164,43,S1618
"INTRODUCTION OF LEGISLATION EXPANDING THE YELLOW RIBBON PROGRAM; Congressional Record Vol. 162, No. 92",https://www.congress.gov/congressional-record/volume-162/issue-92/extensions-of-remarks-section/article/E884-3,06/10/2016,,162,92,E884
"HONORING VETERAN EDISON THOMAS BROWN, JR.; Congressional Record Vol. 162, No. 28",https://www.congress.gov/congressional-record/volume-162/issue-28/extensions-of-remarks-section/article/E197-2,02/23/2016,,162,28,E197
"HONORING VETERAN EDISON THOMAS BROWN, JR.; Congressional Record Vol. 162, No. 17",https://www.congress.gov/congressional-record/volume-162/issue-17/extensions-of-remarks-section/article/E63-3,01/28/2016,,162,17,E63
"TRIBUTE TO DR. RON ANDERSON; Congressional Record Vol. 160, No. 131",https://www.congress.gov/congressional-record/volume-160/issue-131/extensions-of-remarks-section/article/E1404-3,09/15/2014,,160,131,E1404
"RECOGNIZING TUCKER JAMESON'S ESSAY AT THE SOUTHERN MARYLAND STAND DOWN VETERANS EVENT; Congressional Record Vol. 160, No. 97",https://www.congress.gov/congressional-record/volume-160/issue-97/extensions-of-remarks-section/article/E1042-2,06/20/2014,,160,97,E1042
"HONORING THE LIFE AND WORK OF NOEL CUNNINGHAM; Congressional Record Vol. 157, No. 190",https://www.congress.gov/congressional-record/volume-157/issue-190/extensions-of-remarks-section/article/E2225-1,12/12/2011,,157,190,E2225
"HONORING THE LIFE OF DARWIN WIEKAMP OF MISHAWAKA, INDIANA; Congressional Record Vol. 154, No. 177",https://www.congress.gov/congressional-record/volume-154/issue-177/extensions-of-remarks-section/article/E2320-4,11/20/2008,,154,177,E2320
"RECOGNIZING THE IMPORTANCE OF CONNECTING FOSTER YOUTH TO THE WORKFORCE THROUGH INTERNSHIP PROGRAMS; Congressional Record Vol. 154, No. 130",https://www.congress.gov/congressional-record/volume-154/issue-130/extensions-of-remarks-section/article/E1644-1,08/01/2008,,154,130,E1644
"A TRIBUTE TO ANNE M. MOORE; Congressional Record Vol. 154, No. 5",https://www.congress.gov/congressional-record/volume-154/issue-5/extensions-of-remarks-section/article/E9-1,01/15/2008,,154,5,E9
"WAYZATA COMMUNITY CHURCH CELEBRATES 125 YEARS; Congressional Record Vol. 152, No. 109",https://www.congress.gov/congressional-record/volume-152/issue-109/house-section/article/H6342-4,09/07/2006,,152,109,H6342
"HONORING THE SERVICE OF DAVE AND LINDA HARMON TO THE GUAM COMMUNITY; Congressional Record Vol. 152, No. 83",https://www.congress.gov/congressional-record/volume-152/issue-83/extensions-of-remarks-section/article/E1266-1,06/23/2006,,152,83,E1266
"TRIBUTE TO BONNIE TERRY; Congressional Record Vol. 152, No. 21",https://www.congress.gov/congressional-record/volume-152/issue-21/extensions-of-remarks-section/article/E180-3,02/17/2006,,152,21,E180
"TRIBUTE TO TEMPLE BETH JACOB ON THE OCCASION OF THE SEVENTY-FIFTH ANNIVERSARY OF ITS FOUNDING; Congressional Record Vol. 151, No. 33",https://www.congress.gov/congressional-record/volume-151/issue-33/extensions-of-remarks-section/article/E467-2,03/17/2005,,151,33,E467
"CONGRATULATIONS TO TREE OF LIFE MISSIONARY BAPTIST CHURCH IN GARY, IN; Congressional Record Vol. 149, No. 121",https://www.congress.gov/congressional-record/volume-149/issue-121/extensions-of-remarks-section/article/E1699-2,09/05/2003,,149,121,E1699
"HONORING GEORGE GARCIA; Congressional Record Vol. 149, No. 103",https://www.congress.gov/congressional-record/volume-149/issue-103/house-section/article/H6686-2,07/14/2003,,149,103,H6686
"TRIBUTE TO REV. DONALD F. DeVOS; Congressional Record Vol. 148, No. 129",https://www.congress.gov/congressional-record/volume-148/issue-129/extensions-of-remarks-section/article/E1766-3,10/04/2002,,148,129,E1766
"AMERICAN HOMEOWNERSHIP AND ECONOMIC OPPORTUNITY ACT OF 2000; Congressional Record Vol. 146, No. 135",https://www.congress.gov/congressional-record/volume-146/issue-135/extensions-of-remarks-section/article/E1907-1,10/25/2000,,146,135,E1907
"EXPRESSING SYMPATHY FOR THOSE KILLED AND INJURED IN EARTHQUAKES IN TURKEY AND GREECE; Congressional Record Vol. 145, No. 135",https://www.congress.gov/congressional-record/volume-145/issue-135/senate-section/article/S12253-4,10/07/1999,,145,135,S12253
"CONGREGATION EMANU-EL: CELEBRATING 150 YEARS; Congressional Record Vol. 141, No. 28",https://www.congress.gov/congressional-record/volume-141/issue-28/extensions-of-remarks-section/article/E326-1,02/13/1995,,141,28,E326
"CONFERENCE REPORT ON H.R. 1429, IMPROVING HEAD START FOR SCHOOL READINESS ACT OF 2007; Congressional Record Vol. 153, No. 174",https://www.congress.gov/congressional-record/volume-153/issue-174/house-section/article/H13462-2,11/09/2007,,153,174,H13462
,https://www.congress.gov/bound-congressional-record/1985/01/24/131/daily-digest/article/10-12,01/24/1985,,131,,10-12
"DEPARTMENTS OF LABOR, HEALTH AND HUMAN SERVICES, AND EDUCATION, AND RELATED AGENCIES APPROPRIATIONS ACT, 2006; Congressional Record Vol. 151, No. 87",https://www.congress.gov/congressional-record/volume-151/issue-87/extensions-of-remarks-section/article/E1364-4,06/27/2005,,151,87,E1364
"UNANIMOUS CONSENT REQUEST--S. 739; Congressional Record Vol. 147, No. 154",https://www.congress.gov/congressional-record/volume-147/issue-154/senate-section/article/S11594-2,11/08/2001,,147,154,S11594
,https://www.congress.gov/bound-congressional-record/1987/02/04/133/extensions-of-remarks-section/article/2945-2958,02/04/1987,,133,,2945-2958
"STATEMENTS ON INTRODUCED BILLS AND JOINT RESOLUTIONS; Congressional Record Vol. 151, No. 74",https://www.congress.gov/congressional-record/volume-151/issue-74/senate-section/article/S6156-1,06/07/2005,,151,74,S6156
"YOUTH DRUG AND MENTAL HEALTH SERVICES ACT; Congressional Record Vol. 145, No. 154",https://www.congress.gov/congressional-record/volume-145/issue-154/senate-section/article/S13994-2,11/04/1999,,145,154,S13994
"Daily Digest/House Committee Meetings; Congressional Record Vol. 166, No. 48",https://www.congress.gov/congressional-record/volume-166/issue-48/daily-digest/article/D283-2,03/12/2020,,166,48,D283
"Daily Digest/House Committee Meetings; Congressional Record Vol. 165, No. 182",https://www.congress.gov/congressional-record/volume-165/issue-182/daily-digest/article/D1249-1,11/14/2019,,165,182,D1249
"Daily Digest/Highlights + Senate; Congressional Record Vol. 161, No. 53",https://www.congress.gov/congressional-record/volume-161/issue-53/daily-digest/article/D380-1,04/14/2015,,161,53,D380
"Daily Digest/House of Representatives; Congressional Record Vol. 160, No. 116",https://www.congress.gov/congressional-record/volume-160/issue-116/daily-digest/article/D837-1,07/23/2014,,160,116,D837
"Daily Digest/Senate; Congressional Record Vol. 155, No. 169",https://www.congress.gov/congressional-record/volume-155/issue-169/daily-digest/article/D1326-1,11/16/2009,,155,169,D1326
"Daily Digest/House Committee Meetings",https://www.congress.gov/congressional-record/volume-150/issue-70/daily-digest/article/D523-1,05/18/2004,,150,70,D523
"PUBLIC BILLS AND RESOLUTIONS; Congressional Record Vol. 150, No. 42",https://www.congress.gov/congressional-record/volume-150/issue-42/house-section/article/H1739-1,03/30/2004,,150,42,H1739
"Text of Senate Amendment 2695; Congressional Record Vol. 166, No. 208",https://www.congress.gov/congressional-record/volume-166/issue-208/senate-section/article/S7332-2,12/09/2020,,166,208,S7332
"ADVANCING AMERICA'S PRIORITIES ACT; Congressional Record Vol. 154, No. 126",https://www.congress.gov/congressional-record/volume-154/issue-126/senate-section/article/S7542-1,07/28/2008,,154,126,S7542
"STATEMENTS ON INTRODUCED BILLS AND JOINT RESOLUTIONS; Congressional Record Vol. 165, No. 93",https://www.congress.gov/congressional-record/volume-165/issue-93/senate-section/article/S3218-1,06/04/2019,,165,93,S3218
"DISABLED VETERANS HOUSING SUPPORT ACT; Congressional Record Vol. 171, No. 27",https://www.congress.gov/congressional-record/volume-171/issue-27/house-section/article/H593-5,02/10/2025,,171,27,H593
"Daily Digest/CONGRESSIONAL PROGRAM AHEAD; Congressional Record Vol. 168, No. 83",https://www.congress.gov/congressional-record/volume-168/issue-83/daily-digest/article/D530-1,05/16/2022,,168,83,D530
"DEINSTITUTIONALIZATION OF THE MENTALLY ILL; Congressional Record Vol. 145, No. 97",https://www.congress.gov/congressional-record/volume-145/issue-97/senate-section/article/S8295-1,07/12/1999,,145,97,S8295
"ADDITIONAL STATEMENTS; Congressional Record Vol. 141, No. 2",https://www.congress.gov/congressional-record/volume-141/issue-2/senate-section/article/S516-2,01/05/1995,,141,2,S516
"Introductory Statement on S. 1426; Congressional Record Vol. 169, No. 75",https://www.congress.gov/congressional-record/volume-169/issue-75/senate-section/article/S1507-3,05/03/2023,,169,75,S1507
,https://www.congress.gov/bound-congressional-record/1990/07/19/136/daily-digest/article/473-480,07/19/1990,,136,,473-480
"H.R. 2471; Congressional Record Vol. 168, No. 43",https://www.congress.gov/congressional-record/volume-168/issue-43/senate-section/article/S1089-2,03/10/2022,,168,43,S1089
"REARRANGING FLOWERS ON THE COFFIN; Congressional Record Vol. 141, No. 197",https://www.congress.gov/congressional-record/volume-141/issue-197/senate-section/article/S18433-1,12/12/1995,,141,197,S18433
"VETERANS' BENEFITS IMPROVEMENT ACT OF 2005; Congressional Record Vol. 152, No. 67",https://www.congress.gov/congressional-record/volume-152/issue-67/senate-section/article/S5285-2,05/25/2006,,152,67,S5285
"HOUSING OPPORTUNITY AND RESPONSIBILITY ACT OF 1997; Congressional Record Vol. 143, No. 54",https://www.congress.gov/congressional-record/volume-143/issue-54/house-section/article/H2042-2,04/30/1997,,143,54,H2042
"MORNING BUSINESS; Congressional Record Vol. 170, No. 189",https://www.congress.gov/congressional-record/volume-170/issue-189/senate-section/article/S7224-1,12/19/2024,,170,189,S7224
"NATIONAL COMMUNITY ACTION FOUNDATION'S 60TH ANNIVERSARY; Congressional Record Vol. 170, No. 61",https://www.congress.gov/congressional-record/volume-170/issue-61/house-section/article/H2255-5,04/10/2024,,170,61,H2255
"Daily Digest/Senate; Congressional Record Vol. 169, No. 196",https://www.congress.gov/congressional-record/volume-169/issue-196/daily-digest/article/D1230-1,11/29/2023,,169,196,D1230
"Daily Digest/House of Representatives; Congressional Record Vol. 165, No. 184",https://www.congress.gov/congressional-record/volume-165/issue-184/daily-digest/article/D1259-1,11/18/2019,,165,184,D1259
"INTRODUCTION OF BILLS AND JOINT RESOLUTIONS; Congressional Record Vol. 163, No. 43",https://www.congress.gov/congressional-record/volume-163/issue-43/senate-section/article/S1778-2,03/13/2017,,163,43,S1778
"HONORING THE LIFE OF JOE WILLIAMS; Congressional Record Vol. 163, No. 28",https://www.congress.gov/congressional-record/volume-163/issue-28/extensions-of-remarks-section/article/E213-1,02/16/2017,,163,28,E213
"200TH EDITION OF THE FARMERS' ALMANAC; Congressional Record Vol. 162, No. 143",https://www.congress.gov/congressional-record/volume-162/issue-143/senate-section/article/S5950-1,09/21/2016,,162,143,S5950
"HONORING LGBTQ LEADERS IN THE TWIN CITIES; Congressional Record Vol. 162, No. 89",https://www.congress.gov/congressional-record/volume-162/issue-89/extensions-of-remarks-section/article/E829-1,06/07/2016,,162,89,E829
"HONORING THE 2015 STARS OVER DULLES AWARD RECIPIENTS; Congressional Record Vol. 161, No. 185",https://www.congress.gov/congressional-record/volume-161/issue-185/extensions-of-remarks-section/article/E1836-1,12/18/2015,,161,185,E1836
"EXECUTIVE COMMUNICATIONS, ETC.; Congressional Record Vol. 161, No. 182",https://www.congress.gov/congressional-record/volume-161/issue-182/house-section/article/H9327-1,12/15/2015,,161,182,H9327
"Daily Digest/Senate Committee Meetings; Congressional Record Vol. 161, No. 88",https://www.congress.gov/congressional-record/volume-161/issue-88/daily-digest/article/D638-1,06/03/2015,,161,88,D638
"RECOGNIZING THE 25TH ANNIVERSARY OF FACETS; Congressional Record Vol. 159, No. 167",https://www.congress.gov/congressional-record/volume-159/issue-167/extensions-of-remarks-section/article/E1737-4,11/21/2013,,159,167,E1737
"HONORING HAZEL WEISS; Congressional Record Vol. 159, No. 20",https://www.congress.gov/congressional-record/volume-159/issue-20/extensions-of-remarks-section/article/E118-1,02/08/2013,,159,20,E118
"ENTERPRISE COMMUNITY PARTNERS; Congressional Record Vol. 158, No. 122",https://www.congress.gov/congressional-record/volume-158/issue-122/senate-section/article/S6263-1,09/12/2012,,158,122,S6263
"HENNEPIN HEALTH; Congressional Record Vol. 158, No. 56",https://www.congress.gov/congressional-record/volume-158/issue-56/house-section/article/H1920-1,04/18/2012,,158,56,H1920
"REMEMBERING THE TENTH ANNIVERSARY OF HURRICANE FLOYD; Congressional Record Vol. 155, No. 131",https://www.congress.gov/congressional-record/volume-155/issue-131/extensions-of-remarks-section/article/E2287-4,09/16/2009,,155,131,E2287
"INTRODUCTION OF BILLS AND JOINT RESOLUTIONS; Congressional Record Vol. 155, No. 117",https://www.congress.gov/congressional-record/volume-155/issue-117/senate-section/article/S8557-1,07/30/2009,,155,117,S8557
"TRIBUTE TO KORYNE KANESKI HORBAL; Congressional Record Vol. 154, No. 86",https://www.congress.gov/congressional-record/volume-154/issue-86/extensions-of-remarks-section/article/E1091-4,05/23/2008,,154,86,E1091
"INTRODUCTION OF BILLS AND JOINT RESOLUTIONS; Congressional Record Vol. 153, No. 79",https://www.congress.gov/congressional-record/volume-153/issue-79/senate-section/article/S6054-1,05/14/2007,,153,79,S6054
"SUBMITTED RESOLUTIONS; Congressional Record Vol. 152, No. 7",https://www.congress.gov/congressional-record/volume-152/issue-7/senate-section/article/S250-3,01/27/2006,,152,7,S250
"HONORING THE REVEREND PHILIP CASCIA; Congressional Record Vol. 151, No. 117",https://www.congress.gov/congressional-record/volume-151/issue-117/extensions-of-remarks-section/article/E1888-2,09/19/2005,,151,117,E1888
"NATIONAL HEALTH CENTER WEEK; Congressional Record Vol. 151, No. 109",https://www.congress.gov/congressional-record/volume-151/issue-109/extensions-of-remarks-section/article/E1762-2,09/06/2005,,151,109,E1762
"MISAPPROPRIATIONS OF TAXPAYER FUNDS; Congressional Record Vol. 149, No. 105",https://www.congress.gov/congressional-record/volume-149/issue-105/house-section/article/H6991-5,07/16/2003,,149,105,H6991
"AMERICORPS FUNDING; Congressional Record Vol. 149, No. 103",https://www.congress.gov/congressional-record/volume-149/issue-103/senate-section/article/S9323-1,07/14/2003,,149,103,S9323
"COMMENDING THE ROBERT WOOD JOHNSON FOUNDATION; Congressional Record Vol. 149, No. 43",https://www.congress.gov/congressional-record/volume-149/issue-43/senate-section/article/S3879-1,03/18/2003,,149,43,S3879
"Daily Digest/COMMITTEE MEETINGS FOR 2001-10-04; Congressional Record Vol. 147, No. 131",https://www.congress.gov/congressional-record/volume-147/issue-131/daily-digest/article/D973-1,10/03/2001,,147,131,D973
"MENTAL HEALTH; Congressional Record Vol. 147, No. 20",https://www.congress.gov/congressional-record/volume-147/issue-20/house-section/article/H296-1,02/13/2001,,147,20,H296
"Daily Digest/NEW PUBLIC LAWS; Congressional Record Vol. 146, No. 143",https://www.congress.gov/congressional-record/volume-146/issue-143/daily-digest/article/D1168-3,11/02/2000,,146,143,D1168
"HONORING PHIL RAMONE; Congressional Record Vol. 146, No. 112",https://www.congress.gov/congressional-record/volume-146/issue-112/extensions-of-remarks-section/article/E1539-1,09/20/2000,,146,112,E1539
"CONGRATULATING ALISON LITTELL McHOSE; Congressional Record Vol. 146, No. 34",https://www.congress.gov/congressional-record/volume-146/issue-34/extensions-of-remarks-section/article/E397-3,03/23/2000,,146,34,E397
"TRIBUTE TO SISTER MARY REILLY; Congressional Record Vol. 145, No. 90",https://www.congress.gov/congressional-record/volume-145/issue-90/senate-section/article/S7541-2,06/23/1999,,145,90,S7541
"TRIBUTE TO MAJ. T.A. TAYLOR-HUNT; Congressional Record Vol. 143, No. 114",https://www.congress.gov/congressional-record/volume-143/issue-114/senate-section/article/S8738-1,09/03/1997,,143,114,S8738
,https://www.congress.gov/bound-congressional-record/1987/01/29/133/senate-section/article/2227-2361,01/29/1987,,133,,2227-2361
"RECOGNIZING THE CENTENNIAL ANNIVERSARY OF KANSAS CITY'S UNION MISSION CHURCH; Congressional Record Vol. 170, No. 142",https://www.congress.gov/congressional-record/volume-170/issue-142/extensions-of-remarks-section/article/E895-1,09/12/2024,,170,142,E895
"Appropriations (Executive Session); Congressional Record Vol. 170, No. 41",https://www.congress.gov/congressional-record/volume-170/issue-41/senate-section/article/S2270-2,03/07/2024,,170,41,S2270
"HONORING THE ENDURING CAREER OF ALANNA KABEL; Congressional Record Vol. 168, No. 192",https://www.congress.gov/congressional-record/volume-168/issue-192/extensions-of-remarks-section/article/E1258-1,12/12/2022,,168,192,E1258
"SENATE RESOLUTION 716--CALLING FOR THE IMMEDIATE RELEASE OF BRITTNEY GRINER, A CITIZEN OF THE UNITED STATES, WHO WAS WRONGFULLY DETAINED BY THE GOVERNMENT OF THE RUSSIAN FEDERATION IN FEBRUARY 2022; Congressional Record Vol. 168, No. 121",https://www.congress.gov/congressional-record/volume-168/issue-121/senate-section/article/S3613-2,07/21/2022,,168,121,S3613
"Text of Senate Amendment 2749; Congressional Record Vol. 164, No. 96",https://www.congress.gov/congressional-record/volume-164/issue-96/senate-section/article/S3713-4,06/11/2018,,164,96,S3713
"IN CELEBRATION OF MARY N. LONG'S 76TH BIRTHDAY; Congressional Record Vol. 163, No. 108",https://www.congress.gov/congressional-record/volume-163/issue-108/extensions-of-remarks-section/article/E895-4,06/23/2017,,163,108,E895
"HONORING THE TRINITY EPISCOPAL CHURCH ON THE GREEN AS THEY CELEBRATE THEIR 200TH ANNIVERSARY; Congressional Record Vol. 162, No. 31",https://www.congress.gov/congressional-record/volume-162/issue-31/extensions-of-remarks-section/article/E234-1,02/26/2016,,162,31,E234
"HONORING LAURIE HARKNESS, PH.D., ON THE OCCASION OF HER RETIREMENT; Congressional Record Vol. 162, No. 26",https://www.congress.gov/congressional-record/volume-162/issue-26/extensions-of-remarks-section/article/E175-3,02/12/2016,,162,26,E175
"WELCOMING THE GUEST CHAPLAIN; Congressional Record Vol. 158, No. 151",https://www.congress.gov/congressional-record/volume-158/issue-151/senate-section/article/S7127-7,11/29/2012,,158,151,S7127
"RECOGNIZING NATIONAL ADOPTION DAY/MONTH NOVEMBER 18, 2011; Congressional Record Vol. 157, No. 177",https://www.congress.gov/congressional-record/volume-157/issue-177/extensions-of-remarks-section/article/E2106-3,11/18/2011,,157,177,E2106
"HONORING MS. ESSIE ""BIG MAMA"" REED AS A TRUE AMERICAN HERO; Congressional Record Vol. 156, No. 128",https://www.congress.gov/congressional-record/volume-156/issue-128/extensions-of-remarks-section/article/E1693-1,09/22/2010,,156,128,E1693
"SMART POWER CAN SUCCEED WHERE MILITARY POWER ALONE HAS FAILED; Congressional Record Vol. 155, No. 170",https://www.congress.gov/congressional-record/volume-155/issue-170/house-section/article/H13037-1,11/17/2009,,155,170,H13037
"NEW MARKETS TAX CREDIT; Congressional Record Vol. 154, No. 111",https://www.congress.gov/congressional-record/volume-154/issue-111/senate-section/article/S6432-1,07/08/2008,,154,111,S6432
"TAKING CARE OF AMERICA'S VETERANS; Congressional Record Vol. 153, No. 170",https://www.congress.gov/congressional-record/volume-153/issue-170/house-section/article/H12712-1,11/05/2007,,153,170,H12712
"TRIBUTE TO LINDA HOPKINS; Congressional Record Vol. 151, No. 130",https://www.congress.gov/congressional-record/volume-151/issue-130/house-section/article/H8806-3,10/07/2005,,151,130,H8806
"VERMONT'S COMMUNITY ACTION PROGRAMS: FORTY YEARS OF SUSTAINING COMMUNITY; Congressional Record Vol. 151, No. 56",https://www.congress.gov/congressional-record/volume-151/issue-56/extensions-of-remarks-section/article/E843-3,05/03/2005,,151,56,E843
"20TH ANNIVERSARY OF CHRISTIAN RELIEF SERVICES CHARITIES; Congressional Record Vol. 151, No. 47",https://www.congress.gov/congressional-record/volume-151/issue-47/extensions-of-remarks-section/article/E687-1,04/19/2005,,151,47,E687
"STATEMENT REGARDING IDEA CONFERENCE REPORT; Congressional Record Vol. 150, No. 135",https://www.congress.gov/congressional-record/volume-150/issue-135/extensions-of-remarks-section/article/E2103-2,11/20/2004,,150,135,E2103
"ON SECTION 8 RULE CHANGES; Congressional Record Vol. 150, No. 63",https://www.congress.gov/congressional-record/volume-150/issue-63/senate-section/article/S5041-2,05/07/2004,,150,63,S5041
"NATIONAL HEALTH CENTER WEEK; Congressional Record Vol. 149, No. 104",https://www.congress.gov/congressional-record/volume-149/issue-104/senate-section/article/S9431-4,07/15/2003,,149,104,S9431
"TRIBUTE TO ELSIE BAILEY, NEW NATIONAL PRESIDENT OF THE AMERICAN LEGION AUXILIARY; Congressional Record Vol. 148, No. 134",https://www.congress.gov/congressional-record/volume-148/issue-134/extensions-of-remarks-section/article/E1824-3,10/11/2002,,148,134,E1824
"2002 GUAM SOCIAL WORK MONTH; Congressional Record Vol. 148, No. 34",https://www.congress.gov/congressional-record/volume-148/issue-34/extensions-of-remarks-section/article/E406-1,03/21/2002,,148,34,E406
"EXPRESSING THE CONDOLENCES OF THE HOUSE IN THE DEATH OF DIANA, PRINCESS OF WALES; Congressional Record Vol. 143, No. 117",https://www.congress.gov/congressional-record/volume-143/issue-117/extensions-of-remarks-section/article/E1689-1,09/08/1997,,143,117,E1689
"A TRIBUTE TO TARA SAKRAIDA; Congressional Record Vol. 142, No. 50",https://www.congress.gov/congressional-record/volume-142/issue-50/extensions-of-remarks-section/article/E569-1,04/18/1996,,142,50,E569
"HONORING WILLIAM C. ``BILL'' COLEMAN IN RECEIVING THE J. ROBERT LADD COMMUNITY SERVICE AWARD AND THE 2000 SERVICE TO MANKIND AWARD; Congressional Record Vol. 146, No. 47",https://www.congress.gov/congressional-record/volume-146/issue-47/extensions-of-remarks-section/article/E562-4,04/13/2000,,146,47,E562
"COMMENDING PASTOR JAMES ANDERSON ON HIS RETIREMENT AND 39TH ANNIVERSARY AS A PASTOR; Congressional Record Vol. 143, No. 145",https://www.congress.gov/congressional-record/volume-143/issue-145/extensions-of-remarks-section/article/E2076-2,10/24/1997,,143,145,E2076
"SALUTE TO EDDIE DEAN; Congressional Record Vol. 141, No. 167",https://www.congress.gov/congressional-record/volume-141/issue-167/extensions-of-remarks-section/article/E2050-3,10/26/1995,,141,167,E2050
,https://www.congress.gov/bound-congressional-record/1987/02/25/133/daily-digest/article/82-88,02/25/1987,,133,,82-88
,https://www.congress.gov/bound-congressional-record/1992/09/08/138/daily-digest/article/558-561,09/08/1992,,138,,558-561
"JUSTIN BAILEY VETERANS SUBSTANCE USE DISORDERS PREVENTION AND TREATMENT ACT OF 2008; Congressional Record Vol. 154, No. 83",https://www.congress.gov/congressional-record/volume-154/issue-83/house-section/article/H4193-1,05/20/2008,,154,83,H4193
"PUBLIC BILLS AND RESOLUTIONS; Congressional Record Vol. 160, No. 117",https://www.congress.gov/congressional-record/volume-160/issue-117/house-section/article/H6813-2,07/24/2014,,160,117,H6813
,https://www.congress.gov/bound-congressional-record/1990/10/26/136/daily-digest/article/776-786,10/26/1990,,136,,776-786
"Daily Digest/Senate; Congressional Record Vol. 164, No. 104",https://www.congress.gov/congressional-record/volume-164/issue-104/daily-digest/article/D711-1,06/21/2018,,164,104,D711
"Daily Digest/House Committee Meetings; Congressional Record Vol. 164, No. 74",https://www.congress.gov/congressional-record/volume-164/issue-74/daily-digest/article/D493-1,05/08/2018,,164,74,D493
"ADDITIONAL COSPONSORS; Congressional Record Vol. 155, No. 145",https://www.congress.gov/congressional-record/volume-155/issue-145/senate-section/article/S10318-3,10/08/2009,,155,145,S10318
"STATEMENTS ON SUBMITTED RESOLUTIONS; Congressional Record Vol. 148, No. 133",https://www.congress.gov/congressional-record/volume-148/issue-133/senate-section/article/S10388-1,10/10/2002,,148,133,S10388
"Daily Digest/Senate; Congressional Record Vol. 146, No. 128",https://www.congress.gov/congressional-record/volume-146/issue-128/daily-digest/article/D1078-1,10/13/2000,,146,128,D1078
"EQUITY IN ALLOCATION OF VA HEALTH CARE RESOURCES, H.R. 1580; Congressional Record Vol. 143, No. 63",https://www.congress.gov/congressional-record/volume-143/issue-63/extensions-of-remarks-section/article/E915-1,05/14/1997,,143,63,E915
"WELFARE 2015; Congressional Record Vol. 141, No. 203",https://www.congress.gov/congressional-record/volume-141/issue-203/senate-section/article/S18826-2,12/18/1995,,141,203,S18826
"ISSUES OF THE DAY; Congressional Record Vol. 169, No. 78",https://www.congress.gov/congressional-record/volume-169/issue-78/house-section/article/H2155-5,05/09/2023,,169,78,H2155
,https://www.congress.gov/bound-congressional-record/1991/10/21/137/extensions-of-remarks-section/article/26910-26927,10/21/1991,,137,,26910-26927
"PROVIDING CERTAIN BURIAL BENEFITS FOR SPOUSES AND CHILDREN OF VETERANS WHO ARE BURIED IN TRIBAL CEMETERIES; Congressional Record Vol. 164, No. 194",https://www.congress.gov/congressional-record/volume-164/issue-194/house-section/article/H9794-1,12/10/2018,,164,194,H9794
"TEXT OF AMENDMENTS; Congressional Record Vol. 150, No. 128",https://www.congress.gov/congressional-record/volume-150/issue-128/senate-section/article/S10990-3,10/09/2004,,150,128,S10990
"CONSEQUENCES FOR JUVENILE OFFENDERS ACT OF 1999; Congressional Record Vol. 145, No. 86",https://www.congress.gov/congressional-record/volume-145/issue-86/house-section/article/H4476-6,06/17/1999,,145,86,H4476
"Text of Senate Amendment 2653; Congressional Record Vol. 166, No. 156",https://www.congress.gov/congressional-record/volume-166/issue-156/senate-section/article/S5553-4,09/10/2020,,166,156,S5553
"HOUSING AFFORDABILITY CRISIS HURTS ECONOMIC GROWTH; Congressional Record Vol. 165, No. 126",https://www.congress.gov/congressional-record/volume-165/issue-126/house-section/article/H7382-1,07/25/2019,,165,126,H7382
"HONORING THE HISTORIC INAUGURATION OF SAN FRANCISCO MAYOR LONDON BREED; Congressional Record Vol. 164, No. 116",https://www.congress.gov/congressional-record/volume-164/issue-116/extensions-of-remarks-section/article/E997-6,07/11/2018,,164,116,E997
"VETERANS HOUSING; Congressional Record Vol. 163, No. 127",https://www.congress.gov/congressional-record/volume-163/issue-127/house-section/article/H6474-2,07/27/2017,,163,127,H6474
"OUR NATION'S MENTAL HEALTH CRISIS; Congressional Record Vol. 161, No. 159",https://www.congress.gov/congressional-record/volume-161/issue-159/house-section/article/H7261-3,10/28/2015,,161,159,H7261
"Daily Digest/Senate Committee Meetings; Congressional Record Vol. 161, No. 146",https://www.congress.gov/congressional-record/volume-161/issue-146/daily-digest/article/D1061-1,10/06/2015,,161,146,D1061
"CONGRATULATING THE NATIONAL LOW INCOME HOUSING COALITION ON ITS 40TH ANNIVERSARY; Congressional Record Vol. 160, No. 140",https://www.congress.gov/congressional-record/volume-160/issue-140/extensions-of-remarks-section/article/E1601-1,11/17/2014,,160,140,E1601
"RECOGNIZING MAY AS NATIONAL FOSTER CARE MONTH; Congressional Record Vol. 158, No. 63",https://www.congress.gov/congressional-record/volume-158/issue-63/extensions-of-remarks-section/article/E710-3,05/07/2012,,158,63,E710
"ENERGY; Congressional Record Vol. 157, No. 100",https://www.congress.gov/congressional-record/volume-157/issue-100/house-section/article/H4682-1,07/07/2011,,157,100,H4682
"ADDITIONAL STATEMENTS; Congressional Record Vol. 149, No. 37",https://www.congress.gov/congressional-record/volume-149/issue-37/senate-section/article/S3366-1,03/07/2003,,149,37,S3366
"MESSAGE FROM THE SENATE; Congressional Record Vol. 147, No. 114",https://www.congress.gov/congressional-record/volume-147/issue-114/house-section/article/H5343-4,09/05/2001,,147,114,H5343
"IRRESPONSIBLE TAX CUT MEANS SERIOUS REPERCUSSIONS FOR ESSENTIAL GOVERNMENT PROGRAMS; Congressional Record Vol. 147, No. 30",https://www.congress.gov/congressional-record/volume-147/issue-30/house-section/article/H813-3,03/08/2001,,147,30,H813
"MESSAGES FROM THE HOUSE; Congressional Record Vol. 146, No. 128",https://www.congress.gov/congressional-record/volume-146/issue-128/senate-section/article/S10589-2,10/13/2000,,146,128,S10589
"CONGRATULATIONS ON THE FIRST ANNUAL NATIONAL RAISE THE ROOF DAY; Congressional Record Vol. 145, No. 146",https://www.congress.gov/congressional-record/volume-145/issue-146/extensions-of-remarks-section/article/E2173-3,10/25/1999,,145,146,E2173
"Daily Digest/Senate; Congressional Record Vol. 145, No. 53",https://www.congress.gov/congressional-record/volume-145/issue-53/daily-digest/article/D401-1,04/19/1999,,145,53,D401
"IN RECOGNITION OF THE SALVATION ARMY'S EFFORTS IN ST. LOUIS; Congressional Record Vol. 142, No. 92",https://www.congress.gov/congressional-record/volume-142/issue-92/extensions-of-remarks-section/article/E1121-4,06/20/1996,,142,92,E1121
"HONORING REVEREND WILLIE F. WILSON; Congressional Record Vol. 165, No. 174",https://www.congress.gov/congressional-record/volume-165/issue-174/extensions-of-remarks-section/article/E1392-3,11/01/2019,,165,174,E1392
"BILL ORCHARD, REBEL RODRIGUEZ, RANGER AND DOT MILLER, RON SLINGER, BOB DYER, ANDREW HEESAKER, JILL HARTMANN, MADDIE SCHMIDT; Congressional Record Vol. 163, No. 59",https://www.congress.gov/congressional-record/volume-163/issue-59/extensions-of-remarks-section/article/E460-3,04/05/2017,,163,59,E460
"HELP AND HOPE FOR THE MENTALLY ILL; Congressional Record Vol. 162, No. 175",https://www.congress.gov/congressional-record/volume-162/issue-175/house-section/article/H7187-2,12/06/2016,,162,175,H7187
"RECOGNIZING THE 23RD ANNUAL BEST OF RESTON AWARDS FOR COMMUNITY SERVICE; Congressional Record Vol. 160, No. 79",https://www.congress.gov/congressional-record/volume-160/issue-79/extensions-of-remarks-section/article/E836-1,05/23/2014,,160,79,E836
"IN RECOGNITION OF THE 40TH ANNIVERSARY OF SAMARITAN HOUSE; Congressional Record Vol. 160, No. 72",https://www.congress.gov/congressional-record/volume-160/issue-72/extensions-of-remarks-section/article/E748-4,05/13/2014,,160,72,E748
"RECOGNIZING THE 23ND ANNUAL BEST OF RESTON AWARDS FOR COMMUNITY SERVICE; Congressional Record Vol. 160, No. 67",https://www.congress.gov/congressional-record/volume-160/issue-67/extensions-of-remarks-section/article/E681-1,05/06/2014,,160,67,E681
"VOW TO HIRE HEROES LEGISLATION; Congressional Record Vol. 157, No. 170",https://www.congress.gov/congressional-record/volume-157/issue-170/senate-section/article/S7163-8,11/08/2011,,157,170,S7163
"HONORING RABBI HERBERT N. BROCKMAN ON HIS 25TH ANNIVERSARY WITH CONGREGATION MISHKAN ISRAEL; Congressional Record Vol. 157, No. 64",https://www.congress.gov/congressional-record/volume-157/issue-64/extensions-of-remarks-section/article/E868-4,05/11/2011,,157,64,E868
"THE TRAGIC EARTHQUAKE IN JAPAN; Congressional Record Vol. 141, No. 13",https://www.congress.gov/congressional-record/volume-141/issue-13/house-section/article/H493-2,01/23/1995,,141,13,H493
"TEXT OF AMENDMENTS; Congressional Record Vol. 166, No. 208",https://www.congress.gov/congressional-record/volume-166/issue-208/senate-section/article/S7332-1,12/09/2020,,166,208,S7332
"PROTECTING AMERICANS FROM HARMFUL CRYPTO PRACTICES; Congressional Record Vol. 171, No. 77",https://www.congress.gov/congressional-record/volume-171/issue-77/house-section/article/H1927-2,05/08/2025,,171,77,H1927
"ISSUES OF THE DAY; Congressional Record Vol. 165, No. 83",https://www.congress.gov/congressional-record/volume-165/issue-83/house-section/article/H3956-4,05/17/2019,,165,83,H3956
,https://www.congress.gov/bound-congressional-record/1987/01/29/133/daily-digest/article/35-39,01/29/1987,,133,,35-39
,https://www.congress.gov/bound-congressional-record/1986/05/22/132/daily-digest/article/348-352,05/22/1986,,132,,348-352
"EXPRESSING SYMPATHY FOR VICTIMS OF DEVASTATING EARTHQUAKES IN EL SALVADOR; Congressional Record Vol. 147, No. 37",https://www.congress.gov/congressional-record/volume-147/issue-37/house-section/article/H969-1,03/20/2001,,147,37,H969
"RECOGNIZING AND SUPPORTING GOALS AND IDEAS OF AMERICAN YOUTH DAY; Congressional Record Vol. 147, No. 86",https://www.congress.gov/congressional-record/volume-147/issue-86/house-section/article/H3267-1,06/20/2001,,147,86,H3267
,https://www.congress.gov/bound-congressional-record/1983/02/14/129/house-section/article/2144-2146,02/14/1983,,129,,2144-2146
"AN ECONOMIC WALK THROUGH; Congressional Record Vol. 168, No. 39",https://www.congress.gov/congressional-record/volume-168/issue-39/house-section/article/H1292-1,03/03/2022,,168,39,H1292
"HONORING MICHELLE ALLMAN; Congressional Record Vol. 167, No. 103",https://www.congress.gov/congressional-record/volume-167/issue-103/house-section/article/H2741-1,06/14/2021,,167,103,H2741
"STATEMENTS ON INTRODUCED BILLS AND JOINT RESOLUTIONS; Congressional Record Vol. 150, No. 41",https://www.congress.gov/congressional-record/volume-150/issue-41/senate-section/article/S3296-1,03/29/2004,,150,41,S3296
"WINNERS AND LOSERS UNDER THE CONTRACT WITH AMERICA; Congressional Record Vol. 141, No. 63",https://www.congress.gov/congressional-record/volume-141/issue-63/senate-section/article/S5168-1,04/05/1995,,141,63,S5168
"DEPARTMENTS OF VETERANS AFFAIRS AND HOUSING AND URBAN DEVELOPMENT, AND INDEPENDENT AGENCIES APPROPRIATIONS ACT, 2002; Congressional Record Vol. 147, No. 106",https://www.congress.gov/congressional-record/volume-147/issue-106/house-section/article/H4680-2,07/26/2001,,147,106,H4680
"MENTAL HEALTH WEEK; Congressional Record Vol. 161, No. 146",https://www.congress.gov/congressional-record/volume-161/issue-146/house-section/article/H6826-1,10/06/2015,,161,146,H6826
"Daily Digest/CONGRESSIONAL PROGRAM AHEAD; Congressional Record Vol. 147, No. 120",https://www.congress.gov/congressional-record/volume-147/issue-120/daily-digest/article/D900-2,09/14/2001,,147,120,D900
"Daily Digest/House Committee Meetings; Congressional Record Vol. 167, No. 100",https://www.congress.gov/congressional-record/volume-167/issue-100/daily-digest/article/D618-2,06/09/2021,,167,100,D618
"HONORING FALLEN SOLDIERS; Congressional Record Vol. 166, No. 28",https://www.congress.gov/congressional-record/volume-166/issue-28/house-section/article/H1021-1,02/11/2020,,166,28,H1021
"SUPPORT FOR PATIENTS AND COMMUNITIES ACT; Congressional Record Vol. 164, No. 164",https://www.congress.gov/congressional-record/volume-164/issue-164/senate-section/article/S6491-1,10/03/2018,,164,164,S6491
"PUBLIC BILLS AND RESOLUTIONS; Congressional Record Vol. 163, No. 186",https://www.congress.gov/congressional-record/volume-163/issue-186/house-section/article/H9254-2,11/14/2017,,163,186,H9254
"GUN BILL; Congressional Record Vol. 162, No. 112",https://www.congress.gov/congressional-record/volume-162/issue-112/house-section/article/H4668-1,07/12/2016,,162,112,H4668
"IN HONOR OF MARY CATHERINE (KITTY) VAN BORTEL; Congressional Record Vol. 162, No. 73",https://www.congress.gov/congressional-record/volume-162/issue-73/extensions-of-remarks-section/article/E667-3,05/10/2016,,162,73,E667
"EVERY STUDENT SUCCEEDS ACT; Congressional Record Vol. 161, No. 179",https://www.congress.gov/congressional-record/volume-161/issue-179/senate-section/article/S8596-1,12/10/2015,,161,179,S8596
"IN RECOGNITION OF JOHN ""JACK"" MATTHEWS; Congressional Record Vol. 161, No. 177",https://www.congress.gov/congressional-record/volume-161/issue-177/extensions-of-remarks-section/article/E1732-1,12/08/2015,,161,177,E1732
"INTRODUCTION OF BILLS AND JOINT RESOLUTIONS; Congressional Record Vol. 161, No. 121",https://www.congress.gov/congressional-record/volume-161/issue-121/senate-section/article/S6136-1,07/29/2015,,161,121,S6136
"Daily Digest/House of Representatives; Congressional Record Vol. 151, No. 137",https://www.congress.gov/congressional-record/volume-151/issue-137/daily-digest/article/D1087-1,10/25/2005,,151,137,D1087
"HURRICANE KATRINA; Congressional Record Vol. 151, No. 110",https://www.congress.gov/congressional-record/volume-151/issue-110/house-section/article/H7709-2,09/07/2005,,151,110,H7709
"Daily Digest/House of Representatives; Congressional Record Vol. 148, No. 12",https://www.congress.gov/congressional-record/volume-148/issue-12/daily-digest/article/D88-1,02/12/2002,,148,12,D88
"EVERY CHILD ACHIEVES ACT OF 2015; Congressional Record Vol. 161, No. 106",https://www.congress.gov/congressional-record/volume-161/issue-106/senate-section/article/S4904-2,07/09/2015,,161,106,S4904
"INVESTING IN A NEW VISION FOR THE ENVIRONMENT AND SURFACE TRANSPORTATION IN AMERICA ACT; Congressional Record Vol. 166, No. 121",https://www.congress.gov/congressional-record/volume-166/issue-121/extensions-of-remarks-section/article/E604-2,07/01/2020,,166,121,E604
"ADDITIONAL COSPONSORS; Congressional Record Vol. 162, No. 59",https://www.congress.gov/congressional-record/volume-162/issue-59/senate-section/article/S2128-2,04/18/2016,,162,59,S2128
"BOOSTING RATES OF AMERICAN VETERAN EMPLOYMENT ACT; Congressional Record Vol. 161, No. 76",https://www.congress.gov/congressional-record/volume-161/issue-76/house-section/article/H3261-1,05/18/2015,,161,76,H3261
"PROPOSING A BALANCED BUDGET AMENDMENT TO THE CONSTITUTION; Congressional Record Vol. 157, No. 181",https://www.congress.gov/congressional-record/volume-157/issue-181/extensions-of-remarks-section/article/E2128-1,11/29/2011,,157,181,E2128
"ADDITIONAL COSPONSORS; Congressional Record Vol. 155, No. 168",https://www.congress.gov/congressional-record/volume-155/issue-168/senate-section/article/S11344-4,11/10/2009,,155,168,S11344
"TRANSPORTATION APPROPRIATIONS; Congressional Record Vol. 155, No. 131",https://www.congress.gov/congressional-record/volume-155/issue-131/senate-section/article/S9421-1,09/16/2009,,155,131,S9421
"Introductory Statement on S. 3771; Congressional Record Vol. 152, No. 104",https://www.congress.gov/congressional-record/volume-152/issue-104/senate-section/article/S8543-1,08/01/2006,,152,104,S8543
"ADDITIONAL COSPONSORS; Congressional Record Vol. 145, No. 156",https://www.congress.gov/congressional-record/volume-145/issue-156/senate-section/article/S14297-1,11/08/1999,,145,156,S14297
"MOST-FAVORED-NATION TRADE STATUS FOR CHINA; Congressional Record Vol. 143, No. 89",https://www.congress.gov/congressional-record/volume-143/issue-89/senate-section/article/S6074-2,06/23/1997,,143,89,S6074
"EXPRESSING SORROW OF THE HOUSE AT THE DEATH OF THE HONORABLE BRUCE VENTO, MEMBER OF CONGRESS FROM THE STATE OF MINNESOTA; Congressional Record Vol. 146, No. 125",https://www.congress.gov/congressional-record/volume-146/issue-125/house-section/article/H9576-1,10/10/2000,,146,125,H9576
"CONGRATULATING DICK JAMES; Congressional Record Vol. 169, No. 108",https://www.congress.gov/congressional-record/volume-169/issue-108/house-section/article/H2997-1,06/21/2023,,169,108,H2997
"HONORING COLONEL (RET) ROY GEORGE PLUMMER; Congressional Record Vol. 168, No. 175",https://www.congress.gov/congressional-record/volume-168/issue-175/extensions-of-remarks-section/article/E1136-4,11/14/2022,,168,175,E1136
"OPPOSING THE FARM BILL; Congressional Record Vol. 164, No. 81",https://www.congress.gov/congressional-record/volume-164/issue-81/house-section/article/H4147-1,05/17/2018,,164,81,H4147
"NATIONAL FOSTER CARE MONTH; Congressional Record Vol. 163, No. 90",https://www.congress.gov/congressional-record/volume-163/issue-90/house-section/article/H4512-2,05/24/2017,,163,90,H4512
"REMEMBRANCE OF THE VICTIMS OF THE RECENT FLOODING IN HOUSTON, TEXAS; Congressional Record Vol. 162, No. 64",https://www.congress.gov/congressional-record/volume-162/issue-64/house-section/article/H1989-3,04/26/2016,,162,64,H1989
"WE MUST SERVE OUR VETERANS AS THEY HAVE SERVED US; Congressional Record Vol. 161, No. 164",https://www.congress.gov/congressional-record/volume-161/issue-164/house-section/article/H7630-1,11/04/2015,,161,164,H7630
"RECOGNIZING CONTRIBUTIONS OF THE COALITION TO SALUTE AMERICA'S HEROES; Congressional Record Vol. 159, No. 172",https://www.congress.gov/congressional-record/volume-159/issue-172/extensions-of-remarks-section/article/E1807-4,12/05/2013,,159,172,E1807
"HONORING STANLEY WELCH ON THE OCCASION OF HIS RETIREMENT; Congressional Record Vol. 157, No. 119",https://www.congress.gov/congressional-record/volume-157/issue-119/extensions-of-remarks-section/article/E1460-1,08/01/2011,,157,119,E1460
"REMEMBERING DR. DOROTHY HEIGHT; Congressional Record Vol. 156, No. 56",https://www.congress.gov/congressional-record/volume-156/issue-56/house-section/article/H2677-1,04/20/2010,,156,56,H2677
"AGRICULTURE RURAL DEVELOPMENT, FOOD AND DRUG ADMINISTRATION, AND RELATED AGENCIES APPROPRIATIONS ACT, 2010; Congressional Record Vol. 155, No. 102",https://www.congress.gov/congressional-record/volume-155/issue-102/extensions-of-remarks-section/article/E1695-2,07/09/2009,,155,102,E1695
"CONTINUATION OF RELIEF RESPONSE TO EARTHQUAKE IN SOUTH ASIA; Congressional Record Vol. 152, No. 7",https://www.congress.gov/congressional-record/volume-152/issue-7/senate-section/article/S252-3,01/27/2006,,152,7,S252
"THE INCREASED MENTAL HEALTH NEEDS OF OUR RETURNING SOLDIERS AND VETERANS; Congressional Record Vol. 150, No. 130",https://www.congress.gov/congressional-record/volume-150/issue-130/extensions-of-remarks-section/article/E1965-2,10/11/2004,,150,130,E1965
"WHY WE HAVE COCAINE IN SOUTH CENTRAL LOS ANGELES; Congressional Record Vol. 142, No. 128",https://www.congress.gov/congressional-record/volume-142/issue-128/house-section/article/H10437-1,09/17/1996,,142,128,H10437
"TRIBUTE TO RECIPIENTS OF GIRL SCOUT GOLD AWARD; Congressional Record Vol. 142, No. 125",https://www.congress.gov/congressional-record/volume-142/issue-125/extensions-of-remarks-section/article/E1591-1,09/12/1996,,142,125,E1591
"KIP TIERNAN TO BE HONORED ON HER 70TH BIRTHDAY FOR HER MANY ACHIEVEMENTS; Congressional Record Vol. 142, No. 87",https://www.congress.gov/congressional-record/volume-142/issue-87/extensions-of-remarks-section/article/E1087-5,06/13/1996,,142,87,E1087
"TRIBUTE TO THE BEACH HOUSE; Congressional Record Vol. 142, No. 77",https://www.congress.gov/congressional-record/volume-142/issue-77/extensions-of-remarks-section/article/E961-2,05/30/1996,,142,77,E961
"DEPARTMENTS OF VETERANS AFFAIRS AND HOUSING AND URBAN DEVELOPMENT, AND INDEPENDENT AGENCIES APPROPRIATIONS ACT, 1996; Congressional Record Vol. 141, No. 124",https://www.congress.gov/congressional-record/volume-141/issue-124/extensions-of-remarks-section/article/E1554-2,07/28/1995,,141,124,E1554
,https://www.congress.gov/bound-congressional-record/1990/10/25/136/daily-digest/article/769-776,10/25/1990,,136,,769-776
"SCHOOL READINESS ACT OF 2003; Congressional Record Vol. 149, No. 111",https://www.congress.gov/congressional-record/volume-149/issue-111/house-section/article/H7546-2,07/24/2003,,149,111,H7546
"STATEMENTS ON INTRODUCED BILLS AND JOINT RESOLUTIONS; Congressional Record Vol. 169, No. 75",https://www.congress.gov/congressional-record/volume-169/issue-75/senate-section/article/S1507-1,05/03/2023,,169,75,S1507
"VERMONT STATE OF THE UNION ESSAY CONTEST FINALISTS; Congressional Record Vol. 169, No. 21",https://www.congress.gov/congressional-record/volume-169/issue-21/senate-section/article/S195-1,02/01/2023,,169,21,S195
"Text of Senate Amendment 5300; Congressional Record Vol. 168, No. 133",https://www.congress.gov/congressional-record/volume-168/issue-133/senate-section/article/S4306-1,08/06/2022,,168,133,S4306
"TEXT OF AMENDMENTS; Congressional Record Vol. 154, No. 153",https://www.congress.gov/congressional-record/volume-154/issue-153/senate-section/article/S9519-2,09/25/2008,,154,153,S9519
"PERSONAL EXPLANATION; Congressional Record Vol. 154, No. 7",https://www.congress.gov/congressional-record/volume-154/issue-7/house-section/article/H329-1,01/17/2008,,154,7,H329
,https://www.congress.gov/bound-congressional-record/1987/03/24/133/senate-section/article/6634-6705,03/24/1987,,133,,6634-6705
"DEPARTMENT OF VETERANS AFFAIRS REAL PROPERTY AND FACILITIES MANAGEMENT IMPROVEMENT ACT OF 2004; Congressional Record Vol. 150, No. 128",https://www.congress.gov/congressional-record/volume-150/issue-128/senate-section/article/S10997-1,10/09/2004,,150,128,S10997
"TEN RADICAL FAILED POLICIES OF GOVERNOR NEWSOM; Congressional Record Vol. 171, No. 97",https://www.congress.gov/congressional-record/volume-171/issue-97/house-section/article/H2522-1,06/06/2025,,171,97,H2522
"CONFERENCE REPORT ON S. 1177, STUDENT SUCCESS ACT; Congressional Record Vol. 161, No. 172",https://www.congress.gov/congressional-record/volume-161/issue-172/house-section/article/H8444-1,11/30/2015,,161,172,H8444
,https://www.congress.gov/bound-congressional-record/1992/02/04/138/senate-section/article/1303-1394,02/04/1992,,138,,1303-1394
"VETERANS' MILLENNIUM HEALTH CARE ACT--CONFERENCE REPORT; Congressional Record Vol. 145, No. 165",https://www.congress.gov/congressional-record/volume-145/issue-165/senate-section/article/S14904-2,11/19/1999,,145,165,S14904
"TRIBUTE TO SECRETARY OF VETERANS AFFAIRS JESSE BROWN; Congressional Record Vol. 143, No. 91",https://www.congress.gov/congressional-record/volume-143/issue-91/house-section/article/H4624-1,06/25/1997,,143,91,H4624
"Daily Digest/Senate; Congressional Record Vol. 149, No. 136",https://www.congress.gov/congressional-record/volume-149/issue-136/daily-digest/article/D1063-1,09/30/2003,,149,136,D1063
"Daily Digest/House Committee Meetings; Congressional Record Vol. 171, No. 41",https://www.congress.gov/congressional-record/volume-171/issue-41/daily-digest/article/D216-1,03/04/2025,,171,41,D216
"Text of Senate Amendment 4791; Congressional Record Vol. 167, No. 201",https://www.congress.gov/congressional-record/volume-167/issue-201/senate-section/article/S8461-2,11/18/2021,,167,201,S8461
"Daily Digest/Senate; Congressional Record Vol. 167, No. 199",https://www.congress.gov/congressional-record/volume-167/issue-199/daily-digest/article/D1265-1,11/16/2021,,167,199,D1265
"HONORING MICHAEL K. CLARKE; Congressional Record Vol. 164, No. 92",https://www.congress.gov/congressional-record/volume-164/issue-92/extensions-of-remarks-section/article/E763-3,06/05/2018,,164,92,E763
"PUBLIC BILLS AND RESOLUTIONS; Congressional Record Vol. 162, No. 90",https://www.congress.gov/congressional-record/volume-162/issue-90/house-section/article/H3563-2,06/08/2016,,162,90,H3563
"Daily Digest/House of Representatives; Congressional Record Vol. 161, No. 76",https://www.congress.gov/congressional-record/volume-161/issue-76/daily-digest/article/D557-2,05/18/2015,,161,76,D557
"WOMEN'S HISTORY MONTH; Congressional Record Vol. 159, No. 42",https://www.congress.gov/congressional-record/volume-159/issue-42/senate-section/article/S2141-2,03/21/2013,,159,42,S2141
"EARMARK DECLARATION; Congressional Record Vol. 155, No. 114",https://www.congress.gov/congressional-record/volume-155/issue-114/extensions-of-remarks-section/article/E2012-2,07/27/2009,,155,114,E2012
"EXECUTIVE AND OTHER COMMUNICATIONS; Congressional Record Vol. 153, No. 85",https://www.congress.gov/congressional-record/volume-153/issue-85/senate-section/article/S6548-2,05/23/2007,,153,85,S6548
"IN RECOGNITION OF THE FOURTH ANNUAL CELEBRATION OF WOMEN IN THE LAW; Congressional Record Vol. 151, No. 76",https://www.congress.gov/congressional-record/volume-151/issue-76/extensions-of-remarks-section/article/E1190-4,06/09/2005,,151,76,E1190
"MISSION ACCOMPLISHED, I THINK NOT; Congressional Record Vol. 150, No. 60",https://www.congress.gov/congressional-record/volume-150/issue-60/house-section/article/H2527-3,05/04/2004,,150,60,H2527
"Daily Digest/House Committee Meetings; Congressional Record Vol. 149, No. 73",https://www.congress.gov/congressional-record/volume-149/issue-73/daily-digest/article/D540-1,05/15/2003,,149,73,D540
"Daily Digest/Senate; Congressional Record Vol. 148, No. 16",https://www.congress.gov/congressional-record/volume-148/issue-16/daily-digest/article/D116-1,02/25/2002,,148,16,D116
"THE HOUSE THE SENATE BUILT; Congressional Record Vol. 146, No. 71",https://www.congress.gov/congressional-record/volume-146/issue-71/senate-section/article/S4929-1,06/09/2000,,146,71,S4929
"Introductory Statement on S. 1810; Congressional Record Vol. 145, No. 148",https://www.congress.gov/congressional-record/volume-145/issue-148/senate-section/article/S13272-1,10/27/1999,,145,148,S13272
"CLOSING THOUGHTS; Congressional Record Vol. 144, No. 150",https://www.congress.gov/congressional-record/volume-144/issue-150/house-section/article/H11690-3,10/20/1998,,144,150,H11690
"EXECUTIVE COMMUNICATIONS, ETC.; Congressional Record Vol. 143, No. 91",https://www.congress.gov/congressional-record/volume-143/issue-91/house-section/article/H4644-7,06/25/1997,,143,91,H4644
"MENTAL HEALTH AMENDMENT; Congressional Record Vol. 142, No. 86",https://www.congress.gov/congressional-record/volume-142/issue-86/senate-section/article/S6115-3,06/12/1996,,142,86,S6115
"CRISIS OF MENTAL HEALTH AND GUN VIOLENCE; Congressional Record Vol. 169, No. 17",https://www.congress.gov/congressional-record/volume-169/issue-17/house-section/article/H343-3,01/26/2023,,169,17,H343
"END HUNGER NOW--DC CENTRAL KITCHEN; Congressional Record Vol. 163, No. 86",https://www.congress.gov/congressional-record/volume-163/issue-86/house-section/article/H4315-4,05/18/2017,,163,86,H4315
"END THE TRAVESTY AND DO WHAT'S RIGHT; Congressional Record Vol. 159, No. 139",https://www.congress.gov/congressional-record/volume-159/issue-139/house-section/article/H6354-2,10/08/2013,,159,139,H6354
"NATIONAL GUARD AND RESERVISTS DEBT RELIEF ACT OF 2008; Congressional Record Vol. 154, No. 106",https://www.congress.gov/congressional-record/volume-154/issue-106/extensions-of-remarks-section/article/E1345-3,06/25/2008,,154,106,E1345
"TRIBUTE TO HENRY G. ATHA; Congressional Record Vol. 150, No. 133",https://www.congress.gov/congressional-record/volume-150/issue-133/extensions-of-remarks-section/article/E2054-2,11/18/2004,,150,133,E2054
"TRIBUTE TO BEA GADDY: A POINT OF LIGHT, A BEACON OF HOPE; Congressional Record Vol. 147, No. 139",https://www.congress.gov/congressional-record/volume-147/issue-139/house-section/article/H6876-1,10/16/2001,,147,139,H6876
"VOICES AGAINST VIOLENCE CONFERENCE; Congressional Record Vol. 145, No. 142",https://www.congress.gov/congressional-record/volume-145/issue-142/house-section/article/H10333-1,10/19/1999,,145,142,H10333
"H.R. 2116, THE VETERANS' MILLENNIUM HEALTH CARE ACT; Congressional Record Vol. 145, No. 84",https://www.congress.gov/congressional-record/volume-145/issue-84/house-section/article/H4228-1,06/15/1999,,145,84,H4228
"TRANSITION TO ADULTHOOD PROGRAM (TAP) ACT; Congressional Record Vol. 145, No. 24",https://www.congress.gov/congressional-record/volume-145/issue-24/extensions-of-remarks-section/article/E192-2,02/10/1999,,145,24,E192
"RECOGNIZING COLORADO'S FRONT RANGE CONTINUUM OF CARE; Congressional Record Vol. 144, No. 46",https://www.congress.gov/congressional-record/volume-144/issue-46/extensions-of-remarks-section/article/E652-2,04/23/1998,,144,46,E652
"NATIONAL HISTORIC LIGHTHOUSE PRESERVATION ACT; Congressional Record Vol. 144, No. 7",https://www.congress.gov/congressional-record/volume-144/issue-7/extensions-of-remarks-section/article/E120-2,02/05/1998,,144,7,E120
"THE NATIONAL HISTORIC PRESERVATION ACT; Congressional Record Vol. 143, No. 157",https://www.congress.gov/congressional-record/volume-143/issue-157/extensions-of-remarks-section/article/E2278-1,11/09/1997,,143,157,E2278
"PUBLIC HOUSING TENANT INTEGRITY ACT OF 1977; Congressional Record Vol. 143, No. 1",https://www.congress.gov/congressional-record/volume-143/issue-1/extensions-of-remarks-section/article/E17-4,01/07/1997,,143,1,E17
"TEXT OF AMENDMENTS; Congressional Record Vol. 171, No. 145",https://www.congress.gov/congressional-record/volume-171/issue-145/senate-section/article/S6334-1,09/04/2025,,171,145,S6334
"INCREASING THE WAIVER REQUIREMENT FOR CERTAIN LOCAL MATCHING REQUIREMENTS TO AMERICAN SAMOA, GUAM, THE VIRGIN ISLANDS, OR THE COMMONWEALTH OF THE NORTHERN MARIANA ISLANDS; Congressional Record Vol. 149, No. 174",https://www.congress.gov/congressional-record/volume-149/issue-174/extensions-of-remarks-section/article/E2456-3,11/25/2003,,149,174,E2456
"DRUG COMPETITION ACT; Congressional Record Vol. 146, No. 100",https://www.congress.gov/congressional-record/volume-146/issue-100/senate-section/article/S7908-1,07/27/2000,,146,100,S7908
"Daily Digest/Senate Committee Meetings; Congressional Record Vol. 167, No. 109",https://www.congress.gov/congressional-record/volume-167/issue-109/daily-digest/article/D687-1,06/23/2021,,167,109,D687
"CONSTITUENT COMMENTS ON SOBER LIVING HOME PROBLEMS; Congressional Record Vol. 164, No. 171",https://www.congress.gov/congressional-record/volume-164/issue-171/extensions-of-remarks-section/article/E1409-1,10/16/2018,,164,171,E1409
"PAKISTAN'S RECOVERY FROM EARTHQUAKES; Congressional Record Vol. 151, No. 154",https://www.congress.gov/congressional-record/volume-151/issue-154/senate-section/article/S13308-1,11/18/2005,,151,154,S13308
"Daily Digest/Highlights + Senate; Congressional Record Vol. 144, No. 95",https://www.congress.gov/congressional-record/volume-144/issue-95/daily-digest/article/D771-1,07/16/1998,,144,95,D771
"MILITARY CONSTRUCTION AND VETERANS AFFAIRS AND RELATED AGENCIES APPROPRIATIONS ACT, 2015; Congressional Record Vol. 160, No. 63",https://www.congress.gov/congressional-record/volume-160/issue-63/house-section/article/H3308-2,04/30/2014,,160,63,H3308
,https://www.congress.gov/bound-congressional-record/1989/04/26/135/house-section/article/7483-7546,04/26/1989,,135,,7483-7546
"Daily Digest/Highlights + Senate; Congressional Record Vol. 147, No. 112",https://www.congress.gov/congressional-record/volume-147/issue-112/daily-digest/article/D845-1,08/03/2001,,147,112,D845
"WELFARE REFORM; Congressional Record Vol. 145, No. 96",https://www.congress.gov/congressional-record/volume-145/issue-96/senate-section/article/S8073-1,07/01/1999,,145,96,S8073
,https://www.congress.gov/bound-congressional-record/1990/10/12/136/senate-section/article/28801-28999,10/12/1990,,136,,28801-28999
"Issues Facing America (Executive Session); Congressional Record Vol. 167, No. 23",https://www.congress.gov/congressional-record/volume-167/issue-23/senate-section/article/S567-1,02/08/2021,,167,23,S567
"PEER SUPPORT COUNSELING PROGRAM FOR WOMEN VETERANS; Congressional Record Vol. 164, No. 98",https://www.congress.gov/congressional-record/volume-164/issue-98/house-section/article/H5137-1,06/13/2018,,164,98,H5137
"Daily Digest/Senate Committee Meetings; Congressional Record Vol. 159, No. 107",https://www.congress.gov/congressional-record/volume-159/issue-107/daily-digest/article/D759-1,07/24/2013,,159,107,D759
"EARMARK DECLARATION; Congressional Record Vol. 154, No. 86",https://www.congress.gov/congressional-record/volume-154/issue-86/extensions-of-remarks-section/article/E1071-4,05/23/2008,,154,86,E1071
"PUBLIC BILLS AND RESOLUTIONS; Congressional Record Vol. 153, No. 116",https://www.congress.gov/congressional-record/volume-153/issue-116/house-section/article/H8184-2,07/19/2007,,153,116,H8184
"NATIVE AMERICAN HOUSING ASSISTANCE AND SELF-DETERMINATION REAUTHORIZATION ACT OF 2002; Congressional Record Vol. 148, No. 129",https://www.congress.gov/congressional-record/volume-148/issue-129/senate-section/article/S9997-1,10/04/2002,,148,129,S9997
"Introductory Statement on S. 2141; Congressional Record Vol. 142, No. 136",https://www.congress.gov/congressional-record/volume-142/issue-136/senate-section/article/S11546-1,09/27/1996,,142,136,S11546
,https://www.congress.gov/bound-congressional-record/1987/03/04/133/daily-digest/article/107-114,03/04/1987,,133,,107-114
,https://www.congress.gov/bound-congressional-record/1988/10/20/134/daily-digest/article/764-770,10/20/1988,,134,,764-770
"CRISIS AT THE BORDER; Congressional Record Vol. 168, No. 70",https://www.congress.gov/congressional-record/volume-168/issue-70/house-section/article/H4603-4,04/28/2022,,168,70,H4603
"CATCH THE BUS OF OPPORTUNITY; Congressional Record Vol. 151, No. 76",https://www.congress.gov/congressional-record/volume-151/issue-76/house-section/article/H4336-1,06/09/2005,,151,76,H4336
"TEXT OF AMENDMENTS; Congressional Record Vol. 161, No. 171",https://www.congress.gov/congressional-record/volume-161/issue-171/senate-section/article/S8167-2,11/19/2015,,161,171,S8167
"THE 25TH SILVER ANNIVERSARY OF THE CONGRESSIONAL BLACK CAUCUS VETERANS BRAINTRUST; Congressional Record Vol. 160, No. 37",https://www.congress.gov/congressional-record/volume-160/issue-37/extensions-of-remarks-section/article/E310-5,03/05/2014,,160,37,E310
"E. CLAY SHAW JR. MISSING CHILDREN'S ASSISTANCE REAUTHORIZATION ACT OF 2013; Congressional Record Vol. 159, No. 122",https://www.congress.gov/congressional-record/volume-159/issue-122/house-section/article/H5569-1,09/17/2013,,159,122,H5569
"Mr. COLE of Oklahoma. Mr. Speaker, I would like to yield such time as he might care to consume to my good friend from Georgia (Mr. Price).; Congressional Record Vol. 154, No. 146",https://www.congress.gov/congressional-record/volume-154/issue-146/house-section/article/H8064-1,09/15/2008,,154,146,H8064
"SOCIAL SECURITY, WOMEN'S HISTORY MONTH, AND PREVENTING RECIDIVISM; Congressional Record Vol. 148, No. 23",https://www.congress.gov/congressional-record/volume-148/issue-23/house-section/article/H728-1,03/06/2002,,148,23,H728
"FEMA ACCOUNTABILITY ACT OF 2007; Congressional Record Vol. 154, No. 157",https://www.congress.gov/congressional-record/volume-154/issue-157/house-section/article/H10615-4,09/29/2008,,154,157,H10615
"VETERANS BENEFITS ACT OF 2001; Congressional Record Vol. 147, No. 171",https://www.congress.gov/congressional-record/volume-147/issue-171/house-section/article/H9121-1,12/11/2001,,147,171,H9121
"CONDEMNING THE ACTIONS OF SEPTEMBER 7, 2007, RESULTING IN DAMAGE TO THE VIETNAM VETERANS WAR MEMORIAL; Congressional Record Vol. 153, No. 161",https://www.congress.gov/congressional-record/volume-153/issue-161/house-section/article/H11879-1,10/23/2007,,153,161,H11879
"STATEMENTS ON INTRODUCED BILLS AND JOINT RESOLUTIONS; Congressional Record Vol. 151, No. 132",https://www.congress.gov/congressional-record/volume-151/issue-132/senate-section/article/S11478-1,10/18/2005,,151,132,S11478
"TRIBUTE TO JOSEPH P. KENNEDY, II, MEMBER OF CONGRESS; Congressional Record Vol. 144, No. 144",https://www.congress.gov/congressional-record/volume-144/issue-144/house-section/article/H10654-1,10/12/1998,,144,144,H10654
"JULIA M. CARSON POST OFFICE BUILDING; Congressional Record Vol. 154, No. 56",https://www.congress.gov/congressional-record/volume-154/issue-56/house-section/article/H2083-1,04/09/2008,,154,56,H2083
"Daily Digest/Senate; Congressional Record Vol. 158, No. 159",https://www.congress.gov/congressional-record/volume-158/issue-159/daily-digest/article/D1021-1,12/11/2012,,158,159,D1021
"ADDITIONAL COSPONSORS; Congressional Record Vol. 158, No. 101",https://www.congress.gov/congressional-record/volume-158/issue-101/senate-section/article/S4789-5,07/09/2012,,158,101,S4789
"Daily Digest/Highlights + Senate; Congressional Record Vol. 170, No. 178",https://www.congress.gov/congressional-record/volume-170/issue-178/daily-digest/article/D1088-1,12/03/2024,,170,178,D1088
"HONORING ALICIA AGUIRRE; Congressional Record Vol. 170, No. 174",https://www.congress.gov/congressional-record/volume-170/issue-174/extensions-of-remarks-section/article/E1192-1,11/22/2024,,170,174,E1192
"Daily Digest/House Committee Meetings; Congressional Record Vol. 168, No. 21",https://www.congress.gov/congressional-record/volume-168/issue-21/daily-digest/article/D111-1,02/02/2022,,168,21,D111
"Text of Senate Amendment 3896; Congressional Record Vol. 167, No. 188",https://www.congress.gov/congressional-record/volume-167/issue-188/senate-section/article/S7380-1,10/26/2021,,167,188,S7380
"Text of Senate Amendment 3895; Congressional Record Vol. 167, No. 188",https://www.congress.gov/congressional-record/volume-167/issue-188/senate-section/article/S7379-3,10/26/2021,,167,188,S7379
"Daily Digest/House of Representatives; Congressional Record Vol. 166, No. 213",https://www.congress.gov/congressional-record/volume-166/issue-213/daily-digest/article/D1096-1,12/16/2020,,166,213,D1096
"SENATE RESOLUTION 462--SUPPORTING THE GOALS AND IDEALS OF NATIONAL PUBLIC HEALTH WEEK; Congressional Record Vol. 164, No. 59",https://www.congress.gov/congressional-record/volume-164/issue-59/senate-section/article/S2127-1,04/12/2018,,164,59,S2127
"DACA = DEMS AGAINST COMMON AMERICANS; Congressional Record Vol. 164, No. 18",https://www.congress.gov/congressional-record/volume-164/issue-18/extensions-of-remarks-section/article/E98-3,01/25/2018,,164,18,E98
"ADDITIONAL COSPONSORS; Congressional Record Vol. 163, No. 199",https://www.congress.gov/congressional-record/volume-163/issue-199/senate-section/article/S7891-9,12/06/2017,,163,199,S7891
"LOUISIANA UPDATE; Congressional Record Vol. 162, No. 134",https://www.congress.gov/congressional-record/volume-162/issue-134/house-section/article/H5106-1,09/07/2016,,162,134,H5106
"Daily Digest/Senate; Congressional Record Vol. 162, No. 77",https://www.congress.gov/congressional-record/volume-162/issue-77/daily-digest/article/D508-1,05/16/2016,,162,77,D508
"STUDENT SUCCESS ACT; Congressional Record Vol. 159, No. 105",https://www.congress.gov/congressional-record/volume-159/issue-105/extensions-of-remarks-section/article/E1111-1,07/22/2013,,159,105,E1111
"MILITARY CONSTRUCTION AND VETERANS AFFAIRS AND RELATED AGENCIES APPROPRIATIONS ACT, 2013; Congressional Record Vol. 158, No. 81",https://www.congress.gov/congressional-record/volume-158/issue-81/extensions-of-remarks-section/article/E963-1,06/01/2012,,158,81,E963
"Daily Digest/COMMITTEE MEETINGS FOR 2011-12-15; Congressional Record Vol. 157, No. 192",https://www.congress.gov/congressional-record/volume-157/issue-192/daily-digest/article/D1364-2,12/14/2011,,157,192,D1364
"DEBT AND RESPONSIBILITY; Congressional Record Vol. 157, No. 103",https://www.congress.gov/congressional-record/volume-157/issue-103/house-section/article/H4858-1,07/12/2011,,157,103,H4858
"HUNGER PROVISIONS IN THE FARM BILL; Congressional Record Vol. 153, No. 192",https://www.congress.gov/congressional-record/volume-153/issue-192/senate-section/article/S15641-1,12/14/2007,,153,192,S15641
"IN RECOGNITION OF RETHA FISHER'S RETIREMENT; Congressional Record Vol. 152, No. 55",https://www.congress.gov/congressional-record/volume-152/issue-55/senate-section/article/S4210-2,05/09/2006,,152,55,S4210
"ENROLLED BILLS SIGNED; Congressional Record Vol. 146, No. 131",https://www.congress.gov/congressional-record/volume-146/issue-131/house-section/article/H10254-3,10/18/2000,,146,131,H10254
"FOSTER CARE INDEPENDENCE ACT; Congressional Record Vol. 145, No. 167",https://www.congress.gov/congressional-record/volume-145/issue-167/senate-section/article/S15227-2,12/03/1999,,145,167,S15227
"ADDITIONAL STATEMENTS; Congressional Record Vol. 143, No. 29",https://www.congress.gov/congressional-record/volume-143/issue-29/senate-section/article/S2091-2,03/10/1997,,143,29,S2091
"PUBLIC BILLS AND RESOLUTIONS; Congressional Record Vol. 142, No. 103",https://www.congress.gov/congressional-record/volume-142/issue-103/house-section/article/H7532-2,07/12/1996,,142,103,H7532
"VETERANS BENEFITS IMPROVEMENT ACT OF 1998; Congressional Record Vol. 144, No. 151",https://www.congress.gov/congressional-record/volume-144/issue-151/senate-section/article/S12918-1,10/21/1998,,144,151,S12918
"RECOGNIZING THE HONORABLE ANNE OLIVA AS SHE ENDS HER TERM OF SERVICE ON THE MILLBRAE CITY COUNCIL; Congressional Record Vol. 168, No. 193",https://www.congress.gov/congressional-record/volume-168/issue-193/extensions-of-remarks-section/article/E1269-5,12/13/2022,,168,193,E1269
"SENATE RESOLUTION 647--RECOGNIZING THE FORTHCOMING CENTENNIAL OF THE 1921 TULSA RACE MASSACRE; Congressional Record Vol. 166, No. 122",https://www.congress.gov/congressional-record/volume-166/issue-122/senate-section/article/S4231-2,07/02/2020,,166,122,S4231
"MENTAL ILLNESS AND GUN VIOLENCE; Congressional Record Vol. 161, No. 178",https://www.congress.gov/congressional-record/volume-161/issue-178/house-section/article/H9086-1,12/09/2015,,161,178,H9086
"MILITARY CONSTRUCTION AND VETERANS AFFAIRS AND RELATED AGENCIES APPROPRIATIONS ACT, 2015; Congressional Record Vol. 160, No. 64",https://www.congress.gov/congressional-record/volume-160/issue-64/extensions-of-remarks-section/article/E653-2,05/01/2014,,160,64,E653
"Vote on Gibson Nomination (Executive Session); Congressional Record Vol. 160, No. 25",https://www.congress.gov/congressional-record/volume-160/issue-25/senate-section/article/S885-3,02/11/2014,,160,25,S885
"HONORING THE RECIPIENTS OF THE CAMDEN COUNTY FREEDOM MEDAL; Congressional Record Vol. 156, No. 15",https://www.congress.gov/congressional-record/volume-156/issue-15/extensions-of-remarks-section/article/E122-3,02/02/2010,,156,15,E122
"HONORING OUR VETERANS; Congressional Record Vol. 153, No. 174",https://www.congress.gov/congressional-record/volume-153/issue-174/house-section/article/H13513-1,11/09/2007,,153,174,H13513
"IN TRIBUTE TO THE WORK OF ANA PEIERA; Congressional Record Vol. 152, No. 56",https://www.congress.gov/congressional-record/volume-152/issue-56/extensions-of-remarks-section/article/E787-2,05/10/2006,,152,56,E787
"SENATE RESOLUTION 274--EXPRESSING SYMPATHY AND PLEDGING THE SUPPORT OF THE SENATE AND THE AMERICAN PEOPLE TO THE VICTIMS OF THE DEVASTATING EARTHQUAKE THAT STRUCK SOUTH ASIA AND CAUSED THE SEVERE...; Congressional Record Vol. 151, No. 131",https://www.congress.gov/congressional-record/volume-151/issue-131/senate-section/article/S11440-1,10/17/2005,,151,131,S11440
"DISASTER ASSISTANCE; Congressional Record Vol. 150, No. 116",https://www.congress.gov/congressional-record/volume-150/issue-116/senate-section/article/S9607-1,09/23/2004,,150,116,S9607
"HONORING THE LIFE OF JAMES (JIM) C. BENFIELD; Congressional Record Vol. 148, No. 148",https://www.congress.gov/congressional-record/volume-148/issue-148/extensions-of-remarks-section/article/E2047-4,11/15/2002,,148,148,E2047
"HONORING THE BEST OF RESTON AWARD WINNERS FOR 1998; Congressional Record Vol. 144, No. 50",https://www.congress.gov/congressional-record/volume-144/issue-50/extensions-of-remarks-section/article/E697-2,04/29/1998,,144,50,E697
"TYPHOON PAKA; Congressional Record Vol. 144, No. 1",https://www.congress.gov/congressional-record/volume-144/issue-1/house-section/article/H22-8,01/27/1998,,144,1,H22
"ANCHOR CONNECTION'S HEROISM ON THE FRONT LINES OF AMERICA'S DRUG WAR IS RIGHTFULLY HONORED; Congressional Record Vol. 143, No. 34",https://www.congress.gov/congressional-record/volume-143/issue-34/extensions-of-remarks-section/article/E488-2,03/17/1997,,143,34,E488
"IMPACT OF REPUBLICAN BUDGET CUTS ON RURAL AMERICA; Congressional Record Vol. 141, No. 165",https://www.congress.gov/congressional-record/volume-141/issue-165/house-section/article/H10698-1,10/24/1995,,141,165,H10698
,https://www.congress.gov/bound-congressional-record/1988/03/24/134/house-section/article/5109-5122,03/24/1988,,134,,5109-5122
"FAITH-BASED INITIATIVES; Congressional Record Vol. 147, No. 87",https://www.congress.gov/congressional-record/volume-147/issue-87/house-section/article/H3452-1,06/21/2001,,147,87,H3452
"ACCOMPLISHMENT OF THE HEALTH CENTER PROGRAMS; Congressional Record Vol. 143, No. 148",https://www.congress.gov/congressional-record/volume-143/issue-148/house-section/article/H9713-7,10/29/1997,,143,148,H9713
"Text of Senate Amendment 6604; Congressional Record Vol. 168, No. 199",https://www.congress.gov/congressional-record/volume-168/issue-199/senate-section/article/S10008-4,12/21/2022,,168,199,S10008
,https://www.congress.gov/bound-congressional-record/1992/05/14/138/daily-digest/article/281-289,05/14/1992,,138,,281-289
,https://www.congress.gov/bound-congressional-record/1991/05/09/137/daily-digest/article/163-173,05/09/1991,,137,,163-173
"STATEMENTS ON INTRODUCED BILLS AND JOINT RESOLUTION; Congressional Record Vol. 167, No. 105",https://www.congress.gov/congressional-record/volume-167/issue-105/senate-section/article/S4592-1,06/16/2021,,167,105,S4592
"Text of Senate Amendment 1381; Congressional Record Vol. 167, No. 42",https://www.congress.gov/congressional-record/volume-167/issue-42/senate-section/article/S1394-1,03/05/2021,,167,42,S1394
"Text of Senate Amendment 1380; Congressional Record Vol. 167, No. 42",https://www.congress.gov/congressional-record/volume-167/issue-42/senate-section/article/S1390-2,03/05/2021,,167,42,S1390
,https://www.congress.gov/bound-congressional-record/1987/06/09/133/extensions-of-remarks-section/article/15104-15120,06/09/1987,,133,,15104-15120
"Daily Digest/House Committee Meetings; Congressional Record Vol. 153, No. 145",https://www.congress.gov/congressional-record/volume-153/issue-145/daily-digest/article/D1283-1,09/27/2007,,153,145,D1283
"BILLS PRESENTED TO THE PRESIDENT; Congressional Record Vol. 146, No. 132",https://www.congress.gov/congressional-record/volume-146/issue-132/house-section/article/H10469-6,10/19/2000,,146,132,H10469
"HONORING THE MEMORY OF NANCY PALMER; Congressional Record Vol. 169, No. 198",https://www.congress.gov/congressional-record/volume-169/issue-198/house-section/article/H6071-1,12/01/2023,,169,198,H6071
"SENATE RESOLUTION 230--RECOGNIZING THE 102ND ANNIVERSARY OF THE 1921 TULSA RACE MASSACRE; Congressional Record Vol. 169, No. 93",https://www.congress.gov/congressional-record/volume-169/issue-93/senate-section/article/S1848-3,05/31/2023,,169,93,S1848
"CHANGING THE CHILD WELFARE SYSTEM FROM INSIDE; Congressional Record Vol. 168, No. 106",https://www.congress.gov/congressional-record/volume-168/issue-106/house-section/article/H5740-1,06/22/2022,,168,106,H5740
"ADDITIONAL STATEMENTS; Congressional Record Vol. 167, No. 72",https://www.congress.gov/congressional-record/volume-167/issue-72/senate-section/article/S2221-4,04/27/2021,,167,72,S2221
"SENATE RESOLUTION 104--RECOGNIZING THE CENTENNIAL OF THE 1921 TULSA RACE MASSACRE; Congressional Record Vol. 167, No. 45",https://www.congress.gov/congressional-record/volume-167/issue-45/senate-section/article/S1472-1,03/10/2021,,167,45,S1472
"Daily Digest/Senate; Congressional Record Vol. 165, No. 182",https://www.congress.gov/congressional-record/volume-165/issue-182/daily-digest/article/D1246-1,11/14/2019,,165,182,D1246
"INTRODUCTION OF BILLS AND JOINT RESOLUTIONS; Congressional Record Vol. 165, No. 177",https://www.congress.gov/congressional-record/volume-165/issue-177/senate-section/article/S6447-3,11/06/2019,,165,177,S6447
"ADDITIONAL COSPONSORS; Congressional Record Vol. 165, No. 18",https://www.congress.gov/congressional-record/volume-165/issue-18/senate-section/article/S743-1,01/29/2019,,165,18,S743
"END HUNGER NOW; Congressional Record Vol. 162, No. 176",https://www.congress.gov/congressional-record/volume-162/issue-176/house-section/article/H7278-2,12/07/2016,,162,176,H7278
"Daily Digest/House Committee Meetings; Congressional Record Vol. 162, No. 101",https://www.congress.gov/congressional-record/volume-162/issue-101/daily-digest/article/D710-1,06/23/2016,,162,101,D710
"TRANSPORTATION-HUD APPROPRIATIONS BILL; Congressional Record Vol. 161, No. 171",https://www.congress.gov/congressional-record/volume-161/issue-171/senate-section/article/S8124-2,11/19/2015,,161,171,S8124
"INTRODUCTION OF BILLS AND JOINT RESOLUTIONS; Congressional Record Vol. 161, No. 167",https://www.congress.gov/congressional-record/volume-161/issue-167/senate-section/article/S7912-2,11/10/2015,,161,167,S7912
"Daily Digest/COMMITTEE MEETINGS FOR 2015-06-03; Congressional Record Vol. 161, No. 87",https://www.congress.gov/congressional-record/volume-161/issue-87/daily-digest/article/D634-2,06/02/2015,,161,87,D634
"HELPING FAMILIES IN MENTAL HEALTH CRISIS ACT; Congressional Record Vol. 160, No. 117",https://www.congress.gov/congressional-record/volume-160/issue-117/house-section/article/H6749-5,07/24/2014,,160,117,H6749
"RESIGNATION OF VA SECRETARY SHINSEKI; Congressional Record Vol. 160, No. 83",https://www.congress.gov/congressional-record/volume-160/issue-83/house-section/article/H5059-5,05/30/2014,,160,83,H5059
"RECOGNIZING JAMES M. ``JIM'' SCOTT ON HIS RETIREMENT AFTER FOUR DECADES OF PUBLIC SERVICE; Congressional Record Vol. 159, No. 150",https://www.congress.gov/congressional-record/volume-159/issue-150/extensions-of-remarks-section/article/E1572-2,10/24/2013,,159,150,E1572
"INVESTING IN AMERICA'S PEOPLE; Congressional Record Vol. 159, No. 140",https://www.congress.gov/congressional-record/volume-159/issue-140/house-section/article/H6421-1,10/09/2013,,159,140,H6421
"DEALING WITH MENTAL HEALTH ISSUES; Congressional Record Vol. 159, No. 124",https://www.congress.gov/congressional-record/volume-159/issue-124/house-section/article/H5657-5,09/19/2013,,159,124,H5657
"RICH IN LAUGHTER IN HONOR OF RICH LITTLE AND HIS GIFTS TO AMERICA AND OUR ARMED FORCES; Congressional Record Vol. 159, No. 93",https://www.congress.gov/congressional-record/volume-159/issue-93/extensions-of-remarks-section/article/E973-3,06/26/2013,,159,93,E973
"EARMARK DECLARATION; Congressional Record Vol. 155, No. 112",https://www.congress.gov/congressional-record/volume-155/issue-112/extensions-of-remarks-section/article/E1910-3,07/23/2009,,155,112,E1910
"SUPPORTING THE GOALS AND IDEALS OF PROFESSIONAL SOCIAL WORK MONTH AND WORLD SOCIAL WORK DAY; Congressional Record Vol. 153, No. 54",https://www.congress.gov/congressional-record/volume-153/issue-54/extensions-of-remarks-section/article/E682-3,03/28/2007,,153,54,E682
"TRIBUTE TO THE REVEREND JAMES D. PETERS; Congressional Record Vol. 153, No. 8",https://www.congress.gov/congressional-record/volume-153/issue-8/extensions-of-remarks-section/article/E119-1,01/16/2007,,153,8,E119
"SUPPLEMENTAL APPROPRIATIONS; Congressional Record Vol. 152, No. 77",https://www.congress.gov/congressional-record/volume-152/issue-77/senate-section/article/S5904-3,06/15/2006,,152,77,S5904
"IN RECOGNITION OF THE BROWARD COUNTY 23RD ANNUAL SENIOR HALL OF FAME BREAKFAST; Congressional Record Vol. 152, No. 65",https://www.congress.gov/congressional-record/volume-152/issue-65/extensions-of-remarks-section/article/E936-1,05/23/2006,,152,65,E936
"HONORING THE LIFE OF MOTHER TERESA; Congressional Record Vol. 149, No. 143",https://www.congress.gov/congressional-record/volume-149/issue-143/senate-section/article/S12530-2,10/14/2003,,149,143,S12530
"EXPRESSING SORROW OF THE HOUSE AT THE DEATH OF THE HONORABLE PAUL D. WELLSTONE, SENATOR FROM THE STATE OF MINNESOTA; Congressional Record Vol. 148, No. 147",https://www.congress.gov/congressional-record/volume-148/issue-147/extensions-of-remarks-section/article/E1998-2,11/14/2002,,148,147,E1998
"HONORING MONSIGNOR JEROME BOXLEITNER; Congressional Record Vol. 144, No. 151",https://www.congress.gov/congressional-record/volume-144/issue-151/extensions-of-remarks-section/article/E2290-2,10/21/1998,,144,151,E2290
"DISASTER RELIEF; Congressional Record Vol. 143, No. 79",https://www.congress.gov/congressional-record/volume-143/issue-79/senate-section/article/S5404-1,06/09/1997,,143,79,S5404
"PROVIDING FOR CONSIDERATION OF H.R. 2811, LIMIT, SAVE, GROW ACT OF 2023, AND PROVIDING FOR CONSIDERATION OF H.J. RES. 39, DISAPPROVING THE RULE SUBMITTED BY THE DEPARTMENT OF COMMERCE RELATING TO...; Congressional Record Vol. 169, No. 70",https://www.congress.gov/congressional-record/volume-169/issue-70/house-section/article/H1960-2,04/26/2023,,169,70,H1960
"CUTS IN GOVERNMENT WASTE NOT MADE IN NEW BUDGET; Congressional Record Vol. 142, No. 57",https://www.congress.gov/congressional-record/volume-142/issue-57/house-section/article/H4180-1,04/30/1996,,142,57,H4180
"PUBLIC BILLS AND RESOLUTIONS; Congressional Record Vol. 169, No. 52",https://www.congress.gov/congressional-record/volume-169/issue-52/house-section/article/H1325-2,03/22/2023,,169,52,H1325
"ADDITIONAL COSPONSORS; Congressional Record Vol. 155, No. 109",https://www.congress.gov/congressional-record/volume-155/issue-109/senate-section/article/S7699-3,07/20/2009,,155,109,S7699
"DELAYS IN SENATE ACTION ON JUDICIAL NOMINATIONS; Congressional Record Vol. 144, No. 80",https://www.congress.gov/congressional-record/volume-144/issue-80/senate-section/article/S6521-1,06/18/1998,,144,80,S6521
"STRATEGY AND INVESTMENT IN RURAL HOUSING PRESERVATION ACT OF 2019; Congressional Record Vol. 165, No. 144",https://www.congress.gov/congressional-record/volume-165/issue-144/house-section/article/H7573-1,09/10/2019,,165,144,H7573
"PREVENTING CRIMES AGAINST VETERANS ACT OF 2017; Congressional Record Vol. 164, No. 45",https://www.congress.gov/congressional-record/volume-164/issue-45/house-section/article/H1570-3,03/14/2018,,164,45,H1570
"VETERANS' BENEFITS SCANDAL; Congressional Record Vol. 160, No. 78",https://www.congress.gov/congressional-record/volume-160/issue-78/house-section/article/H4819-1,05/22/2014,,160,78,H4819
,https://www.congress.gov/bound-congressional-record/1990/02/21/136/extensions-of-remarks-section/article/2252-2289,02/21/1990,,136,,2252-2289
"MILITARY CONSTRUCTION AND VETERANS AFFAIRS AND RELATED AGENCIES APPROPRIATIONS ACT, 2016; Congressional Record Vol. 161, No. 63",https://www.congress.gov/congressional-record/volume-161/issue-63/house-section/article/H2574-3,04/29/2015,,161,63,H2574
"DEPARTMENTS OF VETERANS AFFAIRS AND HOUSING AND URBAN DEVELOPMENT, AND INDEPENDENT AGENCIES APPROPRIATIONS ACT, 1999; Congressional Record Vol. 144, No. 95",https://www.congress.gov/congressional-record/volume-144/issue-95/senate-section/article/S8330-1,07/16/1998,,144,95,S8330
"TRANSPORTATION, HOUSING AND URBAN DEVELOPMENT, AND RELATED AGENCIES APPROPRIATIONS ACT, 2016; Congressional Record Vol. 162, No. 77",https://www.congress.gov/congressional-record/volume-162/issue-77/senate-section/article/S2814-1,05/16/2016,,162,77,S2814
,https://www.congress.gov/bound-congressional-record/1990/09/19/136/extensions-of-remarks-section/article/25178-25194,09/19/1990,,136,,25178-25194
"Daily Digest/House Committee Meetings; Congressional Record Vol. 165, No. 71",https://www.congress.gov/congressional-record/volume-165/issue-71/daily-digest/article/D470-1,05/01/2019,,165,71,D470
"DEPARTMENT OF DEFENSE APPROPRIATIONS ACT, 2019; Congressional Record Vol. 164, No. 138",https://www.congress.gov/congressional-record/volume-164/issue-138/senate-section/article/S5715-1,08/20/2018,,164,138,S5715
"IN HONOR OF BLACK HISTORY MONTH; Congressional Record Vol. 164, No. 23",https://www.congress.gov/congressional-record/volume-164/issue-23/house-section/article/H898-5,02/06/2018,,164,23,H898
"ADDITIONAL COSPONSORS; Congressional Record Vol. 163, No. 181",https://www.congress.gov/congressional-record/volume-163/issue-181/senate-section/article/S7062-3,11/07/2017,,163,181,S7062
"Daily Digest/House Committee Meetings; Congressional Record Vol. 146, No. 26",https://www.congress.gov/congressional-record/volume-146/issue-26/daily-digest/article/D190-1,03/09/2000,,146,26,D190
"EXECUTIVE AND OTHER COMMUNICATIONS; Congressional Record Vol. 170, No. 180",https://www.congress.gov/congressional-record/volume-170/issue-180/senate-section/article/S6842-2,12/05/2024,,170,180,S6842
"SUBMITTED RESOLUTIONS; Congressional Record Vol. 169, No. 190",https://www.congress.gov/congressional-record/volume-169/issue-190/senate-section/article/S5550-1,11/15/2023,,169,190,S5550
"Daily Digest/Senate; Congressional Record Vol. 168, No. 185",https://www.congress.gov/congressional-record/volume-168/issue-185/daily-digest/article/D1153-1,11/30/2022,,168,185,D1153
"Daily Digest/Senate; Congressional Record Vol. 168, No. 184",https://www.congress.gov/congressional-record/volume-168/issue-184/daily-digest/article/D1153-1,11/30/2022,,168,184,D1153
"REMEMBERING THE HONORABLE ELLA SCARBOROUGH; Congressional Record Vol. 168, No. 98",https://www.congress.gov/congressional-record/volume-168/issue-98/house-section/article/H5338-1,06/08/2022,,168,98,H5338
"INTRODUCTION OF BILLS AND JOINT RESOLUTIONS; Congressional Record Vol. 168, No. 26",https://www.congress.gov/congressional-record/volume-168/issue-26/senate-section/article/S612-6,02/09/2022,,168,26,S612
"Daily Digest/House Committee Meetings; Congressional Record Vol. 167, No. 77",https://www.congress.gov/congressional-record/volume-167/issue-77/daily-digest/article/D469-3,05/04/2021,,167,77,D469
"Daily Digest/House of Representatives; Congressional Record Vol. 165, No. 162",https://www.congress.gov/congressional-record/volume-165/issue-162/daily-digest/article/D1103-1,10/15/2019,,165,162,D1103
"ADDITIONAL COSPONSORS; Congressional Record Vol. 165, No. 15",https://www.congress.gov/congressional-record/volume-165/issue-15/senate-section/article/S587-2,01/24/2019,,165,15,S587
"Daily Digest/Senate Committee Meetings; Congressional Record Vol. 161, No. 63",https://www.congress.gov/congressional-record/volume-161/issue-63/daily-digest/article/D459-2,04/29/2015,,161,63,D459
"UNANIMOUS CONSENT REQUEST--S. 1352; Congressional Record Vol. 160, No. 148",https://www.congress.gov/congressional-record/volume-160/issue-148/senate-section/article/S6374-1,12/08/2014,,160,148,S6374
"EARMARK DECLARATION; Congressional Record Vol. 155, No. 31",https://www.congress.gov/congressional-record/volume-155/issue-31/extensions-of-remarks-section/article/E301-2,02/23/2009,,155,31,E301
"Daily Digest/Senate; Congressional Record Vol. 153, No. 110",https://www.congress.gov/congressional-record/volume-153/issue-110/daily-digest/article/D953-1,07/11/2007,,153,110,D953
"CONGRATULATIONS TO ROBERT FOUST; Congressional Record Vol. 151, No. 72",https://www.congress.gov/congressional-record/volume-151/issue-72/senate-section/article/S6009-3,05/26/2005,,151,72,S6009
"NATIONAL FOSTER CARE MONTH; Congressional Record Vol. 150, No. 73",https://www.congress.gov/congressional-record/volume-150/issue-73/senate-section/article/S6084-1,05/21/2004,,150,73,S6084
"Daily Digest/Highlights + Senate; Congressional Record Vol. 147, No. 168",https://www.congress.gov/congressional-record/volume-147/issue-168/daily-digest/article/D1212-1,12/06/2001,,147,168,D1212
"VIOLENCE AGAINST WOMEN ACT OF 2005; Congressional Record Vol. 151, No. 127",https://www.congress.gov/congressional-record/volume-151/issue-127/senate-section/article/S10998-2,10/04/2005,,151,127,S10998
"FIND AND PROTECT FOSTER YOUTH ACT; Congressional Record Vol. 170, No. 144",https://www.congress.gov/congressional-record/volume-170/issue-144/house-section/article/H5257-1,09/17/2024,,170,144,H5257
"IMPACT OF CRIME ON PUBLIC BUILDING USAGE ACT OF 2023; Congressional Record Vol. 170, No. 48",https://www.congress.gov/congressional-record/volume-170/issue-48/house-section/article/H1211-1,03/19/2024,,170,48,H1211
"DANGER OF DEFAULT ON AMERICA; Congressional Record Vol. 169, No. 83",https://www.congress.gov/congressional-record/volume-169/issue-83/house-section/article/H2410-4,05/17/2023,,169,83,H2410
"EXTENDING CONDOLENCES AND SYMPATHY OF THE HOUSE TO THE GOVERNMENT AND PEOPLE OF GREECE; Congressional Record Vol. 153, No. 130",https://www.congress.gov/congressional-record/volume-153/issue-130/house-section/article/H10082-8,09/05/2007,,153,130,H10082
"Daily Digest/House Committee Meetings; Congressional Record Vol. 153, No. 40",https://www.congress.gov/congressional-record/volume-153/issue-40/daily-digest/article/D293-1,03/08/2007,,153,40,D293
"SPENDING CUTS; Congressional Record Vol. 151, No. 161",https://www.congress.gov/congressional-record/volume-151/issue-161/senate-section/article/S13627-3,12/15/2005,,151,161,S13627
"SUBMITTED RESOLUTIONS; Congressional Record Vol. 150, No. 66",https://www.congress.gov/congressional-record/volume-150/issue-66/senate-section/article/S5375-1,05/12/2004,,150,66,S5375
"TRIBUTE TO HENRY B. GONZALEZ; Congressional Record Vol. 143, No. 138",https://www.congress.gov/congressional-record/volume-143/issue-138/house-section/article/H8574-2,10/07/1997,,143,138,H8574
,https://www.congress.gov/bound-congressional-record/1993/06/28/139/house-section/article/14370-14473,06/28/1993,,139,,14370-14473
"CELEBRATING THE 25TH PASTORAL ANNIVERSARY OF BISHOP LESTER LOVE AND PASTOR FRAN LOVE OF THE CITY OF LOVE; Congressional Record Vol. 169, No. 203",https://www.congress.gov/congressional-record/volume-169/issue-203/extensions-of-remarks-section/article/E1199-1,12/11/2023,,169,203,E1199
"COMPREHENSIVE VETERANS HEALTH AND BENEFITS AND MILITARY RETIREMENT PAY RESTORATION ACT OF 2014--MOTION TO PROCEED; Congressional Record Vol. 160, No. 20",https://www.congress.gov/congressional-record/volume-160/issue-20/senate-section/article/S665-6,02/03/2014,,160,20,S665
"VOLUNTARISM; Congressional Record Vol. 157, No. 54",https://www.congress.gov/congressional-record/volume-157/issue-54/senate-section/article/S2408-3,04/13/2011,,157,54,S2408
"Text of Senate Amendment 4232; Congressional Record Vol. 156, No. 80",https://www.congress.gov/congressional-record/volume-156/issue-80/senate-section/article/S4232-1,05/25/2010,,156,80,S4232
"AFFORDABLE HOUSING SHORTAGE NEARS CRISIS PROPORTIONS; Congressional Record Vol. 148, No. 1",https://www.congress.gov/congressional-record/volume-148/issue-1/extensions-of-remarks-section/article/E13-3,01/23/2002,,148,1,E13
"20TH ANNIVERSARY OF GUMA' MAMI; Congressional Record Vol. 147, No. 71",https://www.congress.gov/congressional-record/volume-147/issue-71/extensions-of-remarks-section/article/E884-1,05/22/2001,,147,71,E884
"HELP AMERICAN CITIZENS BEFORE GIVING MONEY ABROAD; Congressional Record Vol. 145, No. 138",https://www.congress.gov/congressional-record/volume-145/issue-138/house-section/article/H9960-2,10/13/1999,,145,138,H9960
"MEDICARE AND VA HEALTH BENEFITS; Congressional Record Vol. 141, No. 160",https://www.congress.gov/congressional-record/volume-141/issue-160/house-section/article/H10142-1,10/17/1995,,141,160,H10142
"HIRE A VETERAN WEEK; Congressional Record Vol. 152, No. 98",https://www.congress.gov/congressional-record/volume-152/issue-98/house-section/article/H5638-1,07/24/2006,,152,98,H5638
"PROVIDING FOR CONGRESSIONAL DISAPPROVAL OF A RULE SUBMITTED BY THE NATIONAL LABOR RELATIONS BOARD; Congressional Record Vol. 161, No. 37",https://www.congress.gov/congressional-record/volume-161/issue-37/senate-section/article/S1264-6,03/04/2015,,161,37,S1264
"VETERANS ECONOMIC OPPORTUNITY ACT OF 2013; Congressional Record Vol. 159, No. 151",https://www.congress.gov/congressional-record/volume-159/issue-151/house-section/article/H6794-1,10/28/2013,,159,151,H6794
"MILITARY CONSTRUCTION AND VETERANS AFFAIRS, AND RELATED AGENCIES APPROPRIATIONS ACT, 2006; Congressional Record Vol. 151, No. 121",https://www.congress.gov/congressional-record/volume-151/issue-121/senate-section/article/S10453-1,09/26/2005,,151,121,S10453
"ENCOURAGING CORPORATIONS TO CONTRIBUTE TO FAITH-BASED ORGANIZATIONS; Congressional Record Vol. 147, No. 95",https://www.congress.gov/congressional-record/volume-147/issue-95/house-section/article/H3811-6,07/10/2001,,147,95,H3811
,https://www.congress.gov/bound-congressional-record/1994/07/22/140/house-section/article/17593-17644,07/22/1994,,140,,17593-17644
,https://www.congress.gov/bound-congressional-record/1985/01/22/131/daily-digest/article/9-10,01/22/1985,,131,,9-10
,https://www.congress.gov/bound-congressional-record/1988/02/25/134/extensions-of-remarks-section/article/2528-2567,02/25/1988,,134,,2528-2567
"TEXT OF AMENDMENTS; Congressional Record Vol. 162, No. 77",https://www.congress.gov/congressional-record/volume-162/issue-77/senate-section/article/S2828-1,05/16/2016,,162,77,S2828
"FAMILY SELF-SUFFICIENCY ACT; Congressional Record Vol. 141, No. 137",https://www.congress.gov/congressional-record/volume-141/issue-137/senate-section/article/S12707-1,09/06/1995,,141,137,S12707
"TRANSPORTATION, HOUSING AND URBAN DEVELOPMENT, AND RELATED AGENCIES APPROPRIATIONS ACT, 2015; Congressional Record Vol. 160, No. 88",https://www.congress.gov/congressional-record/volume-160/issue-88/house-section/article/H5149-1,06/09/2014,,160,88,H5149
"Text of Senate Amendment 2433; Congressional Record Vol. 170, No. 115",https://www.congress.gov/congressional-record/volume-170/issue-115/senate-section/article/S4754-2,07/11/2024,,170,115,S4754
"Text of Senate Amendment 182; Congressional Record Vol. 169, No. 119",https://www.congress.gov/congressional-record/volume-169/issue-119/senate-section/article/S2379-4,07/12/2023,,169,119,S2379
"Introductory Statement on S. 1270; Congressional Record Vol. 169, No. 69",https://www.congress.gov/congressional-record/volume-169/issue-69/senate-section/article/S1343-2,04/25/2023,,169,69,S1343
"Introductory Statement on S. 365; Congressional Record Vol. 169, No. 27",https://www.congress.gov/congressional-record/volume-169/issue-27/senate-section/article/S319-1,02/09/2023,,169,27,S319
"Text of Senate Amendment 5529; Congressional Record Vol. 168, No. 152",https://www.congress.gov/congressional-record/volume-168/issue-152/senate-section/article/S4922-1,09/21/2022,,168,152,S4922
"Text of Senate Amendment 5489; Congressional Record Vol. 168, No. 143",https://www.congress.gov/congressional-record/volume-168/issue-143/senate-section/article/S4482-3,09/07/2022,,168,143,S4482
"Text of Senate Amendment 2207; Congressional Record Vol. 166, No. 117",https://www.congress.gov/congressional-record/volume-166/issue-117/senate-section/article/S3613-1,06/25/2020,,166,117,S3613
"Text of Senate Amendment 2185; Congressional Record Vol. 166, No. 117",https://www.congress.gov/congressional-record/volume-166/issue-117/senate-section/article/S3574-2,06/25/2020,,166,117,S3574
"VETERANS MENTAL HEALTH AND OTHER CARE IMPROVEMENTS ACT OF 2008; Congressional Record Vol. 154, No. 90",https://www.congress.gov/congressional-record/volume-154/issue-90/senate-section/article/S4983-2,06/03/2008,,154,90,S4983
"EXPLANATORY STATEMENT SUBMITTED BY MR. LEAHY, CHAIR OF THE SENATE COMMITTEE ON APPROPRIATIONS, REGARDING H.R. 2617, CONSOLIDATED APPROPRIATIONS ACT, 2023; Congressional Record Vol. 168, No. 198",https://www.congress.gov/congressional-record/volume-168/issue-198/senate-section/article/S9325-2,12/20/2022,,168,198,S9325
"AMENDMENTS; Congressional Record Vol. 141, No. 113",https://www.congress.gov/congressional-record/volume-141/issue-113/house-section/article/H7012-3,07/13/1995,,141,113,H7012
"Daily Digest/House of Representatives; Congressional Record Vol. 141, No. 97",https://www.congress.gov/congressional-record/volume-141/issue-97/daily-digest/article/D731-1,06/14/1995,,141,97,D731
"SUBMITTED RESOLUTIONS; Congressional Record Vol. 170, No. 172",https://www.congress.gov/congressional-record/volume-170/issue-172/senate-section/article/S6688-2,11/20/2024,,170,172,S6688
"Daily Digest/COMMITTEE MEETINGS FOR 2024-06-27; Congressional Record Vol. 170, No. 107",https://www.congress.gov/congressional-record/volume-170/issue-107/daily-digest/article/D670-1,06/26/2024,,170,107,D670
"PUBLIC BILLS AND RESOLUTIONS; Congressional Record Vol. 169, No. 136",https://www.congress.gov/congressional-record/volume-169/issue-136/house-section/article/H4186-1,08/15/2023,,169,136,H4186
"Daily Digest/COMMITTEE MEETINGS FOR 2022-05-17; Congressional Record Vol. 168, No. 83",https://www.congress.gov/congressional-record/volume-168/issue-83/daily-digest/article/D529-1,05/16/2022,,168,83,D529
"MEASURES REFERRED; Congressional Record Vol. 167, No. 87",https://www.congress.gov/congressional-record/volume-167/issue-87/senate-section/article/S2780-1,05/19/2021,,167,87,S2780
"MESSAGES FROM THE HOUSE; Congressional Record Vol. 167, No. 87",https://www.congress.gov/congressional-record/volume-167/issue-87/senate-section/article/S2779-3,05/19/2021,,167,87,S2779
"Daily Digest/House Committee Meetings; Congressional Record Vol. 167, No. 87",https://www.congress.gov/congressional-record/volume-167/issue-87/daily-digest/article/D545-1,05/19/2021,,167,87,D545
"Daily Digest/COMMITTEE MEETINGS FOR 2021-04-14; Congressional Record Vol. 167, No. 63",https://www.congress.gov/congressional-record/volume-167/issue-63/daily-digest/article/D338-1,04/13/2021,,167,63,D338
"MOMENT OF SILENCE IN MEMORY OF FORMER REPRESENTATIVE MIKE FITZPATRICK; Congressional Record Vol. 166, No. 17",https://www.congress.gov/congressional-record/volume-166/issue-17/house-section/article/H554-1,01/27/2020,,166,17,H554
"EXECUTIVE CALENDAR (Executive Session); Congressional Record Vol. 165, No. 59",https://www.congress.gov/congressional-record/volume-165/issue-59/senate-section/article/S2246-3,04/04/2019,,165,59,S2246
"Daily Digest/COMMITTEE MEETINGS FOR 2019-02-13; Congressional Record Vol. 165, No. 27",https://www.congress.gov/congressional-record/volume-165/issue-27/daily-digest/article/D150-1,02/12/2019,,165,27,D150
"Nomination of Brett Kavanaugh (Executive Calendar); Congressional Record Vol. 164, No. 120",https://www.congress.gov/congressional-record/volume-164/issue-120/senate-section/article/S4993-1,07/17/2018,,164,120,S4993
"INTRODUCTION OF BILLS AND JOINT RESOLUTIONS; Congressional Record Vol. 161, No. 62",https://www.congress.gov/congressional-record/volume-161/issue-62/senate-section/article/S2472-7,04/28/2015,,161,62,S2472
"PERSONAL EXPLANATION; Congressional Record Vol. 161, No. 58",https://www.congress.gov/congressional-record/volume-161/issue-58/extensions-of-remarks-section/article/E546-1,04/21/2015,,161,58,E546
"PUBLIC BILLS AND RESOLUTIONS; Congressional Record Vol. 159, No. 106",https://www.congress.gov/congressional-record/volume-159/issue-106/house-section/article/H4978-2,07/23/2013,,159,106,H4978
"SEQUESTRATION; Congressional Record Vol. 159, No. 56",https://www.congress.gov/congressional-record/volume-159/issue-56/senate-section/article/S2858-6,04/23/2013,,159,56,S2858
"ADDITIONAL COSPONSORS; Congressional Record Vol. 157, No. 187",https://www.congress.gov/congressional-record/volume-157/issue-187/senate-section/article/S8414-2,12/07/2011,,157,187,S8414
"100TH ANNIVERSARY OF THE GREAT SAN FRANCISCO EARTHQUAKE OF 1906; Congressional Record Vol. 152, No. 47",https://www.congress.gov/congressional-record/volume-152/issue-47/extensions-of-remarks-section/article/E618-1,04/26/2006,,152,47,E618
"SYMPATHY FOR SOUTH ASIA EARTHQUAKE VICTIMS; Congressional Record Vol. 151, No. 131",https://www.congress.gov/congressional-record/volume-151/issue-131/senate-section/article/S11442-3,10/17/2005,,151,131,S11442
"THE TRAGEDY OF HURRICANE KATRINA; Congressional Record Vol. 151, No. 110",https://www.congress.gov/congressional-record/volume-151/issue-110/house-section/article/H7708-1,09/07/2005,,151,110,H7708
"DESTRUCTION IN ZIMBABWE; Congressional Record Vol. 151, No. 91",https://www.congress.gov/congressional-record/volume-151/issue-91/senate-section/article/S7903-1,07/01/2005,,151,91,S7903
"REVERSE ROBIN HOOD; Congressional Record Vol. 151, No. 12",https://www.congress.gov/congressional-record/volume-151/issue-12/house-section/article/H369-10,02/08/2005,,151,12,H369
"UNITED STATES SHOULD STAND WITH ISRAEL; Congressional Record Vol. 148, No. 43",https://www.congress.gov/congressional-record/volume-148/issue-43/house-section/article/H1385-3,04/17/2002,,148,43,H1385
"GOODBYE TO ARCHBISHOP FRANCIS T. HURLEY; Congressional Record Vol. 147, No. 63",https://www.congress.gov/congressional-record/volume-147/issue-63/senate-section/article/S4588-2,05/09/2001,,147,63,S4588
"FAITH-BASED INITIATIVES A PRIORITY WITH PRESIDENT BUSH; Congressional Record Vol. 147, No. 13",https://www.congress.gov/congressional-record/volume-147/issue-13/house-section/article/H135-2,01/31/2001,,147,13,H135
"Introductory Statement on S. 1318; Congressional Record Vol. 145, No. 96",https://www.congress.gov/congressional-record/volume-145/issue-96/senate-section/article/S8092-1,07/01/1999,,145,96,S8092
"Daily Digest/House Committee Meetings; Congressional Record Vol. 145, No. 85",https://www.congress.gov/congressional-record/volume-145/issue-85/daily-digest/article/D674-1,06/16/1999,,145,85,D674
"PUBLIC BILLS AND RESOLUTIONS; Congressional Record Vol. 141, No. 87",https://www.congress.gov/congressional-record/volume-141/issue-87/house-section/article/H5570-9,05/24/1995,,141,87,H5570
"THE STATE OF AMERICA'S CHILDREN; Congressional Record Vol. 141, No. 57",https://www.congress.gov/congressional-record/volume-141/issue-57/senate-section/article/S4675-5,03/28/1995,,141,57,S4675
"AMENDMENTS SUBMITTED; Congressional Record Vol. 141, No. 5",https://www.congress.gov/congressional-record/volume-141/issue-5/senate-section/article/S741-1,01/10/1995,,141,5,S741
"BANKRUPTCY ABUSE PREVENTION AND CONSUMER PROTECTION ACT OF 2005-- Continued; Congressional Record Vol. 151, No. 26",https://www.congress.gov/congressional-record/volume-151/issue-26/senate-section/article/S2216-2,03/08/2005,,151,26,S2216
"STATEMENTS ON INTRODUCED BILLS AND JOINT RESOLUTIONS; Congressional Record Vol. 141, No. 145",https://www.congress.gov/congressional-record/volume-141/issue-145/senate-section/article/S13728-4,09/18/1995,,141,145,S13728
"Nomination of Matthew J. Kacsmaryk (Executive Session); Congressional Record Vol. 165, No. 103",https://www.congress.gov/congressional-record/volume-165/issue-103/senate-section/article/S3829-1,06/19/2019,,165,103,S3829
"TRANSPORTATION, HOUSING AND URBAN DEVELOPMENT, AND RELATED AGENCIES APPROPRIATIONS ACT, 2013; Congressional Record Vol. 158, No. 99",https://www.congress.gov/congressional-record/volume-158/issue-99/extensions-of-remarks-section/article/E1177-2,06/28/2012,,158,99,E1177
"CONSOLIDATED AND FURTHER CONTINUING APPROPRIATIONS ACT 2012, H.R. 2112; Congressional Record Vol. 157, No. 182",https://www.congress.gov/congressional-record/volume-157/issue-182/extensions-of-remarks-section/article/E2138-2,11/30/2011,,157,182,E2138
"SUPPORTING SOCIAL WORK MONTH AND WORLD SOCIAL WORK DAY; Congressional Record Vol. 156, No. 38",https://www.congress.gov/congressional-record/volume-156/issue-38/house-section/article/H1485-2,03/16/2010,,156,38,H1485
"AUTHORITY FOR COMMITTEES TO MEET; Congressional Record Vol. 153, No. 101",https://www.congress.gov/congressional-record/volume-153/issue-101/senate-section/article/S8269-2,06/21/2007,,153,101,S8269
"NATIONAL PHILANTHROPHY DAY; Congressional Record Vol. 151, No. 146",https://www.congress.gov/congressional-record/volume-151/issue-146/extensions-of-remarks-section/article/E2283-1,11/07/2005,,151,146,E2283
"REGARDING H.R. 3673, MAKING FURTHER EMERGENCY SUPPLEMENTAL APPROPRIATIONS TO MEET IMMEDIATE NEEDS ARISING FROM THE CONSEQUENCES OF HURRICANE KATRINA; Congressional Record Vol. 151, No. 111",https://www.congress.gov/congressional-record/volume-151/issue-111/extensions-of-remarks-section/article/E1811-4,09/08/2005,,151,111,E1811
,https://www.congress.gov/bound-congressional-record/1989/03/01/135/senate-section/article/3103-3169,03/01/1989,,135,,3103-3169
,https://www.congress.gov/bound-congressional-record/1988/10/19/134/house-section/article/31763-31975,10/19/1988,,134,,31763-31975
"PUBLIC BILLS AND RESOLUTIONS; Congressional Record Vol. 171, No. 122",https://www.congress.gov/congressional-record/volume-171/issue-122/house-section/article/H3365-2,07/16/2025,,171,122,H3365
"REPEAL OF MEDICAID VERIFICATION REQUIREMENT; Congressional Record Vol. 152, No. 29",https://www.congress.gov/congressional-record/volume-152/issue-29/senate-section/article/S1885-1,03/08/2006,,152,29,S1885
"Coronavirus (Executive Calendar); Congressional Record Vol. 166, No. 196",https://www.congress.gov/congressional-record/volume-166/issue-196/senate-section/article/S7061-2,11/18/2020,,166,196,S7061
"AGRICULTURE IMPROVEMENT ACT OF 2018; Congressional Record Vol. 164, No. 200",https://www.congress.gov/congressional-record/volume-164/issue-200/senate-section/article/S7918-1,12/19/2018,,164,200,S7918
"SUPPORTING GOALS AND IDEALS OF NATIONAL SEXUAL ASSAULT AWARENESS AND PREVENTION MONTH; Congressional Record Vol. 149, No. 84",https://www.congress.gov/congressional-record/volume-149/issue-84/house-section/article/H5100-2,06/10/2003,,149,84,H5100
"VETERANS INFORMATION MODERNIZATION ACT; Congressional Record Vol. 161, No. 114",https://www.congress.gov/congressional-record/volume-161/issue-114/house-section/article/H5304-1,07/21/2015,,161,114,H5304
"SECTION 202 SUPPORTIVE HOUSING FOR THE ELDERLY ACT OF 2007; Congressional Record Vol. 153, No. 185",https://www.congress.gov/congressional-record/volume-153/issue-185/house-section/article/H14176-1,12/05/2007,,153,185,H14176
"STATEMENTS ON INTRODUCED BILLS AND JOINT RESOLUTIONS; Congressional Record Vol. 154, No. 120",https://www.congress.gov/congressional-record/volume-154/issue-120/senate-section/article/S7032-1,07/22/2008,,154,120,S7032
"EXECUTIVE SESSION; Congressional Record Vol. 163, No. 45",https://www.congress.gov/congressional-record/volume-163/issue-45/senate-section/article/S1811-3,03/15/2017,,163,45,S1811
"Introductory Statement on S. 2166; Congressional Record Vol. 144, No. 75",https://www.congress.gov/congressional-record/volume-144/issue-75/senate-section/article/S6199-1,06/11/1998,,144,75,S6199
,https://www.congress.gov/bound-congressional-record/1989/03/15/135/senate-section/article/4203-4439,03/15/1989,,135,,4203-4439
"EVERY CHILD ACHIEVES ACT OF 2015; Congressional Record Vol. 161, No. 114",https://www.congress.gov/congressional-record/volume-161/issue-114/senate-section/article/S5326-3,07/21/2015,,161,114,S5326
"GI BILL TUITION FAIRNESS ACT OF 2013; Congressional Record Vol. 160, No. 20",https://www.congress.gov/congressional-record/volume-160/issue-20/house-section/article/H1520-1,02/03/2014,,160,20,H1520
"MENTALLY ILL OFFENDER TREATMENT AND CRIME REDUCTION ACT OF 2004; Congressional Record Vol. 150, No. 125",https://www.congress.gov/congressional-record/volume-150/issue-125/house-section/article/H8239-1,10/06/2004,,150,125,H8239
"JOBS AND THE ECONOMY; Congressional Record Vol. 150, No. 56",https://www.congress.gov/congressional-record/volume-150/issue-56/house-section/article/H2465-2,04/28/2004,,150,56,H2465
"UPDATE ON LINDA TRIPP FILE CASE; Congressional Record Vol. 146, No. 55",https://www.congress.gov/congressional-record/volume-146/issue-55/senate-section/article/S3576-1,05/08/2000,,146,55,S3576
"VETERANS' BENEFITS ENHANCEMENT ACT OF 1998; Congressional Record Vol. 144, No. 142",https://www.congress.gov/congressional-record/volume-144/issue-142/house-section/article/H10374-2,10/10/1998,,144,142,H10374
"TRIBUTE TO LLOYD SQUIRES; Congressional Record Vol. 164, No. 200",https://www.congress.gov/congressional-record/volume-164/issue-200/senate-section/article/S7908-1,12/19/2018,,164,200,S7908
"ADDITIONAL COSPONSORS; Congressional Record Vol. 159, No. 72",https://www.congress.gov/congressional-record/volume-159/issue-72/senate-section/article/S3658-1,05/21/2013,,159,72,S3658
"Daily Digest/House Committee Meetings; Congressional Record Vol. 154, No. 56",https://www.congress.gov/congressional-record/volume-154/issue-56/daily-digest/article/D405-1,04/09/2008,,154,56,D405
"AMENDMENTS; Congressional Record Vol. 147, No. 105",https://www.congress.gov/congressional-record/volume-147/issue-105/house-section/article/H4635-1,07/25/2001,,147,105,H4635
,https://www.congress.gov/bound-congressional-record/1987/06/27/133/daily-digest/article/471-472,06/27/1987,,133,,471-472
"DASH Act (Executive Session); Congressional Record Vol. 169, No. 204",https://www.congress.gov/congressional-record/volume-169/issue-204/senate-section/article/S5905-2,12/12/2023,,169,204,S5905
"REAL JUSTICE FOR OUR VETERANS ACT OF 2021; Congressional Record Vol. 167, No. 189",https://www.congress.gov/congressional-record/volume-167/issue-189/house-section/article/H5940-1,10/27/2021,,167,189,H5940
"STATEMENTS ON INTRODUCED BILLS AND JOINT RESOLUTIONS; Congressional Record Vol. 159, No. 123",https://www.congress.gov/congressional-record/volume-159/issue-123/senate-section/article/S6598-1,09/18/2013,,159,123,S6598
"SCHOOL LUNCH AND CHILD NUTRITION PROGRAMS REAUTHORIZATION; Congressional Record Vol. 150, No. 42",https://www.congress.gov/congressional-record/volume-150/issue-42/house-section/article/H1686-1,03/30/2004,,150,42,H1686
"AUTHORIZING THE CLERK TO MAKE CORRECTIONS IN ENGROSSMENT OF HOUSE AMENDMENT TO S. 1260, UNITED STATES HOUSING ACT OF 1996; Congressional Record Vol. 142, No. 64",https://www.congress.gov/congressional-record/volume-142/issue-64/house-section/article/H4753-1,05/09/1996,,142,64,H4753
"Trump Executive Orders (Executive Calendar); Congressional Record Vol. 171, No. 19",https://www.congress.gov/congressional-record/volume-171/issue-19/senate-section/article/S465-1,01/29/2025,,171,19,S465
"NO CHILD LEFT BEHIND ACT OF 2001; Congressional Record Vol. 147, No. 71",https://www.congress.gov/congressional-record/volume-147/issue-71/house-section/article/H2396-2,05/22/2001,,147,71,H2396
"Daily Digest/House Committee Meetings; Congressional Record Vol. 165, No. 119",https://www.congress.gov/congressional-record/volume-165/issue-119/daily-digest/article/D855-1,07/16/2019,,165,119,D855
"ADDITIONAL COSPONSORS; Congressional Record Vol. 156, No. 14",https://www.congress.gov/congressional-record/volume-156/issue-14/senate-section/article/S393-2,02/01/2010,,156,14,S393
"Daily Digest/House Committee Meetings; Congressional Record Vol. 143, No. 92",https://www.congress.gov/congressional-record/volume-143/issue-92/daily-digest/article/D689-1,06/26/1997,,143,92,D689
"DEPARTMENTS OF LABOR, HEALTH AND HUMAN SERVICES, AND EDUCATION, AND RELATED AGENCIES APPROPRIATIONS ACT, 2002; Congressional Record Vol. 147, No. 152",https://www.congress.gov/congressional-record/volume-147/issue-152/senate-section/article/S11449-8,11/06/2001,,147,152,S11449
"DEPARTMENTS OF VETERANS AFFAIRS AND HOUSING AND URBAN DEVELOPMENT, AND INDEPENDENT AGENCIES APPROPRIATIONS ACT, 2002; Congressional Record Vol. 147, No. 106",https://www.congress.gov/congressional-record/volume-147/issue-106/house-section/article/H4661-3,07/26/2001,,147,106,H4661
"STUDENT SUCCESS ACT; Congressional Record Vol. 159, No. 103",https://www.congress.gov/congressional-record/volume-159/issue-103/house-section/article/H4619-3,07/18/2013,,159,103,H4619
"Daily Digest/CONGRESSIONAL PROGRAM AHEAD; Congressional Record Vol. 170, No. 106",https://www.congress.gov/congressional-record/volume-170/issue-106/daily-digest/article/D657-1,06/25/2024,,170,106,D657
"Daily Digest/Senate Committee Meetings; Congressional Record Vol. 167, No. 132",https://www.congress.gov/congressional-record/volume-167/issue-132/daily-digest/article/D851-1,07/28/2021,,167,132,D851
"Daily Digest/House Committee Meetings; Congressional Record Vol. 167, No. 64",https://www.congress.gov/congressional-record/volume-167/issue-64/daily-digest/article/D346-1,04/14/2021,,167,64,D346
"Daily Digest/COMMITTEE MEETINGS FOR 2019-09-18; Congressional Record Vol. 165, No. 149",https://www.congress.gov/congressional-record/volume-165/issue-149/daily-digest/article/D1022-1,09/17/2019,,165,149,D1022
"ADDITIONAL COSPONSORS; Congressional Record Vol. 165, No. 28",https://www.congress.gov/congressional-record/volume-165/issue-28/senate-section/article/S1326-2,02/13/2019,,165,28,S1326
"ADDITIONAL COSPONSORS; Congressional Record Vol. 164, No. 66",https://www.congress.gov/congressional-record/volume-164/issue-66/senate-section/article/S2391-3,04/24/2018,,164,66,S2391
"PUBLIC BILLS AND RESOLUTIONS; Congressional Record Vol. 162, No. 162",https://www.congress.gov/congressional-record/volume-162/issue-162/house-section/article/H6178-1,11/14/2016,,162,162,H6178
"INTRODUCTION OF BILLS AND JOINT RESOLUTIONS; Congressional Record Vol. 161, No. 106",https://www.congress.gov/congressional-record/volume-161/issue-106/senate-section/article/S4952-3,07/09/2015,,161,106,S4952
"Text of Senate Amendment 2399; Congressional Record Vol. 159, No. 166",https://www.congress.gov/congressional-record/volume-159/issue-166/senate-section/article/S8394-2,11/20/2013,,159,166,S8394
"Transportation and Housing Appropriations (Executive Session); Congressional Record Vol. 159, No. 110",https://www.congress.gov/congressional-record/volume-159/issue-110/senate-section/article/S5997-1,07/29/2013,,159,110,S5997
"Text of Senate Amendment 1405; Congressional Record Vol. 159, No. 88",https://www.congress.gov/congressional-record/volume-159/issue-88/senate-section/article/S4708-4,06/19/2013,,159,88,S4708
"Daily Digest/House of Representatives; Congressional Record Vol. 156, No. 156",https://www.congress.gov/congressional-record/volume-156/issue-156/daily-digest/article/D1143-1,12/02/2010,,156,156,D1143
"TEN HONORED AT ANNUAL SENIOR HALL OF FAME BREAKFAST; Congressional Record Vol. 155, No. 73",https://www.congress.gov/congressional-record/volume-155/issue-73/extensions-of-remarks-section/article/E1143-4,05/13/2009,,155,73,E1143
"JUVENILE JUSTICE AND DELINQUENCY PREVENTION REAUTHORIZATION ACT; Congressional Record Vol. 154, No. 155",https://www.congress.gov/congressional-record/volume-154/issue-155/senate-section/article/S9993-1,09/27/2008,,154,155,S9993
"Daily Digest/House of Representatives; Congressional Record Vol. 154, No. 94",https://www.congress.gov/congressional-record/volume-154/issue-94/daily-digest/article/D707-1,06/09/2008,,154,94,D707
"HONORING 11 OUTSTANDING BROWARD COUNTY CITIZENS; Congressional Record Vol. 154, No. 80",https://www.congress.gov/congressional-record/volume-154/issue-80/extensions-of-remarks-section/article/E946-1,05/15/2008,,154,80,E946
"HUNGER AND NUTRITION; Congressional Record Vol. 153, No. 176",https://www.congress.gov/congressional-record/volume-153/issue-176/senate-section/article/S14422-3,11/14/2007,,153,176,S14422
"PUBLIC BILLS AND RESOLUTIONS; Congressional Record Vol. 153, No. 95",https://www.congress.gov/congressional-record/volume-153/issue-95/house-section/article/H6403-3,06/13/2007,,153,95,H6403
"HONORING FORMER CONGRESSMAN SONNY MONTGOMERY; Congressional Record Vol. 152, No. 62",https://www.congress.gov/congressional-record/volume-152/issue-62/house-section/article/H2878-5,05/18/2006,,152,62,H2878
"Daily Digest/House of Representatives; Congressional Record Vol. 151, No. 120",https://www.congress.gov/congressional-record/volume-151/issue-120/daily-digest/article/D956-1,09/22/2005,,151,120,D956
"WE MUST IMPROVE OUTCOMES FOR CHILDREN LEAVING FOSTER CARE; Congressional Record Vol. 151, No. 62",https://www.congress.gov/congressional-record/volume-151/issue-62/extensions-of-remarks-section/article/E953-2,05/12/2005,,151,62,E953
"THREATS TO AFFORDABLE HOUSING AND THE SECTION 8 VOUCHER PROGRAM; Congressional Record Vol. 150, No. 65",https://www.congress.gov/congressional-record/volume-150/issue-65/senate-section/article/S5222-1,05/11/2004,,150,65,S5222
"Daily Digest/House Committee Meetings; Congressional Record Vol. 149, No. 66",https://www.congress.gov/congressional-record/volume-149/issue-66/daily-digest/article/D452-1,05/06/2003,,149,66,D452
"THE MEASURE OF SUCCESS: CELEBRATING A LEGACY OF AFRICAN AMERICAN ACHIEVEMENT; Congressional Record Vol. 149, No. 30",https://www.congress.gov/congressional-record/volume-149/issue-30/senate-section/article/S2695-2,02/25/2003,,149,30,S2695
"Daily Digest/Highlights + Senate; Congressional Record Vol. 146, No. 126",https://www.congress.gov/congressional-record/volume-146/issue-126/daily-digest/article/D1062-1,10/11/2000,,146,126,D1062
"PUBLIC BILLS AND RESOLUTIONS; Congressional Record Vol. 146, No. 124",https://www.congress.gov/congressional-record/volume-146/issue-124/house-section/article/H9504-2,10/06/2000,,146,124,H9504
"Daily Digest/House Committee Meetings; Congressional Record Vol. 145, No. 41",https://www.congress.gov/congressional-record/volume-145/issue-41/daily-digest/article/D282-1,03/16/1999,,145,41,D282
"VETERANS HEALTH CARE ALLOCATION FAIRNESS ACT OF 1999, H.R. 24; Congressional Record Vol. 145, No. 2",https://www.congress.gov/congressional-record/volume-145/issue-2/extensions-of-remarks-section/article/E17-3,01/07/1999,,145,2,E17
"IN RECOGNITION OF THE FOOD BANK OF NEW JERSEY; Congressional Record Vol. 143, No. 128",https://www.congress.gov/congressional-record/volume-143/issue-128/extensions-of-remarks-section/article/E1828-3,09/23/1997,,143,128,E1828
"Daily Digest/House of Representatives; Congressional Record Vol. 143, No. 115",https://www.congress.gov/congressional-record/volume-143/issue-115/daily-digest/article/D899-1,09/04/1997,,143,115,D899
"MEMORIAL DAY 1996--ANOTHER VIEWPOINT; Congressional Record Vol. 142, No. 74",https://www.congress.gov/congressional-record/volume-142/issue-74/extensions-of-remarks-section/article/E893-2,05/23/1996,,142,74,E893
"THE SCHOOL LUNCH PROGRAM; Congressional Record Vol. 141, No. 36",https://www.congress.gov/congressional-record/volume-141/issue-36/senate-section/article/S3139-5,02/27/1995,,141,36,S3139
"Daily Digest/House of Representatives; Congressional Record Vol. 141, No. 18",https://www.congress.gov/congressional-record/volume-141/issue-18/daily-digest/article/D108-3,01/30/1995,,141,18,D108
"CELEBRATING THE LIFE AND LEGACY OF GREGORY CALHOUN; Congressional Record Vol. 164, No. 173",https://www.congress.gov/congressional-record/volume-164/issue-173/extensions-of-remarks-section/article/E1448-2,10/23/2018,,164,173,E1448
"WELCOMING HIS HOLINESS, POPE FRANCIS, TO THE UNITED STATES AND EMBRACING HIS MESSAGE OF HOPE, HEALING, AND RECONCILIATION; Congressional Record Vol. 161, No. 138",https://www.congress.gov/congressional-record/volume-161/issue-138/extensions-of-remarks-section/article/E1349-1,09/24/2015,,161,138,E1349
"EDUCATION; Congressional Record Vol. 161, No. 110",https://www.congress.gov/congressional-record/volume-161/issue-110/senate-section/article/S5124-1,07/15/2015,,161,110,S5124
"BOYS & GIRLS CLUBS; Congressional Record Vol. 156, No. 160",https://www.congress.gov/congressional-record/volume-156/issue-160/senate-section/article/S8596-3,12/07/2010,,156,160,S8596
"HONORING OLD FIRST CHURCH IN SPRINGFIELD, MASSACHUSETTS; Congressional Record Vol. 154, No. 43",https://www.congress.gov/congressional-record/volume-154/issue-43/extensions-of-remarks-section/article/E385-3,03/13/2008,,154,43,E385
"RECOGNITION OF CORPORATE RESPONSIBILITY; Congressional Record Vol. 146, No. 132",https://www.congress.gov/congressional-record/volume-146/issue-132/extensions-of-remarks-section/article/E1872-1,10/19/2000,,146,132,E1872
"VETERAN'S I.D. CARD ACT; Congressional Record Vol. 161, No. 76",https://www.congress.gov/congressional-record/volume-161/issue-76/house-section/article/H3263-1,05/18/2015,,161,76,H3263
"Introductory Statement on S. 2305; Congressional Record Vol. 152, No. 20",https://www.congress.gov/congressional-record/volume-152/issue-20/senate-section/article/S1424-2,02/16/2006,,152,20,S1424
"EXPRESSING SYMPATHY FOR VICTIMS OF DEVASTATING EARTHQUAKE IN TAIWAN; Congressional Record Vol. 145, No. 128",https://www.congress.gov/congressional-record/volume-145/issue-128/house-section/article/H8887-1,09/28/1999,,145,128,H8887
,https://www.congress.gov/bound-congressional-record/1985/07/23/131/senate-section/article/19939-19986,07/23/1985,,131,,19939-19986
"CONFERENCE REPORT ON H.R. 2116, VETERANS MILLENNIUM HEALTH CARE AND BENEFITS ACT; Congressional Record Vol. 145, No. 162",https://www.congress.gov/congressional-record/volume-145/issue-162/house-section/article/H12046-1,11/16/1999,,145,162,H12046
"PARTICIPATING IN THE LEGISLATIVE PROCESS; Congressional Record Vol. 154, No. 119",https://www.congress.gov/congressional-record/volume-154/issue-119/senate-section/article/S6949-1,07/21/2008,,154,119,S6949
"DEPARTMENTS OF VETERANS AFFAIRS AND HOUSING AND URBAN DEVELOPMENT, AND INDEPENDENT AGENCIES APPROPRIATIONS ACT, 2000; Congressional Record Vol. 145, No. 124",https://www.congress.gov/congressional-record/volume-145/issue-124/senate-section/article/S11201-1,09/22/1999,,145,124,S11201
,https://www.congress.gov/bound-congressional-record/1991/07/09/137/extensions-of-remarks-section/article/17467-17488,07/09/1991,,137,,17467-17488
"Introductory Statement on S. 1211; Congressional Record Vol. 171, No. 57",https://www.congress.gov/congressional-record/volume-171/issue-57/senate-section/article/S1926-3,03/31/2025,,171,57,S1926
"Text of Senate Amendment 1543; Congressional Record Vol. 170, No. 24",https://www.congress.gov/congressional-record/volume-170/issue-24/senate-section/article/S724-2,02/09/2024,,170,24,S724
"STATEMENTS ON INTRODUCED BILLS AND JOINT RESOLUTIONS; Congressional Record Vol. 169, No. 16",https://www.congress.gov/congressional-record/volume-169/issue-16/senate-section/article/S99-3,01/25/2023,,169,16,S99
"STATEMENTS ON INTRODUCED BILLS AND JOINT RESOLUTION; Congressional Record Vol. 167, No. 81",https://www.congress.gov/congressional-record/volume-167/issue-81/senate-section/article/S2453-1,05/11/2021,,167,81,S2453
"STATEMENTS ON INTRODUCED BILLS AND JOINT RESOLUTIONS; Congressional Record Vol. 166, No. 138",https://www.congress.gov/congressional-record/volume-166/issue-138/senate-section/article/S4731-1,08/04/2020,,166,138,S4731
"Text of Senate Amendment 2281; Congressional Record Vol. 166, No. 119",https://www.congress.gov/congressional-record/volume-166/issue-119/senate-section/article/S3724-4,06/29/2020,,166,119,S3724
"INSULAR AREAS AND FREELY ASSOCIATED STATES ENERGY DEVELOPMENT-- Continued; Congressional Record Vol. 160, No. 153",https://www.congress.gov/congressional-record/volume-160/issue-153/senate-section/article/S6809-8,12/13/2014,,160,153,S6809
"COMMEMORATING THE ANNIVERSARY OF THE FAIR HOUSING ACT; Congressional Record Vol. 154, No. 59",https://www.congress.gov/congressional-record/volume-154/issue-59/house-section/article/H2280-1,04/15/2008,,154,59,H2280
"EXPRESSING SUPPORT FOR HUMANITARIAN ASSISTANCE TO REPUBLIC OF MOZAMBIQUE; Congressional Record Vol. 146, No. 28",https://www.congress.gov/congressional-record/volume-146/issue-28/house-section/article/H946-1,03/14/2000,,146,28,H946
"THE MINIMUM WAGE; Congressional Record Vol. 142, No. 43",https://www.congress.gov/congressional-record/volume-142/issue-43/senate-section/article/S2849-3,03/26/1996,,142,43,S2849
,https://www.congress.gov/bound-congressional-record/1987/10/13/133/extensions-of-remarks-section/article/27720-27746,10/13/1987,,133,,27720-27746
"CONGRESSIONAL PROGRESSIVE CAUCUS: THE PEOPLE'S BUDGET; Congressional Record Vol. 161, No. 46",https://www.congress.gov/congressional-record/volume-161/issue-46/house-section/article/H1750-2,03/18/2015,,161,46,H1750
,https://www.congress.gov/bound-congressional-record/1983/11/15/129/extensions-of-remarks-section/article/32769-32831,11/15/1983,,129,,32769-32831
"CAREGIVERS AND VETERANS OMNIBUS HEALTH SERVICES ACT; Congressional Record Vol. 156, No. 58",https://www.congress.gov/congressional-record/volume-156/issue-58/senate-section/article/S2566-1,04/22/2010,,156,58,S2566
,https://www.congress.gov/bound-congressional-record/1990/07/23/136/extensions-of-remarks-section/article/18808-18817,07/23/1990,,136,,18808-18817
"DEPARTMENT OF VETERANS AFFAIRS AND HOUSING AND URBAN DEVELOPMENT, AND INDEPENDENT AGENCIES APPROPRIATIONS ACT, 2001; Congressional Record Vol. 146, No. 78",https://www.congress.gov/congressional-record/volume-146/issue-78/house-section/article/H4724-4,06/20/2000,,146,78,H4724
,https://www.congress.gov/bound-congressional-record/1990/09/06/136/daily-digest/article/569-570,09/06/1990,,136,,569-570
